geometry_name,source_scenario_id,replicate_index,scenario_seed,altitude_km,inclination_deg,initial_true_anomaly_deg,time_sync_error_s,natural_visible_satellites_min,natural_visible_satellites_mean,strong_detection_rate,strong_isolation_rate,low_detection_rate,false_alarm_rate,attitude_rmse_deg,permissive_mission_rmse,permissive_mission_max,permissive_final_error,permissive_final_sigma,permissive_strong_fault_rmse,permissive_gnss_outage_rmse,permissive_star_tracker_outage_rmse,permissive_low_redundancy_rmse,permissive_post_low_rmse,permissive_dual_outage_rmse,permissive_post_dual_rmse,permissive_nis_mean,permissive_nis_coverage,permissive_updates,protected_mission_rmse,protected_mission_max,protected_final_error,protected_final_sigma,protected_strong_fault_rmse,protected_gnss_outage_rmse,protected_star_tracker_outage_rmse,protected_low_redundancy_rmse,protected_post_low_rmse,protected_dual_outage_rmse,protected_post_dual_rmse,protected_nis_mean,protected_nis_coverage,protected_updates,gain_mission_rmse_m,gain_low_rmse_m,gain_dual_rmse_m
BEST_MEAN_PDOP,AURORA17_088,0,170200,700.0,60.0,240.0,0.0,12,14.543939393939393,100.0,100.0,100.0,0.6666666666666667,0.036046435071874654,0.5565655780563002,1.9123650724818624,0.2605942704527282,0.28050862886701755,0.5303371226060161,0.9693577831882045,0.32133120230824314,0.20076882404601287,0.437203199570884,0.2815936273302396,0.2700551639470939,3.1094935171816904,94.99241274658573,659,0.5565655780563002,1.9123650724818624,0.2605942704527282,0.28050862886701755,0.5303371226060161,0.9693577831882045,0.32133120230824314,0.20076882404601287,0.437203199570884,0.2815936273302396,0.2700551639470939,3.1094935171816904,94.99241274658573,659,0.0,0.0,0.0
MEDIAN_PDOP,AURORA17_056,0,170200,550.0,75.0,120.0,0.0,12,13.766666666666667,100.0,100.0,100.0,1.0,0.03605122060767165,0.5628246228698922,2.359599001295986,0.38062757945315795,0.29280303149041126,0.9544154254330247,0.6814334208532763,0.4276437863809972,0.24923933913900972,0.24069508005132823,0.48448941776026716,0.37068216004844573,3.0793569857056604,94.6969696969697,660,0.5628246228698922,2.359599001295986,0.38062757945315795,0.29280303149041126,0.9544154254330247,0.6814334208532763,0.4276437863809972,0.24923933913900972,0.24069508005132823,0.48448941776026716,0.37068216004844573,3.0793569857056604,94.6969696969697,660,0.0,0.0,0.0
REFERENCE_AURORA,ORIGINAL_REFERENCE,0,170200,550.0,97.6,25.0,0.0,12,13.98030303030303,100.0,100.0,23.333333333333332,0.6666666666666667,0.03605955370013328,3.075620336245701,13.813256636525809,0.6315532520232668,0.28768270007786456,0.6297473966624298,0.7714232894086842,0.41331581792843713,8.727631960600272,5.883785543227078,3.2195801604279386,1.764717959376846,15.49778375286586,84.27762039660055,706,0.4964422611123737,1.2044689638781938,0.15125786296891974,0.2879365328130275,0.6297473966624298,0.7714232894086842,0.41331581792843713,0.46635856226394906,0.26786571282566035,0.1761421341832054,0.18298403844916072,2.886760849461775,95.3030303030303,660,2.5791780751333273,8.261273398336323,3.043438026244733
WORST_PDOP_P95,AURORA17_004,0,170200,400.0,0.0,240.0,0.0,12,13.206060606060607,100.0,100.0,100.0,1.1666666666666667,0.03600537274723668,0.7600246656355578,2.4599611180764493,0.7053277033967197,0.28920137420636755,0.5963391801438472,1.5578873885459552,0.7019394970676879,0.23376789640264925,0.27340326286864897,0.4458247129549256,0.7297727029034292,2.9310008120059807,95.44072948328267,658,0.7600246656355578,2.4599611180764493,0.7053277033967197,0.28920137420636755,0.5963391801438472,1.5578873885459552,0.7019394970676879,0.23376789640264925,0.27340326286864897,0.4458247129549256,0.7297727029034292,2.9310008120059807,95.44072948328267,658,0.0,0.0,0.0
BEST_MEAN_PDOP,AURORA17_088,1,170201,700.0,60.0,240.0,0.0,12,14.543939393939393,100.0,100.0,100.0,0.5,0.038787055005029075,0.6837718186291065,2.0820189023146973,0.10944715188795892,0.28043323676413007,1.686545806242385,0.9646695555521382,0.19035240965835004,0.3267729323128707,0.37794887565132895,0.5185675410726269,0.46109898692252,3.015789562011247,95.45454545454545,660,0.6837718186291065,2.0820189023146973,0.10944715188795892,0.28043323676413007,1.686545806242385,0.9646695555521382,0.19035240965835004,0.3267729323128707,0.37794887565132895,0.5185675410726269,0.46109898692252,3.015789562011247,95.45454545454545,660,0.0,0.0,0.0
MEDIAN_PDOP,AURORA17_056,1,170201,550.0,75.0,120.0,0.0,12,13.766666666666667,100.0,100.0,100.0,1.6666666666666667,0.038782147692676336,0.5209847796874871,1.3427615074144934,0.17438582776244874,0.29275284048410727,0.7632131135329396,0.30143683324910797,0.23746305999609696,0.9711839418904376,0.4671766135069017,0.47132255893910374,0.24714856685750056,3.1787423091586002,94.0909090909091,660,0.5209847796874871,1.3427615074144934,0.17438582776244874,0.29275284048410727,0.7632131135329396,0.30143683324910797,0.23746305999609696,0.9711839418904376,0.4671766135069017,0.47132255893910374,0.24714856685750056,3.1787423091586002,94.0909090909091,660,0.0,0.0,0.0
REFERENCE_AURORA,ORIGINAL_REFERENCE,1,170201,550.0,97.6,25.0,0.0,12,13.98030303030303,100.0,100.0,21.666666666666668,1.0,0.03878463421005526,3.2889053210444015,14.875751974282407,0.9403499861882553,0.2875512875938524,0.47619409886557773,1.0560521185131566,0.3896791723321988,9.439783221976349,6.455217797008316,3.069804870652905,1.7629867643751165,16.161592730227223,82.57790368271955,706,0.6265557697367203,1.7973569617755523,0.2898893132272122,0.2878058790250812,0.47619409886557773,1.0560521185131566,0.3896791723321988,0.3569319613470235,0.6849143740105998,0.840266114375466,0.547667485032552,3.0390344407269065,94.53717754172989,659,2.662349551307681,9.082851260629326,2.2295387562774387
WORST_PDOP_P95,AURORA17_004,1,170201,400.0,0.0,240.0,0.0,12,13.206060606060607,100.0,100.0,100.0,0.5,0.03878786258540232,0.5614231205407639,1.9111694773058352,0.12781342618997552,0.2889205008751469,1.147876146831631,0.5541379838378891,0.27443306592198896,0.3836441474121585,0.2885677967265428,0.4177136946073673,0.24122496444058078,3.0136532989594715,95.59939301972686,659,0.5614231205407639,1.9111694773058352,0.12781342618997552,0.2889205008751469,1.147876146831631,0.5541379838378891,0.27443306592198896,0.3836441474121585,0.2885677967265428,0.4177136946073673,0.24122496444058078,3.0136532989594715,95.59939301972686,659,0.0,0.0,0.0
BEST_MEAN_PDOP,AURORA17_088,2,170202,700.0,60.0,240.0,0.0,12,14.543939393939393,100.0,100.0,100.0,0.8333333333333334,0.04379038663946524,0.5418142886890494,1.6882878567088038,0.24226380558979305,0.2804323082129704,0.7323797319974397,1.075452327764992,0.4473677749914918,0.10370161193794195,0.21390141221979977,0.3755913105378647,0.3092220297622401,3.0395486977468487,94.68892261001517,659,0.5418142886890494,1.6882878567088038,0.24226380558979305,0.2804323082129704,0.7323797319974397,1.075452327764992,0.4473677749914918,0.10370161193794195,0.21390141221979977,0.3755913105378647,0.3092220297622401,3.0395486977468487,94.68892261001517,659,0.0,0.0,0.0
MEDIAN_PDOP,AURORA17_056,2,170202,550.0,75.0,120.0,0.0,12,13.766666666666667,100.0,100.0,100.0,2.0,0.04377590605145435,0.7266738055293807,3.1592235166035296,0.1371077513398758,0.29285782921402564,0.9760464941355689,1.862457033510001,0.14853948266632164,0.27197777183470656,0.30632543726002415,0.15465470450012733,0.22620394398781027,2.9322363116689765,95.2887537993921,658,0.7266738055293807,3.1592235166035296,0.1371077513398758,0.29285782921402564,0.9760464941355689,1.862457033510001,0.14853948266632164,0.27197777183470656,0.30632543726002415,0.15465470450012733,0.22620394398781027,2.9322363116689765,95.2887537993921,658,0.0,0.0,0.0
REFERENCE_AURORA,ORIGINAL_REFERENCE,2,170202,550.0,97.6,25.0,0.0,12,13.98030303030303,100.0,100.0,26.666666666666668,1.1666666666666667,0.04378082002499731,3.1042048035108607,13.94311311002786,0.7601846823066286,0.287554473504509,0.52570203671108,2.503657091233505,0.30075964671465705,8.45048681464581,5.930157867537588,3.018447173521115,1.6048270097745938,15.192900659445046,82.62108262108262,702,0.9509707648599256,3.8988139100021084,0.15111349858241435,0.28781442403323804,0.52570203671108,2.503657091233505,0.30075964671465705,0.3831514807903257,0.38037286259479774,0.26731630277287527,0.2694902803989498,3.0114553388954763,95.13677811550151,658,2.153234038650935,8.067335333855484,2.7511308707482396
WORST_PDOP_P95,AURORA17_004,2,170202,400.0,0.0,240.0,0.0,12,13.206060606060607,100.0,100.0,100.0,1.6666666666666667,0.04377364797438246,0.6204817477103411,1.5813034820093756,0.14183737865592908,0.2889007077414034,1.1426129619216374,0.7772516104169396,0.3269618692361302,0.4977718962974986,0.36174146240154326,0.624221552849962,0.5015271538074375,2.9402747924973966,95.0,660,0.6204817477103411,1.5813034820093756,0.14183737865592908,0.2889007077414034,1.1426129619216374,0.7772516104169396,0.3269618692361302,0.4977718962974986,0.36174146240154326,0.624221552849962,0.5015271538074375,2.9402747924973966,95.0,660,0.0,0.0,0.0
BEST_MEAN_PDOP,AURORA17_088,3,170203,700.0,60.0,240.0,0.0,12,14.543939393939393,100.0,100.0,100.0,1.0,0.03903713265157746,0.5789118669879861,2.276661045707571,0.11883104859896146,0.28057469168341187,0.5435880975148331,1.3976046968714873,0.24891695116265142,0.2844201467288233,0.29368826572604334,0.09509939838223601,0.3336177653663678,2.9852680103240457,94.84848484848484,660,0.5789118669879861,2.276661045707571,0.11883104859896146,0.28057469168341187,0.5435880975148331,1.3976046968714873,0.24891695116265142,0.2844201467288233,0.29368826572604334,0.09509939838223601,0.3336177653663678,2.9852680103240457,94.84848484848484,660,0.0,0.0,0.0
MEDIAN_PDOP,AURORA17_056,3,170203,550.0,75.0,120.0,0.0,12,13.766666666666667,100.0,100.0,100.0,0.8333333333333334,0.03904676132880366,0.5061064482112533,1.7367689462788758,0.31165660241510174,0.2927865882822049,0.5375739440218508,1.0524082366719192,0.32506199842914957,0.1275997044150953,0.21254684396207021,0.4962798725267973,0.3464715685572617,3.002855752312794,95.15151515151516,660,0.5061064482112533,1.7367689462788758,0.31165660241510174,0.2927865882822049,0.5375739440218508,1.0524082366719192,0.32506199842914957,0.1275997044150953,0.21254684396207021,0.4962798725267973,0.3464715685572617,3.002855752312794,95.15151515151516,660,0.0,0.0,0.0
REFERENCE_AURORA,ORIGINAL_REFERENCE,3,170203,550.0,97.6,25.0,0.0,12,13.98030303030303,100.0,100.0,26.666666666666668,0.8333333333333334,0.03907568585098569,3.1587768337339828,14.510883338820856,0.689041640924695,0.28769953566327894,0.43039331060701486,1.3165877511972892,0.5173475493804117,9.005475326873128,5.992595659447826,3.1627057704217556,1.801225845899878,15.711667708078728,83.23863636363636,704,0.5830181690006476,2.2368786809901637,0.10737333691934153,0.28794660567084757,0.43039331060701486,1.3165877511972892,0.5173475493804117,0.15194393721670119,0.2982437722413788,0.18642260296449,0.2348771718838287,3.0385806160811897,94.84848484848484,660,2.575758664733335,8.853531389656426,2.9762831674572654
WORST_PDOP_P95,AURORA17_004,3,170203,400.0,0.0,240.0,0.0,12,13.206060606060607,100.0,100.0,100.0,0.33333333333333337,0.03894364116674943,0.6398539119781961,2.1399885011070054,0.07177557781460703,0.28896643530638,1.146932429362687,0.621774987910184,0.28000749307496153,0.4042307298112388,0.42474928731076794,0.5088250997366462,0.2774548994311045,3.0796253317085727,94.54545454545455,660,0.6398539119781961,2.1399885011070054,0.07177557781460703,0.28896643530638,1.146932429362687,0.621774987910184,0.28000749307496153,0.4042307298112388,0.42474928731076794,0.5088250997366462,0.2774548994311045,3.0796253317085727,94.54545454545455,660,0.0,0.0,0.0
BEST_MEAN_PDOP,AURORA17_088,4,170204,700.0,60.0,240.0,0.0,12,14.543939393939393,100.0,100.0,100.0,0.5,0.03829883511719337,0.5222755102053578,1.3713906125888704,0.3055663337901887,0.28048343043738194,0.7093447765139734,0.855782690565993,0.6957652845139165,0.1376758502753762,0.12241577220707175,0.2010936447507627,0.27378349768631943,2.988072891589728,94.54545454545455,660,0.5222755102053578,1.3713906125888704,0.3055663337901887,0.28048343043738194,0.7093447765139734,0.855782690565993,0.6957652845139165,0.1376758502753762,0.12241577220707175,0.2010936447507627,0.27378349768631943,2.988072891589728,94.54545454545455,660,0.0,0.0,0.0
MEDIAN_PDOP,AURORA17_056,4,170204,550.0,75.0,120.0,0.0,12,13.766666666666667,100.0,100.0,98.33333333333333,1.6666666666666667,0.03825054053469089,0.6825079273844679,2.5829845907403386,0.142665169067462,0.2929836155960019,0.7878505788510012,1.099127270890689,0.19935371538541224,0.37708183102521725,0.6236559555991072,0.7182976892916547,0.4268389414063719,3.4206547878318383,94.98480243161094,658,0.6883658583333316,2.5829845907403386,0.13289444961661498,0.292990479874396,0.7878505788510012,1.099127270890689,0.19935371538541224,0.32808104138427885,0.6290710885072487,0.7735259305350227,0.4457143306772173,3.089895425074305,94.97716894977168,657,-0.0058579309488637765,0.0490007896409384,-0.055228241243368004
REFERENCE_AURORA,ORIGINAL_REFERENCE,4,170204,550.0,97.6,25.0,0.0,12,13.98030303030303,100.0,100.0,30.0,1.1666666666666667,0.03826008147601769,3.0641614359724163,13.957497332430263,0.7816890047699298,0.2876303168244528,0.6822213473577992,1.69810335127393,0.3606203519952006,8.589163319010224,5.964264569940307,2.8595280246102712,1.7483096254445274,15.160858012878636,84.04558404558404,702,0.7591458235939226,2.5199873712921055,0.20813198975150737,0.2878856525660839,0.6822213473577992,1.69810335127393,0.3606203519952006,0.30916917480787764,0.45585283000488913,0.7320380149982371,0.2908629943388169,3.2465389287888358,93.63636363636364,660,2.3050156123784937,8.279994144202346,2.127490009612034
WORST_PDOP_P95,AURORA17_004,4,170204,400.0,0.0,240.0,0.0,12,13.206060606060607,100.0,100.0,100.0,0.6666666666666667,0.03826261832136706,0.7406392631667392,2.5729392101097184,0.14210502717659376,0.28934763568898475,1.050237760640392,1.4257615532839758,0.41052005340202224,0.17853231895309535,0.21113490612476937,0.4023667844831339,0.24903689526479578,2.8323909653567756,93.9117199391172,657,0.7406392631667392,2.5729392101097184,0.14210502717659376,0.28934763568898475,1.050237760640392,1.4257615532839758,0.41052005340202224,0.17853231895309535,0.21113490612476937,0.4023667844831339,0.24903689526479578,2.8323909653567756,93.9117199391172,657,0.0,0.0,0.0
BEST_MEAN_PDOP,AURORA17_088,5,170205,700.0,60.0,240.0,0.0,12,14.543939393939393,100.0,100.0,100.0,1.1666666666666667,0.041292239720276236,0.9652273696371368,4.055026443542781,0.24046330213934924,0.28051139998576324,0.5242174834504203,2.4439296709422544,0.4760614249706514,0.7361857819446028,0.3901711709603622,0.30515802972145567,0.3560369096942521,2.892168089439213,95.90288315629742,659,0.9652273696371368,4.055026443542781,0.24046330213934924,0.28051139998576324,0.5242174834504203,2.4439296709422544,0.4760614249706514,0.7361857819446028,0.3901711709603622,0.30515802972145567,0.3560369096942521,2.892168089439213,95.90288315629742,659,0.0,0.0,0.0
MEDIAN_PDOP,AURORA17_056,5,170205,550.0,75.0,120.0,0.0,12,13.766666666666667,100.0,100.0,100.0,1.0,0.0412776109676548,0.5281206336604933,1.919916235477025,0.2969883369161737,0.29290736044998994,0.6663214133407704,0.8018231641123738,0.4958253820371318,0.5152902001937857,0.20674278052728345,0.18754708565723052,0.2478546773534219,2.898438854508428,95.0,660,0.5281206336604933,1.919916235477025,0.2969883369161737,0.29290736044998994,0.6663214133407704,0.8018231641123738,0.4958253820371318,0.5152902001937857,0.20674278052728345,0.18754708565723052,0.2478546773534219,2.898438854508428,95.0,660,0.0,0.0,0.0
REFERENCE_AURORA,ORIGINAL_REFERENCE,5,170205,550.0,97.6,25.0,0.0,12,13.98030303030303,100.0,100.0,31.666666666666664,1.5,0.04127622991152133,2.885112588507881,13.230020635450122,0.5870741775252079,0.2877079003662521,0.4573246645619134,0.8213063566728848,0.5446664469928718,8.164830865891513,5.48399051247462,3.0195347791401104,1.7157385001345515,14.236558950786174,84.73609129814551,701,0.49065580239480094,1.6538478067301259,0.12752917437260308,0.28793699729669353,0.4573246645619134,0.8213063566728848,0.5446664469928718,0.0897386061177188,0.1049086352934952,0.13142326163733783,0.25147646939335006,2.971080375402782,95.75757575757575,660,2.39445678611308,8.075092259773795,2.8881115175027725
WORST_PDOP_P95,AURORA17_004,5,170205,400.0,0.0,240.0,0.0,12,13.206060606060607,100.0,100.0,100.0,1.0,0.04126357865253647,0.8071786875989397,2.2150546176509955,0.229232090421499,0.28898771029362474,0.6552099697060583,1.08946567754575,0.22347988410707476,0.9627501542595457,0.7384024253786169,0.7080408833642087,0.31571249614145697,3.0595847611459894,95.0,660,0.8071786875989397,2.2150546176509955,0.229232090421499,0.28898771029362474,0.6552099697060583,1.08946567754575,0.22347988410707476,0.9627501542595457,0.7384024253786169,0.7080408833642087,0.31571249614145697,3.0595847611459894,95.0,660,0.0,0.0,0.0
BEST_MEAN_PDOP,AURORA17_088,6,170206,700.0,60.0,240.0,0.0,12,14.543939393939393,100.0,100.0,100.0,1.0,0.036910966756543095,0.46922297182989314,1.5320114625609873,0.4226163171741019,0.2806615599417032,0.6034073906025783,0.932475106626994,0.4168595143887052,0.28414390280301843,0.2766294361487487,0.3511938652583134,0.3117632226284665,3.089694679133593,95.44072948328267,658,0.46922297182989314,1.5320114625609873,0.4226163171741019,0.2806615599417032,0.6034073906025783,0.932475106626994,0.4168595143887052,0.28414390280301843,0.2766294361487487,0.3511938652583134,0.3117632226284665,3.089694679133593,95.44072948328267,658,0.0,0.0,0.0
MEDIAN_PDOP,AURORA17_056,6,170206,550.0,75.0,120.0,0.0,12,13.766666666666667,100.0,100.0,100.0,1.1666666666666667,0.03689595431009803,0.48344519094042576,1.545938206232125,0.18848083027957122,0.2928461114121131,0.9617446838244345,0.42586333825294526,0.4770055856787687,0.29564539588328753,0.1494663641287395,0.19960289654527905,0.31464327633566536,3.1619770422368925,93.77845220030349,659,0.48344519094042576,1.545938206232125,0.18848083027957122,0.2928461114121131,0.9617446838244345,0.42586333825294526,0.4770055856787687,0.29564539588328753,0.1494663641287395,0.19960289654527905,0.31464327633566536,3.1619770422368925,93.77845220030349,659,0.0,0.0,0.0
REFERENCE_AURORA,ORIGINAL_REFERENCE,6,170206,550.0,97.6,25.0,0.0,12,13.98030303030303,100.0,100.0,23.333333333333332,0.6666666666666667,0.036908865320824574,3.3859604622226627,15.163702243588173,1.0604230688703629,0.2903895082971192,0.48336830822873184,0.910083564110556,0.5368926264451193,9.54022243038893,6.595555676059295,3.5301819413137494,2.011552532054485,15.975990760890914,84.51704545454545,704,0.5323102242432697,1.5833316387725656,0.3182632791813173,0.2906494927353642,0.48336830822873184,0.910083564110556,0.5368926264451193,0.44181762469438546,0.5092641424021521,0.20940043384384416,0.2775878248189371,2.9484842082506004,95.74468085106383,658,2.853650237979393,9.098404805694544,3.3207815074699054
WORST_PDOP_P95,AURORA17_004,6,170206,400.0,0.0,240.0,0.0,12,13.206060606060607,100.0,100.0,100.0,1.1666666666666667,0.036860614175728314,0.556515174794612,1.754107140348953,0.12288109339142816,0.2889527819100445,0.7028493123629158,1.0793912073307852,0.2558484887861015,0.27327883174285444,0.3648290756248888,0.2848771734974086,0.33667578774412027,2.7389421468614725,95.73820395738204,657,0.556515174794612,1.754107140348953,0.12288109339142816,0.2889527819100445,0.7028493123629158,1.0793912073307852,0.2558484887861015,0.27327883174285444,0.3648290756248888,0.2848771734974086,0.33667578774412027,2.7389421468614725,95.73820395738204,657,0.0,0.0,0.0
BEST_MEAN_PDOP,AURORA17_088,7,170207,700.0,60.0,240.0,0.0,12,14.543939393939393,100.0,100.0,100.0,0.6666666666666667,0.02859576869869962,0.7647971949071525,3.061743790308249,0.1539926917897068,0.2806319261318854,0.6137475577487244,1.9675089317893262,0.5461222655202865,0.35717160519474855,0.18406246556271505,0.13421262560699207,0.2513083514154004,3.1477053943232574,95.0,660,0.7647971949071525,3.061743790308249,0.1539926917897068,0.2806319261318854,0.6137475577487244,1.9675089317893262,0.5461222655202865,0.35717160519474855,0.18406246556271505,0.13421262560699207,0.2513083514154004,3.1477053943232574,95.0,660,0.0,0.0,0.0
MEDIAN_PDOP,AURORA17_056,7,170207,550.0,75.0,120.0,0.0,12,13.766666666666667,100.0,100.0,100.0,0.16666666666666669,0.028604405842491056,0.4865246109192106,1.9106161074946897,0.6104423463107507,0.2927696510873912,0.46729310793783724,0.43392382998358825,0.2770571188358245,0.586521905865762,0.37475468250342714,0.4150512147297334,0.49690802380074334,2.9561762301654615,95.0,660,0.4865246109192106,1.9106161074946897,0.6104423463107507,0.2927696510873912,0.46729310793783724,0.43392382998358825,0.2770571188358245,0.586521905865762,0.37475468250342714,0.4150512147297334,0.49690802380074334,2.9561762301654615,95.0,660,0.0,0.0,0.0
REFERENCE_AURORA,ORIGINAL_REFERENCE,7,170207,550.0,97.6,25.0,0.0,12,13.98030303030303,100.0,100.0,33.33333333333333,1.1666666666666667,0.028610685157536012,2.7965373623436163,13.24741808133484,0.5046525610150167,0.28763404088883265,0.9159491890180016,0.4315126895348538,0.568177724979523,8.064482090218311,5.430411330434642,2.4980707052183018,1.4782301435752276,14.18239007205663,85.0,700,0.5648228908889531,1.4012660683845821,0.2280000870027035,0.28786561172811886,0.9159491890180016,0.4315126895348538,0.568177724979523,0.4931691194971158,0.4916538004088775,0.5171701003366258,0.26951053974379496,2.807732085808182,95.9090909090909,660,2.231714471454663,7.571312970721195,1.980900604881676
WORST_PDOP_P95,AURORA17_004,7,170207,400.0,0.0,240.0,0.0,12,13.206060606060607,100.0,100.0,100.0,0.6666666666666667,0.028587385129872564,0.6165952144389096,2.0755780074893058,0.4097233502710441,0.2894218181981353,0.5658135368778181,1.319188121929172,0.5809027123060155,0.13582933122685553,0.3121758039578076,0.2912928213779306,0.5906053416590734,3.015980350766034,93.78787878787878,660,0.6165952144389096,2.0755780074893058,0.4097233502710441,0.2894218181981353,0.5658135368778181,1.319188121929172,0.5809027123060155,0.13582933122685553,0.3121758039578076,0.2912928213779306,0.5906053416590734,3.015980350766034,93.78787878787878,660,0.0,0.0,0.0
BEST_MEAN_PDOP,AURORA17_088,8,170208,700.0,60.0,240.0,0.0,12,14.543939393939393,100.0,100.0,100.0,0.5,0.03397971959591917,0.4721613067645139,1.6467551296703034,0.21036932994985252,0.28045048801360656,0.6125196601224017,0.504842841826427,0.2519110823463657,0.21768542666713814,0.2909852448796121,0.6801640586370669,0.6279585194351855,2.781891998298184,95.3030303030303,660,0.4721613067645139,1.6467551296703034,0.21036932994985252,0.28045048801360656,0.6125196601224017,0.504842841826427,0.2519110823463657,0.21768542666713814,0.2909852448796121,0.6801640586370669,0.6279585194351855,2.781891998298184,95.3030303030303,660,0.0,0.0,0.0
MEDIAN_PDOP,AURORA17_056,8,170208,550.0,75.0,120.0,0.0,12,13.766666666666667,100.0,100.0,100.0,0.8333333333333334,0.03396279347988066,0.5669578153644611,2.0258287124244903,0.09547912222703374,0.2927906298327347,0.37530933429479085,1.2554748014187462,0.34206837285417463,0.457938083369971,0.3867474555358254,0.5288342516740855,0.23586808498158898,2.797635253798242,96.96969696969697,660,0.5669578153644611,2.0258287124244903,0.09547912222703374,0.2927906298327347,0.37530933429479085,1.2554748014187462,0.34206837285417463,0.457938083369971,0.3867474555358254,0.5288342516740855,0.23586808498158898,2.797635253798242,96.96969696969697,660,0.0,0.0,0.0
REFERENCE_AURORA,ORIGINAL_REFERENCE,8,170208,550.0,97.6,25.0,0.0,12,13.98030303030303,100.0,100.0,35.0,0.8333333333333334,0.033969470980057655,2.8471492927223188,13.060871213554474,0.9680612719700686,0.2876645531060876,0.4372071477778301,0.8019721588889847,0.36396649470837633,7.8534362267125655,5.353615603072852,3.451024050925383,1.685214255965929,13.966710870559083,85.24355300859598,698,0.4950053825855772,1.3791090926771135,0.31498036011695596,0.287894798683821,0.4372071477778301,0.8019721588889847,0.36396649470837633,0.18827371323261058,0.3867611241302363,0.675760902626627,0.17477968612901917,2.845729644673977,95.44764795144158,659,2.3521439101367414,7.665162513479955,2.7752631482987558
WORST_PDOP_P95,AURORA17_004,8,170208,400.0,0.0,240.0,0.0,12,13.206060606060607,100.0,100.0,100.0,0.8333333333333334,0.03395415659491509,0.8177630291206642,2.2898995833479665,0.19319027998670069,0.28894188183613273,1.3792447970667987,1.123698552473075,0.4585122843722461,0.35866183919267947,0.2791686841174901,0.8047522832645981,0.367983022709329,3.015935467959024,96.21212121212122,660,0.8177630291206642,2.2898995833479665,0.19319027998670069,0.28894188183613273,1.3792447970667987,1.123698552473075,0.4585122843722461,0.35866183919267947,0.2791686841174901,0.8047522832645981,0.367983022709329,3.015935467959024,96.21212121212122,660,0.0,0.0,0.0
BEST_MEAN_PDOP,AURORA17_088,9,170209,700.0,60.0,240.0,0.0,12,14.543939393939393,100.0,100.0,100.0,0.8333333333333334,0.03240628459391759,0.5198769349589458,1.414944657737948,0.20130741753021766,0.28057745534617295,0.6807970329697496,0.8043181580463266,0.4443523469333697,0.5438427427571896,0.1697443696276263,0.1593438677809103,0.27907439995124705,2.9110740303883595,94.54545454545455,660,0.5198769349589458,1.414944657737948,0.20130741753021766,0.28057745534617295,0.6807970329697496,0.8043181580463266,0.4443523469333697,0.5438427427571896,0.1697443696276263,0.1593438677809103,0.27907439995124705,2.9110740303883595,94.54545454545455,660,0.0,0.0,0.0
MEDIAN_PDOP,AURORA17_056,9,170209,550.0,75.0,120.0,0.0,12,13.766666666666667,100.0,100.0,100.0,1.3333333333333335,0.032394246320997584,0.5251136669029208,2.2260193146861833,0.20260068204430368,0.2929534026652177,0.6062839571904018,0.8154284789518099,0.5934945476457305,0.387997053054579,0.5580030478461829,0.1854632368530299,0.2358207621050051,3.0642233843904774,94.38543247344461,659,0.5251136669029208,2.2260193146861833,0.20260068204430368,0.2929534026652177,0.6062839571904018,0.8154284789518099,0.5934945476457305,0.387997053054579,0.5580030478461829,0.1854632368530299,0.2358207621050051,3.0642233843904774,94.38543247344461,659,0.0,0.0,0.0
REFERENCE_AURORA,ORIGINAL_REFERENCE,9,170209,550.0,97.6,25.0,0.0,12,13.98030303030303,100.0,100.0,16.666666666666664,1.1666666666666667,0.032394458794273384,3.2673788124075025,14.549453070961142,0.6339991930152625,0.28781072419424253,0.7377651528840145,0.7347908836939581,0.3702882529117603,9.182519800417856,6.140001152879326,3.761738817308038,1.9233279101359748,16.35513637980347,83.09859154929578,710,0.47272770113346185,1.5548165964050173,0.24078340468701195,0.2881034140016302,0.7377651528840145,0.7347908836939581,0.3702882529117603,0.09499177277295877,0.3991901247342507,0.4178423914123013,0.2597164550550272,2.8880945796588735,95.75757575757575,660,2.7946511112740406,9.087528027644897,3.3438964258957364
WORST_PDOP_P95,AURORA17_004,9,170209,400.0,0.0,240.0,0.0,12,13.206060606060607,100.0,100.0,100.0,1.1666666666666667,0.03237681566342055,0.6228312660187697,1.7126025037041859,0.35231855540090895,0.2891487525503719,0.6228375388444772,0.9007971992932853,0.5756844794937283,0.46754803569664666,0.3281644099312459,0.3077701964870848,0.39063983598131935,3.019841464515429,94.84066767830045,659,0.6228312660187697,1.7126025037041859,0.35231855540090895,0.2891487525503719,0.6228375388444772,0.9007971992932853,0.5756844794937283,0.46754803569664666,0.3281644099312459,0.3077701964870848,0.39063983598131935,3.019841464515429,94.84066767830045,659,0.0,0.0,0.0
BEST_MEAN_PDOP,AURORA17_088,10,170210,700.0,60.0,240.0,0.0,12,14.543939393939393,100.0,100.0,100.0,1.1666666666666667,0.02947320229353415,0.48465682086654965,1.268501812264872,0.35685547063038314,0.2804977415023864,0.5850762872329578,0.7824240764149462,0.39519432439513147,0.3996584057174683,0.31564344098206076,0.3928033694557344,0.37704672799155653,2.9838240401483365,94.37689969604864,658,0.48465682086654965,1.268501812264872,0.35685547063038314,0.2804977415023864,0.5850762872329578,0.7824240764149462,0.39519432439513147,0.3996584057174683,0.31564344098206076,0.3928033694557344,0.37704672799155653,2.9838240401483365,94.37689969604864,658,0.0,0.0,0.0
MEDIAN_PDOP,AURORA17_056,10,170210,550.0,75.0,120.0,0.0,12,13.766666666666667,100.0,100.0,100.0,1.6666666666666667,0.029474460173534917,0.4709369192984638,2.596494325398112,0.12181618624846528,0.29296940029696783,0.4761639203015546,0.41030137781296594,0.314510619381916,0.5349942890963307,0.35199617679388956,0.07326856208185013,0.14702064969391293,3.031295894271092,93.63636363636364,660,0.4709369192984638,2.596494325398112,0.12181618624846528,0.29296940029696783,0.4761639203015546,0.41030137781296594,0.314510619381916,0.5349942890963307,0.35199617679388956,0.07326856208185013,0.14702064969391293,3.031295894271092,93.63636363636364,660,0.0,0.0,0.0
REFERENCE_AURORA,ORIGINAL_REFERENCE,10,170210,550.0,97.6,25.0,0.0,12,13.98030303030303,100.0,100.0,25.0,1.1666666666666667,0.0294818512706233,3.124301379537538,14.224779258392266,0.5589110184118204,0.2876613644179867,0.5586830223910264,0.9633320827090551,0.37370475479834664,8.745441711476204,6.138390425789623,3.223267548766199,1.9487733041088282,15.977067532467919,82.95454545454545,704,0.5106408298183657,1.5371168835499223,0.17557559291184574,0.2879198921003033,0.5586830223910264,0.9633320827090551,0.37370475479834664,0.21687951898400865,0.21985267936214037,0.41559807432039014,0.29406239808684764,3.1377579865863043,93.62670713201821,659,2.6136605497191723,8.528562192492195,2.807669474445809
WORST_PDOP_P95,AURORA17_004,10,170210,400.0,0.0,240.0,0.0,12,13.206060606060607,100.0,100.0,100.0,1.5,0.029461472642882607,0.5426534614413285,2.2920226775629957,0.3412940297659969,0.28980241519599237,0.8433086057116336,0.516384645875694,0.420971176805633,0.3042152297108664,0.3199093052755905,0.35014500761692063,0.3185220963633158,3.1641523198156762,93.93019726858877,659,0.5426534614413285,2.2920226775629957,0.3412940297659969,0.28980241519599237,0.8433086057116336,0.516384645875694,0.420971176805633,0.3042152297108664,0.3199093052755905,0.35014500761692063,0.3185220963633158,3.1641523198156762,93.93019726858877,659,0.0,0.0,0.0
BEST_MEAN_PDOP,AURORA17_088,11,170211,700.0,60.0,240.0,0.0,12,14.543939393939393,100.0,100.0,100.0,1.3333333333333335,0.0343256172940987,0.6349192023475022,1.5961453212014276,0.18470215260205786,0.2805615979760048,0.7309481659576602,0.9015100660950962,0.28627085133467056,0.5609668681115962,0.4935190428495855,0.8120939508813466,0.4550888792135265,3.18854803435361,94.38543247344461,659,0.6349192023475022,1.5961453212014276,0.18470215260205786,0.2805615979760048,0.7309481659576602,0.9015100660950962,0.28627085133467056,0.5609668681115962,0.4935190428495855,0.8120939508813466,0.4550888792135265,3.18854803435361,94.38543247344461,659,0.0,0.0,0.0
MEDIAN_PDOP,AURORA17_056,11,170211,550.0,75.0,120.0,0.0,12,13.766666666666667,100.0,100.0,100.0,1.8333333333333333,0.03430803138295974,0.5780652357217969,1.965365801308043,0.36833045511934176,0.29288481413434647,0.685200316960547,1.1527062005816853,0.3646699322038617,0.07450376273732133,0.1791324472163558,0.3696572936681443,0.3559960728835126,3.078253940078792,94.24242424242424,660,0.5780652357217969,1.965365801308043,0.36833045511934176,0.29288481413434647,0.685200316960547,1.1527062005816853,0.3646699322038617,0.07450376273732133,0.1791324472163558,0.3696572936681443,0.3559960728835126,3.078253940078792,94.24242424242424,660,0.0,0.0,0.0
REFERENCE_AURORA,ORIGINAL_REFERENCE,11,170211,550.0,97.6,25.0,0.0,12,13.98030303030303,100.0,100.0,23.333333333333332,1.6666666666666667,0.03431151732735059,3.351729626242653,14.858969853619714,0.7818945992806359,0.287666920547276,0.5255538251427543,1.405258630882866,0.25990648340616157,9.485513132982787,6.440224742790896,3.4070858785971345,1.9002355415248164,15.963646735231675,82.8125,704,0.6806897448835095,2.579745054517414,0.2882452586492563,0.28793538474870745,0.5255538251427543,1.405258630882866,0.25990648340616157,0.9826699088689757,0.5237818812299281,0.3651763896394721,0.35037661583098245,3.1177659143946173,94.22492401215806,658,2.6710398813591434,8.50284322411381,3.0419094889576623
WORST_PDOP_P95,AURORA17_004,11,170211,400.0,0.0,240.0,0.0,12,13.206060606060607,100.0,100.0,100.0,1.6666666666666667,0.03432104952959402,0.6158051578395641,2.193239872843182,0.3631701769095139,0.2890373242182969,0.9096085594713337,0.7792207008274419,0.4133016521867237,0.1735938639194343,0.17898768412004762,0.1788270757125085,0.3803281042948719,3.000830865760618,96.21212121212122,660,0.6158051578395641,2.193239872843182,0.3631701769095139,0.2890373242182969,0.9096085594713337,0.7792207008274419,0.4133016521867237,0.1735938639194343,0.17898768412004762,0.1788270757125085,0.3803281042948719,3.000830865760618,96.21212121212122,660,0.0,0.0,0.0
BEST_MEAN_PDOP,AURORA17_088,12,170212,700.0,60.0,240.0,0.0,12,14.543939393939393,100.0,100.0,100.0,1.0,0.04306936569444323,0.4342751461975701,1.7919718763208525,0.16812054619692693,0.2805088069385607,0.8522065288274051,0.7438328528447434,0.3806012341892297,0.20546936370017252,0.1691354539889153,0.246921530394401,0.18003247011432033,3.1791776863460752,91.78082191780823,657,0.4342751461975701,1.7919718763208525,0.16812054619692693,0.2805088069385607,0.8522065288274051,0.7438328528447434,0.3806012341892297,0.20546936370017252,0.1691354539889153,0.246921530394401,0.18003247011432033,3.1791776863460752,91.78082191780823,657,0.0,0.0,0.0
MEDIAN_PDOP,AURORA17_056,12,170212,550.0,75.0,120.0,0.0,12,13.766666666666667,100.0,100.0,98.33333333333333,0.6666666666666667,0.04306721257992939,0.5597544091259241,1.4357321879922325,0.2572779588991492,0.2928238987480984,0.5480733793380828,0.8634774088739684,0.577934034029043,0.4905906624998835,0.48118621696892155,0.3638140834266387,0.42127401049114116,3.3693132054433494,93.47496206373293,659,0.5513583338165875,1.4357321879922325,0.24286788199572099,0.2928307515126239,0.5480733793380828,0.8634774088739684,0.577934034029043,0.325642806481216,0.4237783416150936,0.4038526712197735,0.432475124018391,3.0164843682731237,93.61702127659575,658,0.008396075309336615,0.16494785601866746,-0.040038587793134794
REFERENCE_AURORA,ORIGINAL_REFERENCE,12,170212,550.0,97.6,25.0,0.0,12,13.98030303030303,100.0,100.0,33.33333333333333,1.1666666666666667,0.04306001419245904,2.9724610737508494,13.602221291520422,0.5212276613802553,0.2876457790604704,1.108169908581734,1.588821537951802,0.26820937526834415,8.558552832125585,5.5073791216573955,2.7933451788668235,1.4613245379057926,14.134280284982161,85.83690987124464,699,0.6957790896636636,2.594792620229351,0.1210481280415943,0.28787210500062144,1.108169908581734,1.588821537951802,0.26820937526834415,0.5017124715143789,0.146541483783402,0.2411805510343926,0.18769766742975247,2.8420529490124027,95.90288315629742,659,2.276681984087186,8.056840360611206,2.552164627832431
WORST_PDOP_P95,AURORA17_004,12,170212,400.0,0.0,240.0,0.0,12,13.206060606060607,100.0,100.0,100.0,1.1666666666666667,0.04310117219790857,0.7196347858402193,3.3261622375462307,0.3273782556181631,0.28918284898075924,0.5226369299103683,1.5011785067753032,0.7744362954611351,0.35438934525222987,0.3523584892476035,0.3938204395390994,0.36938910311304224,2.933657569170581,95.44764795144158,659,0.7196347858402193,3.3261622375462307,0.3273782556181631,0.28918284898075924,0.5226369299103683,1.5011785067753032,0.7744362954611351,0.35438934525222987,0.3523584892476035,0.3938204395390994,0.36938910311304224,2.933657569170581,95.44764795144158,659,0.0,0.0,0.0
BEST_MEAN_PDOP,AURORA17_088,13,170213,700.0,60.0,240.0,0.0,12,14.543939393939393,100.0,100.0,100.0,1.3333333333333335,0.03944587384748346,0.4272986460164364,1.5143966156132473,0.3988222466450956,0.2806326256640472,0.6771377893709425,0.35710940179814943,0.593142155123936,0.11937222791930506,0.2002059920438314,0.32771953487635336,0.5020237472781592,3.0741294579735063,94.23368740515933,659,0.4272986460164364,1.5143966156132473,0.3988222466450956,0.2806326256640472,0.6771377893709425,0.35710940179814943,0.593142155123936,0.11937222791930506,0.2002059920438314,0.32771953487635336,0.5020237472781592,3.0741294579735063,94.23368740515933,659,0.0,0.0,0.0
MEDIAN_PDOP,AURORA17_056,13,170213,550.0,75.0,120.0,0.0,12,13.766666666666667,100.0,100.0,96.66666666666667,1.0,0.03943308269734027,0.6120324397742872,1.51391028329344,0.26924376390312144,0.29310984892733805,0.38890277750728924,0.5710019654925002,0.7281588314715295,0.3609134999884436,0.22019115573728654,0.38875748033166196,0.37657271882317506,3.626425443011747,95.16616314199395,662,0.5984162097720037,1.51391028329344,0.24246519346722376,0.29312377031624975,0.38890277750728924,0.5710019654925002,0.7281588314715295,0.24668583320811033,0.24760581952141658,0.24476723628594332,0.3237539003641318,3.0126196574551187,95.60606060606061,660,0.013616230002283514,0.11422766678033325,0.14399024404571864
REFERENCE_AURORA,ORIGINAL_REFERENCE,13,170213,550.0,97.6,25.0,0.0,12,13.98030303030303,100.0,100.0,20.0,1.3333333333333335,0.03943331834231664,3.403312834019351,14.844408610113744,1.0454198674995518,0.28765262392686564,0.8378215379337202,1.0762950817357564,0.33965185557392685,9.38686312371415,6.38111643390185,3.9552689286650446,2.3207734510186993,16.365102472149616,83.19209039548022,708,0.6098309909345633,1.8218721603270362,0.31888864027455965,0.28791313269582014,0.8378215379337202,1.0762950817357564,0.33965185557392685,0.13978041547355388,0.24258763690848098,0.480063302044301,0.4586719735097514,2.9973932758037747,95.60606060606061,660,2.7934818430847876,9.247082708240596,3.4752056266207436
WORST_PDOP_P95,AURORA17_004,13,170213,400.0,0.0,240.0,0.0,12,13.206060606060607,100.0,100.0,100.0,1.6666666666666667,0.03941385729459723,0.712497661125762,2.6334477002958843,0.33337519280943484,0.28908612927245086,0.6621119266754905,1.492175520887142,0.4708232654562711,0.21867235543416474,0.25496350911759974,0.4120617097331607,0.6852748050169132,3.065721340998665,94.6969696969697,660,0.712497661125762,2.6334477002958843,0.33337519280943484,0.28908612927245086,0.6621119266754905,1.492175520887142,0.4708232654562711,0.21867235543416474,0.25496350911759974,0.4120617097331607,0.6852748050169132,3.065721340998665,94.6969696969697,660,0.0,0.0,0.0
BEST_MEAN_PDOP,AURORA17_088,14,170214,700.0,60.0,240.0,0.0,12,14.543939393939393,100.0,100.0,100.0,1.0,0.033273743592839154,0.45102334023239277,1.5170036153676831,0.17987906571797324,0.2805867768213375,1.0247662283585073,0.5461554233206338,0.3802534930837033,0.1878329526653562,0.2743353803029324,0.3391865678835284,0.2584665089571388,3.183022141439411,94.39393939393939,660,0.45102334023239277,1.5170036153676831,0.17987906571797324,0.2805867768213375,1.0247662283585073,0.5461554233206338,0.3802534930837033,0.1878329526653562,0.2743353803029324,0.3391865678835284,0.2584665089571388,3.183022141439411,94.39393939393939,660,0.0,0.0,0.0
MEDIAN_PDOP,AURORA17_056,14,170214,550.0,75.0,120.0,0.0,12,13.766666666666667,100.0,100.0,100.0,1.0,0.033269327160020824,0.4297518519831588,1.082118174891156,0.1882344946855676,0.29302372214587175,0.45640016264315186,0.7511378866054559,0.28779953712957596,0.1523544939951465,0.23393066064072396,0.19277689932330178,0.24438756034334508,3.018895455191477,94.39393939393939,660,0.4297518519831588,1.082118174891156,0.1882344946855676,0.29302372214587175,0.45640016264315186,0.7511378866054559,0.28779953712957596,0.1523544939951465,0.23393066064072396,0.19277689932330178,0.24438756034334508,3.018895455191477,94.39393939393939,660,0.0,0.0,0.0
REFERENCE_AURORA,ORIGINAL_REFERENCE,14,170214,550.0,97.6,25.0,0.0,12,13.98030303030303,100.0,100.0,25.0,1.0,0.03327054406406588,3.1174192402453547,13.962917407313821,0.5792431965598089,0.28771072093392824,0.4123430760842561,0.8872166026017837,0.2990095887294116,8.725464811321372,5.841586170429626,3.6120370404730635,1.9538045927952206,15.163880598293929,83.80681818181817,704,0.4724751246215572,1.6090037308557614,0.1289826852774651,0.28795866873984877,0.4123430760842561,0.8872166026017837,0.2990095887294116,0.1057271723222997,0.2699140019231639,0.5196310389751233,0.35864526490340937,2.9870389524154075,95.90288315629742,659,2.6449441156237974,8.619737638999071,3.09240600149794
WORST_PDOP_P95,AURORA17_004,14,170214,400.0,0.0,240.0,0.0,12,13.206060606060607,100.0,100.0,100.0,0.6666666666666667,0.03327368312469887,0.6139122610665401,2.0724186199177423,0.6079218080259695,0.28900682521110244,0.8104499280997771,1.2696487516322545,0.3922943483529476,0.14208302857061103,0.32161178147870795,0.16738314616790897,0.44556718707831766,3.069388764420718,96.20637329286798,659,0.6139122610665401,2.0724186199177423,0.6079218080259695,0.28900682521110244,0.8104499280997771,1.2696487516322545,0.3922943483529476,0.14208302857061103,0.32161178147870795,0.16738314616790897,0.44556718707831766,3.069388764420718,96.20637329286798,659,0.0,0.0,0.0
BEST_MEAN_PDOP,AURORA17_088,15,170215,700.0,60.0,240.0,0.0,12,14.543939393939393,100.0,100.0,100.0,0.8333333333333334,0.047756902843461145,0.6199780161292381,2.1363208153895,0.20728534252523917,0.2806558646273854,0.726588609618933,1.243632560178217,0.3754824985466516,0.5874228656119458,0.25316176902819526,0.17722563074102005,0.2761826223881592,2.909206734577127,95.74468085106383,658,0.6199780161292381,2.1363208153895,0.20728534252523917,0.2806558646273854,0.726588609618933,1.243632560178217,0.3754824985466516,0.5874228656119458,0.25316176902819526,0.17722563074102005,0.2761826223881592,2.909206734577127,95.74468085106383,658,0.0,0.0,0.0
MEDIAN_PDOP,AURORA17_056,15,170215,550.0,75.0,120.0,0.0,12,13.766666666666667,100.0,100.0,100.0,1.0,0.04773258604179032,0.8229017742180865,3.1989969095118087,0.48520769946102105,0.2929099995422311,1.043296244703139,1.809737492147583,0.42789698000731063,0.6604556581162762,0.3366164702776426,0.39894619337730636,0.30236865230581955,3.009659028262729,93.77845220030349,659,0.8229017742180865,3.1989969095118087,0.48520769946102105,0.2929099995422311,1.043296244703139,1.809737492147583,0.42789698000731063,0.6604556581162762,0.3366164702776426,0.39894619337730636,0.30236865230581955,3.009659028262729,93.77845220030349,659,0.0,0.0,0.0
REFERENCE_AURORA,ORIGINAL_REFERENCE,15,170215,550.0,97.6,25.0,0.0,12,13.98030303030303,100.0,100.0,23.333333333333332,1.0,0.04774914478133686,3.2359547372882367,14.511158797174149,0.900572278937085,0.2876575590776646,0.5747804668606136,1.057599903518099,0.2643654549411903,9.115737151762204,6.184577687950655,3.4524738608883405,1.992552379100969,15.503179841243734,82.01133144475921,706,0.5181552456511426,1.8153537968619586,0.247579834247553,0.2879178484767844,0.5747804668606136,1.057599903518099,0.2643654549411903,0.2749571058362949,0.20081308325068262,0.15299278666736724,0.31287728195550313,3.111675414146538,93.93939393939394,660,2.717799491637094,8.840780045925909,3.2994810742209735
WORST_PDOP_P95,AURORA17_004,15,170215,400.0,0.0,240.0,0.0,12,13.206060606060607,100.0,100.0,100.0,1.8333333333333333,0.04759417690023321,0.7663469569957604,2.597931297797354,0.23418733737921957,0.2892640791837013,0.8171641054047412,1.1726461657815868,0.5168815738705176,0.11711771470087264,0.18780528855156056,0.2735655547268708,0.3151250162183497,2.999281064880878,96.04863221884499,658,0.7663469569957604,2.597931297797354,0.23418733737921957,0.2892640791837013,0.8171641054047412,1.1726461657815868,0.5168815738705176,0.11711771470087264,0.18780528855156056,0.2735655547268708,0.3151250162183497,2.999281064880878,96.04863221884499,658,0.0,0.0,0.0
