phase_name,initial_true_anomaly_deg,replicate_index,scenario_seed,altitude_km,inclination_deg,dual_outage_start_min,dual_outage_end_min,dual_outage_duration_min,navigation_estimator_requested_start_min,navigation_estimator_start_min,navigation_estimator_start_index,navigation_estimator_age_at_outage_min,navigation_estimator_active_pre_outage_epochs,navigation_estimator_updates_before_outage,time_sync_error_s,natural_visible_satellites_min,natural_visible_satellites_mean,pre_outage_satellites,pre_outage_pdop,pre_outage_update_age_s,healthy_false_alarm_rate,pre_outage_rmse_m,mission_rmse_m,outage_rmse_m,outage_start_error_m,outage_end_error_m,outage_start_sigma_m,outage_end_sigma_m,post_recovery_rmse_m,final_error_m,navigation_nis_mean,navigation_nis_coverage_percent,attitude_outage_rmse_deg,attitude_end_outage_deg,experiment_outage_start_min,experiment_outage_end_min,experiment_outage_duration_min,experiment_post_recovery_end_min,experiment_estimator_start_min,fixed_initial_true_anomaly_deg
PHASE_000,0.0,0,170600,550.0,97.6,60.0,65.0,5.0,0.0,0.0,0,60.0,360,359,0.0,12,14.024137931034483,16,0.8251189164900846,10.0,1.264367816091954,0.30556406836578953,0.4101317525122242,0.3066462444091411,0.28256866759790017,0.3327492216169413,0.389631281372909,0.5607078507753657,0.3049129065558778,0.19364157678085114,2.9530923409389778,95.05747126436782,0.042656226864153504,0.06404388695625846,60.0,65.0,5.0,80.0,0.0,0.0
PHASE_000,0.0,0,170600,550.0,97.6,60.0,70.0,10.0,0.0,0.0,0,60.0,360,359,0.0,12,14.039285714285715,16,0.8251189164900846,10.0,0.9523809523809524,0.30556406836578953,0.45337014609388443,0.3409647027369694,0.28256866759790017,0.4112400082127341,0.389631281372909,0.8066158125855679,0.33873230286764966,0.1790099923869227,2.8862616805554278,94.76190476190476,0.06652728103711412,0.0880542728327537,60.0,70.0,10.0,85.0,0.0,0.0
PHASE_000,0.0,0,170600,550.0,97.6,60.0,75.0,15.0,0.0,0.0,0,60.0,360,359,0.0,12,14.028395061728395,16,0.8251189164900846,10.0,1.728395061728395,0.30556406836578953,0.4181149810423419,0.38430057391651506,0.28256866759790017,0.5047682865162102,0.389631281372909,1.132323085537779,0.33808022405398447,0.05648707501609017,2.959184980714873,95.80246913580247,0.0805104859062055,0.13349006249096335,60.0,75.0,15.0,90.0,0.0,0.0
PHASE_000,0.0,0,170600,550.0,97.6,60.0,80.0,20.0,0.0,0.0,0,60.0,360,359,0.0,12,14.037179487179488,16,0.8251189164900846,10.0,1.153846153846154,0.30556406836578953,0.4776461595159141,0.43513337824084103,0.28256866759790017,0.6146281587148689,0.389631281372909,1.5447008233477002,0.5353934988280106,0.48647348846305294,2.9620589223457454,95.76923076923077,0.09673307435151221,0.12556761875825137,60.0,80.0,20.0,95.0,0.0,0.0
PHASE_000,0.0,0,170600,550.0,97.6,60.0,90.0,30.0,0.0,0.0,0,60.0,360,359,0.0,12,13.9375,16,0.8251189164900846,10.0,0.8333333333333334,0.30556406836578953,0.46706889663436846,0.5686063113428111,0.28256866759790017,0.9184753375990361,0.389631281372909,2.629031215733701,0.3282826510358696,0.07931439866686343,2.8701689569802764,95.97222222222223,0.10276409565844678,0.10842963505102955,60.0,90.0,30.0,105.0,0.0,0.0
PHASE_000,0.0,1,170601,550.0,97.6,60.0,65.0,5.0,0.0,0.0,0,60.0,360,359,0.0,12,14.024137931034483,16,0.8251189144639773,10.0,0.9195402298850575,0.3205611048582237,0.47582706728196755,0.6207987872494106,0.5338913212631491,0.7127622722052326,0.38967148699289567,0.5607722894251254,0.2989076602086219,0.11369457415495778,2.917464816035638,94.59770114942529,0.044691371176481566,0.06050385549447739,60.0,65.0,5.0,80.0,0.0,0.0
PHASE_000,0.0,1,170601,550.0,97.6,60.0,70.0,10.0,0.0,0.0,0,60.0,360,359,0.0,12,14.039285714285715,16,0.8251189144639773,10.0,0.9523809523809524,0.3205611048582237,0.49618974948224814,0.7391580103899363,0.5338913212631491,0.9679515917667358,0.38967148699289567,0.8067223535411132,0.3537598347139024,0.10238159324358903,2.986308626795573,94.64285714285714,0.05372422200841895,0.07236631298575287,60.0,70.0,10.0,85.0,0.0,0.0
PHASE_000,0.0,1,170601,550.0,97.6,60.0,75.0,15.0,0.0,0.0,0,60.0,360,359,0.0,12,14.028395061728395,16,0.8251189144639773,10.0,0.7407407407407408,0.3205611048582237,0.5964750864233263,0.8937619246730103,0.5338913212631491,1.3099601598075215,0.38967148699289567,1.1325090332843872,0.5584067533910608,0.47568853337945993,2.995911293567097,94.93827160493828,0.06384061650627716,0.09557535876705171,60.0,75.0,15.0,90.0,0.0,0.0
PHASE_000,0.0,1,170601,550.0,97.6,60.0,80.0,20.0,0.0,0.0,0,60.0,360,359,0.0,12,14.037179487179488,16,0.8251189144639773,10.0,0.641025641025641,0.3205611048582237,0.6093280943757684,1.0876201867995416,0.5338913212631491,1.7368684068800337,0.38967148699289567,1.5450066539086205,0.30037951279004926,0.391555100166555,3.0691576602691484,93.58974358974359,0.07755958059447274,0.14859383158021705,60.0,80.0,20.0,95.0,0.0,0.0
PHASE_000,0.0,1,170601,550.0,97.6,60.0,90.0,30.0,0.0,0.0,0,60.0,360,359,0.0,12,13.9375,16,0.8251189144639773,10.0,0.8333333333333334,0.3205611048582237,0.8750532547619468,1.5877136639981635,0.5338913212631491,2.809657308141628,0.38967148699289567,2.629715093314766,0.5385628682633085,0.07613224309147862,2.9576191324431123,94.44444444444444,0.11547091434426514,0.1446043678531908,60.0,90.0,30.0,105.0,0.0,0.0
PHASE_000,0.0,2,170602,550.0,97.6,60.0,65.0,5.0,0.0,0.0,0,60.0,360,358,0.0,12,14.024137931034483,16,0.8251189333111119,10.0,1.0344827586206897,0.2878761291869573,0.4071959820020337,0.3515037657092112,0.28014383048790054,0.42085370370625214,0.3897158179226707,0.5610191645181212,0.40553698740787536,0.16642741342875153,3.1266594956080094,94.47640966628308,0.03308598526012078,0.03623659350932327,60.0,65.0,5.0,80.0,0.0,0.0
PHASE_000,0.0,2,170602,550.0,97.6,60.0,70.0,10.0,0.0,0.0,0,60.0,360,358,0.0,12,14.039285714285715,16,0.8251189333111119,10.0,0.9523809523809524,0.2878761291869573,0.42579303646991196,0.4406924830215482,0.28014383048790054,0.6068780006319809,0.3897158179226707,0.807241415597733,0.5414524214442268,0.2845857914881185,3.0800284357442758,95.35160905840286,0.03236556230782062,0.024274333023245533,60.0,70.0,10.0,85.0,0.0,0.0
PHASE_000,0.0,2,170602,550.0,97.6,60.0,75.0,15.0,0.0,0.0,0,60.0,360,358,0.0,12,14.028395061728395,16,0.8251189333111119,10.0,0.6172839506172839,0.2878761291869573,0.42716977501154607,0.5586378930127427,0.28014383048790054,0.8760363803378396,0.3897158179226707,1.1333259766156554,0.6660814410123582,0.4487026288061005,3.024307156077343,95.55006180469717,0.031069585869200108,0.03092037443741606,60.0,75.0,15.0,90.0,0.0,0.0
PHASE_000,0.0,2,170602,550.0,97.6,60.0,80.0,20.0,0.0,0.0,0,60.0,360,358,0.0,12,14.037179487179488,16,0.8251189333111119,10.0,1.0256410256410255,0.2878761291869573,0.447478594564208,0.7259136319065038,0.28014383048790054,1.2892150780025773,0.3897158179226707,1.5461279266053065,0.5429193420646004,0.14179228775137426,3.053307690939816,95.1219512195122,0.039357889106757,0.06921140654784681,60.0,80.0,20.0,95.0,0.0,0.0
PHASE_000,0.0,2,170602,550.0,97.6,60.0,90.0,30.0,0.0,0.0,0,60.0,360,358,0.0,12,13.9375,16,0.8251189333111119,10.0,1.1111111111111112,0.2878761291869573,0.6826878652616288,1.27805947251861,0.28014383048790054,2.6540255764350964,0.3897158179226707,2.631407169642621,0.5471087843770189,0.23411531517843265,3.045977829229964,94.84679665738162,0.05461454906861017,0.10244432195290379,60.0,90.0,30.0,105.0,0.0,0.0
PHASE_000,0.0,3,170603,550.0,97.6,60.0,65.0,5.0,0.0,0.0,0,60.0,360,359,0.0,12,14.024137931034483,16,0.8251189314934398,10.0,0.5747126436781609,0.4344455322406586,0.475162004559565,0.5113674471917058,0.4566764128863431,0.5809151734160348,0.38941363571918347,0.5604866741503629,0.5178195815865381,0.14085460485852608,3.0430617872954335,94.70655926352129,0.040974387048853055,0.06277250735585209,60.0,65.0,5.0,80.0,0.0,0.0
PHASE_000,0.0,3,170603,550.0,97.6,60.0,70.0,10.0,0.0,0.0,0,60.0,360,359,0.0,12,14.039285714285715,16,0.8251189314934398,10.0,0.8333333333333334,0.4344455322406586,0.4534356937370507,0.621562095131631,0.4566764128863431,0.8602759569279566,0.38941363571918347,0.806399784902841,0.2388131983369863,0.3505995966518724,2.9367275622477975,93.69047619047619,0.06790871600726246,0.08982366488111247,60.0,70.0,10.0,85.0,0.0,0.0
PHASE_000,0.0,3,170603,550.0,97.6,60.0,75.0,15.0,0.0,0.0,0,60.0,360,359,0.0,12,14.028395061728395,16,0.8251189314934398,10.0,0.6172839506172839,0.4344455322406586,0.5074651984555716,0.8092962411562612,0.4566764128863431,1.3203483300500285,0.38941363571918347,1.132106382142458,0.3993967937851752,0.2100800403901615,2.9325837407771633,93.82716049382715,0.07583986548323597,0.09791073051400707,60.0,75.0,15.0,90.0,0.0,0.0
PHASE_000,0.0,3,170603,550.0,97.6,60.0,80.0,20.0,0.0,0.0,0,60.0,360,359,0.0,12,14.037179487179488,16,0.8251189314934398,10.0,0.641025641025641,0.4344455322406586,0.5918025759589609,1.0776917984112746,0.4566764128863431,1.9401828291620284,0.38941363571918347,1.5444633129073606,0.5142745399277662,0.35942012697976444,2.9109143276306453,93.58974358974359,0.09101833377825938,0.16264168209462038,60.0,80.0,20.0,95.0,0.0,0.0
PHASE_000,0.0,3,170603,550.0,97.6,60.0,90.0,30.0,0.0,0.0,0,60.0,360,359,0.0,12,13.9375,16,0.8251189314934398,10.0,0.4166666666666667,0.4344455322406586,0.9383389258671567,1.838414004664412,0.4566764128863431,3.6317551212331516,0.38941363571918347,2.62866956259111,0.3099091165756765,0.21331861897054205,2.8943529506267422,95.0,0.10872619034568162,0.11007852419730056,60.0,90.0,30.0,105.0,0.0,0.0
PHASE_000,0.0,4,170604,550.0,97.6,60.0,65.0,5.0,0.0,0.0,0,60.0,360,359,0.0,12,14.024137931034483,16,0.8251189343233187,10.0,1.3793103448275863,0.6334386405972183,0.5035662935213574,0.30063225995845116,0.28464657504161023,0.3178818965763563,0.3894663634230019,0.5605313425135492,0.5064318751365857,0.23861781965440226,2.9583344310681086,95.40229885057471,0.08061117576819354,0.061240129699553475,60.0,65.0,5.0,80.0,0.0,0.0
PHASE_000,0.0,4,170604,550.0,97.6,60.0,70.0,10.0,0.0,0.0,0,60.0,360,359,0.0,12,14.039285714285715,16,0.8251189343233187,10.0,0.9523809523809524,0.6334386405972183,0.49468139931841604,0.32241497967872235,0.28464657504161023,0.368129982000318,0.3894663634230019,0.8064418351367172,0.352349176679964,0.11777627315266107,2.996297739457839,95.83333333333334,0.07607757933910271,0.09817739456977607,60.0,70.0,10.0,85.0,0.0,0.0
PHASE_000,0.0,4,170604,550.0,97.6,60.0,75.0,15.0,0.0,0.0,0,60.0,360,359,0.0,12,14.028395061728395,16,0.8251189343233187,10.0,1.3580246913580247,0.6334386405972183,0.49672314775772286,0.3513412581388219,0.28464657504161023,0.4391236357524878,0.3894663634230019,1.1321295038413666,0.4427402210542075,0.23507038775163983,3.0211117087737773,94.81481481481482,0.1023994070407614,0.15594531335508777,60.0,75.0,15.0,90.0,0.0,0.0
PHASE_000,0.0,4,170604,550.0,97.6,60.0,80.0,20.0,0.0,0.0,0,60.0,360,359,0.0,12,14.037179487179488,16,0.8251189343233187,10.0,0.7692307692307693,0.6334386405972183,0.5193630029718416,0.39200121443853,0.28464657504161023,0.5541350925113568,0.3894663634230019,1.5444461344568403,0.5941492119164515,0.1597123236252921,3.084940660167276,94.74358974358974,0.11958370895892652,0.13598782062874606,60.0,80.0,20.0,95.0,0.0,0.0
PHASE_000,0.0,4,170604,550.0,97.6,60.0,90.0,30.0,0.0,0.0,0,60.0,360,359,0.0,12,13.9375,16,0.8251189343233187,10.0,0.9722222222222222,0.6334386405972183,0.54794135718571,0.543735511192192,0.28464657504161023,0.986706177430017,0.3894663634230019,2.628461281303387,0.46432286211217977,0.37277274641692026,2.9147265926726718,94.44444444444444,0.12444131196186665,0.12236954572209313,60.0,90.0,30.0,105.0,0.0,0.0
PHASE_000,0.0,5,170605,550.0,97.6,60.0,65.0,5.0,0.0,0.0,0,60.0,360,359,0.0,12,14.024137931034483,16,0.8251189180360597,10.0,0.9195402298850575,0.5244359534175745,0.4623213719551873,0.04763058393843885,0.06407899634524242,0.041549264833655467,0.3896156812730912,0.5606529534985032,0.48684099815896575,0.18278500623309268,3.267579702469986,94.59770114942529,0.05378553674871814,0.06455058155414087,60.0,65.0,5.0,80.0,0.0,0.0
PHASE_000,0.0,5,170605,550.0,97.6,60.0,70.0,10.0,0.0,0.0,0,60.0,360,359,0.0,12,14.039285714285715,16,0.8251189180360597,10.0,1.4285714285714286,0.5244359534175745,0.421438588266306,0.06053512251823139,0.06407899634524242,0.10000225538357205,0.3896156812730912,0.8064841791536581,0.35518982123513587,0.1849615517689424,3.080759014955107,93.33333333333333,0.061866414588473057,0.0622234918729319,60.0,70.0,10.0,85.0,0.0,0.0
PHASE_000,0.0,5,170605,550.0,97.6,60.0,75.0,15.0,0.0,0.0,0,60.0,360,359,0.0,12,14.028395061728395,16,0.8251189180360597,10.0,1.4814814814814816,0.5244359534175745,0.43627010947259,0.09095812901390242,0.06407899634524242,0.1581972015347318,0.3896156812730912,1.1320938248737749,0.2995808396858535,0.23484303566054632,3.0308241501811035,95.43209876543209,0.056431488371469996,0.04514058526117085,60.0,75.0,15.0,90.0,0.0,0.0
PHASE_000,0.0,5,170605,550.0,97.6,60.0,80.0,20.0,0.0,0.0,0,60.0,360,359,0.0,12,14.037179487179488,16,0.8251189180360597,10.0,1.153846153846154,0.5244359534175745,0.4161852888311026,0.12081265481446124,0.06407899634524242,0.20150751760582272,0.3896156812730912,1.5443723270005854,0.3724653119546261,0.18861347543263454,2.9377716096141633,95.64102564102565,0.06690276017456005,0.09304430577592608,60.0,80.0,20.0,95.0,0.0,0.0
PHASE_000,0.0,5,170605,550.0,97.6,60.0,90.0,30.0,0.0,0.0,0,60.0,360,359,0.0,12,13.9375,16,0.8251189180360597,10.0,1.6666666666666667,0.5244359534175745,0.4107333709181039,0.1614085198582255,0.06407899634524242,0.2292902372462984,0.3896156812730912,2.6285533246593333,0.331801999662011,0.07541059490918384,3.0271886916895294,94.86111111111111,0.06881509829250106,0.058263164419737584,60.0,90.0,30.0,105.0,0.0,0.0
PHASE_000,0.0,6,170606,550.0,97.6,60.0,65.0,5.0,0.0,0.0,0,60.0,360,359,0.0,12,14.024137931034483,16,0.8251189221775935,10.0,0.9195402298850575,0.3689224672432863,0.5667379445377314,0.6288800508451319,0.5204748055424004,0.7447428086111014,0.38961820028859245,0.5607509728565132,0.5916766984259761,0.21951913842760667,3.030712605836677,95.63218390804597,0.028600844119525827,0.011407841938226521,60.0,65.0,5.0,80.0,0.0,0.0
PHASE_000,0.0,6,170606,550.0,97.6,60.0,70.0,10.0,0.0,0.0,0,60.0,360,359,0.0,12,14.039285714285715,16,0.8251189221775935,10.0,0.8333333333333334,0.3689224672432863,0.5799249808825649,0.7883058199641263,0.5204748055424004,1.0974508183400629,0.38961820028859245,0.8067337524895054,0.3724739400907416,0.4342342657783713,3.0687606528408744,93.80214541120382,0.03269187987982436,0.04725092252171325,60.0,70.0,10.0,85.0,0.0,0.0
PHASE_000,0.0,6,170606,550.0,97.6,60.0,75.0,15.0,0.0,0.0,0,60.0,360,359,0.0,12,14.028395061728395,16,0.8251189221775935,10.0,0.8641975308641975,0.3689224672432863,0.6170231128894528,1.0158456702439718,0.5204748055424004,1.6217386738068398,0.38961820028859245,1.1325247757421495,0.43083839437372146,0.24835342067505858,3.171786314731209,95.18518518518519,0.03988693352896599,0.04754325607264899,60.0,75.0,15.0,90.0,0.0,0.0
PHASE_000,0.0,6,170606,550.0,97.6,60.0,80.0,20.0,0.0,0.0,0,60.0,360,359,0.0,12,14.037179487179488,16,0.8251189221775935,10.0,0.641025641025641,0.3689224672432863,0.760149002699436,1.326461899462064,0.5204748055424004,2.334775182405279,0.38961820028859245,1.544991314502118,0.7519267583543513,0.23016712947119886,3.213669311431157,95.38461538461539,0.04210304375741089,0.04038450436597956,60.0,80.0,20.0,95.0,0.0,0.0
PHASE_000,0.0,6,170606,550.0,97.6,60.0,90.0,30.0,0.0,0.0,0,60.0,360,359,0.0,12,13.9375,16,0.8251189221775935,10.0,1.1111111111111112,0.3689224672432863,1.1447975915175572,2.2024074548185637,0.5204748055424004,4.280478509072168,0.38961820028859245,2.629552386117002,0.39554370217281626,0.26742552631402006,3.121372123840995,94.44444444444444,0.06603438103188049,0.12327069625782706,60.0,90.0,30.0,105.0,0.0,0.0
PHASE_000,0.0,7,170607,550.0,97.6,60.0,65.0,5.0,0.0,0.0,0,60.0,360,359,0.0,12,14.024137931034483,16,0.8251189289848122,10.0,0.9195402298850575,0.29342803646721805,0.40104335033617144,0.39882345993116536,0.2856857970552679,0.5150191583641343,0.38955875032103976,0.5606052202316337,0.46001191826353816,0.10378778373734665,3.1140583537871,94.25287356321839,0.0449477549811339,0.025874774403935125,60.0,65.0,5.0,80.0,0.0,0.0
PHASE_000,0.0,7,170607,550.0,97.6,60.0,70.0,10.0,0.0,0.0,0,60.0,360,359,0.0,12,14.039285714285715,16,0.8251189289848122,10.0,1.0714285714285714,0.29342803646721805,0.41752439334877645,0.5642875055916328,0.2856857970552679,0.8599702826561079,0.38955875032103976,0.8064578364305715,0.4259392806020677,0.23015058833694857,3.012569946322443,94.4047619047619,0.038318768131323525,0.01416304472271074,60.0,70.0,10.0,85.0,0.0,0.0
PHASE_000,0.0,7,170607,550.0,97.6,60.0,75.0,15.0,0.0,0.0,0,60.0,360,359,0.0,12,14.028395061728395,16,0.8251189289848122,10.0,1.1111111111111112,0.29342803646721805,0.45709287801091814,0.7872679395352458,0.2856857970552679,1.34494600971124,0.38955875032103976,1.1320895625126381,0.43618540292548125,0.1345036411836436,3.004139741287705,95.18518518518519,0.05217928291300719,0.09962160380976016,60.0,75.0,15.0,90.0,0.0,0.0
PHASE_000,0.0,7,170607,550.0,97.6,60.0,80.0,20.0,0.0,0.0,0,60.0,360,359,0.0,12,14.037179487179488,16,0.8251189289848122,10.0,1.282051282051282,0.29342803646721805,0.5751309031839126,1.0814869168312975,0.2856857970552679,1.996121478864682,0.38955875032103976,1.5443732137044575,0.5687124792540207,0.14082739058835111,3.054542714793208,94.87179487179486,0.06575666439227681,0.09784751556742229,60.0,80.0,20.0,95.0,0.0,0.0
PHASE_000,0.0,7,170607,550.0,97.6,60.0,90.0,30.0,0.0,0.0,0,60.0,360,359,0.0,12,13.9375,16,0.8251189289848122,10.0,1.3888888888888888,0.29342803646721805,0.9525608145795254,1.8771208259466605,0.2856857970552679,3.7081739137709193,0.38955875032103976,2.6283857119085408,0.4684553209226417,0.36923864952391333,3.031077547810859,95.13888888888889,0.06814019588931874,0.03216923362303783,60.0,90.0,30.0,105.0,0.0,0.0
