phase_name,initial_true_anomaly_deg,replicate_index,scenario_seed,altitude_km,inclination_deg,dual_outage_start_min,dual_outage_end_min,dual_outage_duration_min,time_sync_error_s,natural_visible_satellites_min,natural_visible_satellites_mean,pre_outage_satellites,pre_outage_pdop,pre_outage_update_age_s,healthy_false_alarm_rate,pre_outage_rmse_m,mission_rmse_m,outage_rmse_m,outage_start_error_m,outage_end_error_m,outage_start_sigma_m,outage_end_sigma_m,post_recovery_rmse_m,final_error_m,navigation_nis_mean,navigation_nis_coverage_percent,attitude_outage_rmse_deg,attitude_end_outage_deg,experiment_outage_start_min,experiment_outage_end_min,experiment_outage_duration_min,fixed_initial_true_anomaly_deg
PHASE_000,0.0,0,170400,550.0,97.6,15.0,30.0,15.0,0.0,12,14.011111111111113,13,1.0448021091131314,10.0,1.6049382716049383,,0.9302199352788344,2.512710192825326,0.7548772106975175,4.647851580908776,0.829677163634489,6.242695378106667,0.4853421489461248,0.3337350476420648,2.906632324393379,95.7920792079208,0.0887008777791482,0.1299315605324928,15.0,30.0,15.0,0.0
PHASE_000,0.0,0,170400,550.0,97.6,30.0,45.0,15.0,0.0,12,14.090123456790124,14,0.8983764789675103,10.0,1.6049382716049383,,0.5728420927286989,1.239434868290315,0.3691851402820839,2.0514764011643347,0.5952619796223773,2.8757382564302163,0.4335131946788826,0.3230886065952966,3.086546312478629,94.93827160493828,0.0518394548429259,0.0772465781574461,30.0,45.0,15.0,0.0
PHASE_000,0.0,0,170400,550.0,97.6,45.0,60.0,15.0,0.0,12,13.892592592592592,14,0.8788546311802715,10.0,1.728395061728395,,0.7151677102088719,1.6724455151416482,0.7618809543211066,2.68165831928855,0.5321306043449966,1.7721923540798783,0.4598166369565892,0.1076216831287232,3.005359488546191,94.81481481481482,0.0744791558103355,0.1272571480831624,45.0,60.0,15.0,0.0
PHASE_000,0.0,0,170400,550.0,97.6,60.0,75.0,15.0,0.0,12,14.028395061728396,16,0.8251189287676831,10.0,1.851851851851852,0.2622010148496416,0.4851236075603208,0.2672560958417975,0.1468661537434148,0.3613927492206331,0.3895742539151319,1.13250943353935,0.3875078505563354,0.4772496726256254,3.02854369657685,94.56118665018542,0.1335752120482387,0.1827338757587955,60.0,75.0,15.0,0.0
PHASE_000,0.0,0,170400,550.0,97.6,75.0,90.0,15.0,0.0,12,13.946913580246914,14,0.8984254307636216,10.0,1.851851851851852,0.2162227580678692,0.4219835465285605,0.368218610286788,0.1685066535336584,0.5978580989935096,0.3767464911218066,0.9687129533092872,,0.118418958934494,3.0844925886822585,95.30864197530865,0.0328149458142576,0.0451828934026533,75.0,90.0,15.0,0.0
PHASE_000,0.0,0,170400,550.0,97.6,90.0,105.0,15.0,0.0,12,13.98148148148148,15,0.830669714650668,10.0,1.6049382716049383,0.2285790372235717,0.4439139566841728,0.597353270071842,0.3158505949664585,0.903118082662435,0.3018222356904309,0.7040274728475411,,0.2901960039651003,3.0962783250341106,95.30864197530865,0.0965326983141566,0.125373012303025,90.0,105.0,15.0,0.0
PHASE_000,0.0,0,170400,550.0,97.6,105.0,120.0,15.0,0.0,12,14.185185185185183,12,1.1782194816384457,10.0,1.6049382716049383,0.2392277244287219,0.4368933285658218,0.2586235577571679,0.1681082861948632,0.326377029430236,0.2806096286069151,0.6209121450848403,,0.7197793758264894,3.0687549625149715,94.80840543881337,0.0229228882993528,0.0186060199290517,105.0,120.0,15.0,0.0
PHASE_000,0.0,0,170400,550.0,97.6,120.0,135.0,15.0,0.0,12,14.023456790123456,12,1.1881686806865048,10.0,1.728395061728395,0.2440702630178343,0.4400289252433786,0.3872283102970851,0.2486624025623928,0.6187809794115376,0.3027060857725181,0.6483073027456004,,0.1939104283706935,3.044246936206096,95.1851851851852,0.0759639033399724,0.0873367984523127,120.0,135.0,15.0,0.0
PHASE_000,0.0,1,170401,550.0,97.6,15.0,30.0,15.0,0.0,12,14.011111111111113,13,1.044802193854665,10.0,0.9876543209876544,,1.430327037367241,4.198715805285929,1.3742147407314973,7.562171260420211,0.8296641971711055,6.244057226636983,0.4861446671871616,0.2064783120411305,2.9388085865845235,94.6847960444994,0.121288621352311,0.1743386861343324,15.0,30.0,15.0,0.0
PHASE_000,0.0,1,170401,550.0,97.6,30.0,45.0,15.0,0.0,12,14.090123456790124,14,0.8983764656355319,10.0,0.8641975308641975,,0.5895401119653512,0.8435671086061339,0.240658207080556,1.395474836777992,0.5979590921471968,2.8907069073798435,0.5179614196810817,0.1540010281040581,2.99270596654987,95.06172839506172,0.0553423606830996,0.070943470035825,30.0,45.0,15.0,0.0
PHASE_000,0.0,1,170401,550.0,97.6,45.0,60.0,15.0,0.0,12,13.892592592592592,14,0.8788546201576569,10.0,0.9876543209876544,,0.5103774038347834,0.6725441914722166,0.1950749678960165,1.2061109754189778,0.5307026542407154,1.7690911278905712,0.3043936441387086,0.379221904750677,2.8949948863975066,95.679012345679,0.0335860051127465,0.0618364798709972,45.0,60.0,15.0,0.0
PHASE_000,0.0,1,170401,550.0,97.6,60.0,75.0,15.0,0.0,12,14.028395061728396,16,0.8251189234662318,10.0,1.1111111111111112,0.4316213262921659,0.506204479648164,0.6605942558504204,0.2913498965282503,1.0974789578089768,0.3894474628792422,1.1320939817045772,0.5265335613916017,0.110638315439519,2.9855447555494696,94.81481481481482,0.0620754909630754,0.044476240638225,60.0,75.0,15.0,0.0
PHASE_000,0.0,1,170401,550.0,97.6,75.0,90.0,15.0,0.0,12,13.946913580246914,14,0.8984254272445159,10.0,0.8641975308641975,0.3634944315417513,0.5592140007758869,1.05038811001917,0.4641124814336319,1.6938419560820923,0.3764874472933727,0.9677713516247848,,0.159959941351613,2.8927870774850613,95.55006180469717,0.0605726175774365,0.043201512301588,75.0,90.0,15.0,0.0
PHASE_000,0.0,1,170401,550.0,97.6,90.0,105.0,15.0,0.0,12,13.98148148148148,15,0.8306697433907984,10.0,0.7407407407407408,0.3973426994615113,0.5438348474748939,0.9105225896957386,0.4278481589363304,1.4135781024689398,0.3017009753297861,0.7039922719024752,,0.1495720584108609,3.0025260653832166,95.43209876543207,0.0672815850152105,0.0858051283752478,90.0,105.0,15.0,0.0
PHASE_000,0.0,1,170401,550.0,97.6,105.0,120.0,15.0,0.0,12,14.185185185185183,12,1.1782195015870751,10.0,0.9876543209876544,0.3914944210009284,0.4849018564665666,0.4595922516253057,0.2359239006374206,0.6790824430934184,0.2806913325758028,0.6210804596791526,,0.1767060638609595,2.9709856473337464,94.44444444444444,0.0447913804401821,0.0705977704342981,105.0,120.0,15.0,0.0
PHASE_000,0.0,1,170401,550.0,97.6,120.0,135.0,15.0,0.0,12,14.023456790123456,12,1.1881688225191758,10.0,0.8641975308641975,0.3593406362556688,0.4657428477018621,0.2387456068419777,0.188088579360806,0.3044399662678675,0.3026942250415089,0.6483665582618611,,0.2958676943608371,2.9187877866559093,94.93827160493828,0.0635594262942513,0.1143807382082286,120.0,135.0,15.0,0.0
PHASE_000,0.0,2,170402,550.0,97.6,15.0,30.0,15.0,0.0,12,14.011111111111113,13,1.0448021636552405,10.0,0.9876543209876544,,0.6116470025667421,1.5185415764609496,0.2985631664250869,2.7449274851530343,0.8296628787354439,6.244199620240376,0.4645127198550822,0.1512524617512582,3.114025137739706,94.81481481481482,0.146704884384007,0.2170224719351922,15.0,30.0,15.0,0.0
PHASE_000,0.0,2,170402,550.0,97.6,30.0,45.0,15.0,0.0,12,14.090123456790124,14,0.8983764751834474,10.0,0.7407407407407408,,0.3789209928305254,0.3108302582362561,0.1500078328263574,0.5044730765966731,0.5944675789403648,2.873165481733845,0.3499230516233278,0.3021270030817396,3.0050434645454094,96.29629629629628,0.0459734998285321,0.061070131265187,30.0,45.0,15.0,0.0
PHASE_000,0.0,2,170402,550.0,97.6,45.0,60.0,15.0,0.0,12,13.892592592592592,14,0.8788546760991033,10.0,0.7407407407407408,,0.5448083944445096,0.9924789828691104,0.660280541207904,1.2844028193318222,0.5310761138232409,1.769663349528011,0.5954338026817536,0.1522602739848549,3.041693898034372,94.44444444444444,0.0893712715016989,0.1279052328767823,45.0,60.0,15.0,0.0
PHASE_000,0.0,2,170402,550.0,97.6,60.0,75.0,15.0,0.0,12,14.028395061728396,16,0.8251189136514673,10.0,0.6172839506172839,0.556060759472918,0.4570107906236443,0.6661479178519835,0.3930919021630694,1.0016635372426073,0.3893956701097225,1.1319460700126935,0.3929262279313281,0.1800277795836837,2.9913865842848937,93.58024691358024,0.0581384272027225,0.0713701513981042,60.0,75.0,15.0,0.0
PHASE_000,0.0,2,170402,550.0,97.6,75.0,90.0,15.0,0.0,12,13.946913580246914,14,0.8984254379870629,10.0,0.4938271604938271,0.5999403714775542,0.5268458153722753,0.9660620088488202,0.5507978321436195,1.4271390417882115,0.3762412971844804,0.9672055271175862,,0.1421618412482931,2.970896534469412,94.320987654321,0.0577928312451436,0.1099877603332658,75.0,90.0,15.0,0.0
PHASE_000,0.0,2,170402,550.0,97.6,90.0,105.0,15.0,0.0,12,13.98148148148148,15,0.8306696981834101,10.0,0.4938271604938271,0.5276528896160585,0.4732859724116475,0.5061106684566521,0.3318195782912267,0.6987986060157103,0.3016809524089516,0.7038407375043465,,0.2931506282022738,3.032838923371273,95.1851851851852,0.0492998414704071,0.0728816173198902,90.0,105.0,15.0,0.0
PHASE_000,0.0,2,170402,550.0,97.6,105.0,120.0,15.0,0.0,12,14.185185185185183,12,1.1782192748554212,10.0,0.6172839506172839,0.4655149554557029,0.4268763852455954,0.0679820637887431,0.0804590096550465,0.097741536570689,0.2805558539665206,0.6208373374839451,,0.1256143303564064,3.0793360216152315,94.07407407407408,0.0814665830681849,0.0977881714818669,105.0,120.0,15.0,0.0
PHASE_000,0.0,2,170402,550.0,97.6,120.0,135.0,15.0,0.0,12,14.023456790123456,12,1.188168740007487,10.0,0.6172839506172839,0.421710164038543,0.4682760243942661,0.4182004524161153,0.2074644389061744,0.6508180644436494,0.3027036130899758,0.6483441924870295,,0.1856574558131532,3.09248655149177,94.69135802469135,0.0634977502969499,0.0908870597639531,120.0,135.0,15.0,0.0
PHASE_000,0.0,3,170403,550.0,97.6,15.0,30.0,15.0,0.0,12,14.011111111111113,13,1.0448021462161134,10.0,0.9876543209876544,,0.6916733342813349,1.655260288892923,0.6725696522861263,2.555166065709336,0.830203241023951,6.245248139203481,0.5522473338965448,0.2450681503954297,3.0437093516196105,94.43757725587145,0.1208086678804073,0.1746718865830889,15.0,30.0,15.0,0.0
PHASE_000,0.0,3,170403,550.0,97.6,30.0,45.0,15.0,0.0,12,14.090123456790124,14,0.8983764972527957,10.0,0.7407407407407408,,0.5620236476026081,1.1221770272535314,0.4175902823243278,1.832651675051881,0.5940653337401801,2.8718367880964664,0.4145162073976772,0.1134499984382682,2.983312627984521,94.07407407407408,0.0857887362215825,0.1467333151720754,30.0,45.0,15.0,0.0
PHASE_000,0.0,3,170403,550.0,97.6,45.0,60.0,15.0,0.0,12,13.892592592592592,14,0.8788546650716785,10.0,1.1111111111111112,,0.6744175279635846,1.4208867685446955,0.8725060132638046,1.9987112281981687,0.5307368392809856,1.7689355382387906,0.6295232030574504,0.2937931945702585,2.9924322202529643,94.5679012345679,0.0768566449776439,0.1059504758177556,45.0,60.0,15.0,0.0
PHASE_000,0.0,3,170403,550.0,97.6,60.0,75.0,15.0,0.0,12,14.028395061728396,16,0.825118914665549,10.0,0.6172839506172839,0.2517105941788256,0.3943501935484428,0.2811211514699746,0.1182153572577274,0.5325388237372245,0.3894052521539762,1.1320490286383431,0.5445512285729976,0.1881230279628365,2.965903966501208,94.93827160493828,0.0839188526169274,0.1089602595913527,60.0,75.0,15.0,0.0
PHASE_000,0.0,3,170403,550.0,97.6,75.0,90.0,15.0,0.0,12,13.946913580246914,14,0.898425459457875,10.0,0.8641975308641975,0.2282064958864161,0.4332884417306102,0.5920218175543493,0.2773609641342196,0.8694585687719784,0.3764698377920267,0.967731129432683,,0.3017457025756295,3.030553196324928,95.43209876543207,0.0690191832051176,0.1182394285199289,75.0,90.0,15.0,0.0
PHASE_000,0.0,3,170403,550.0,97.6,90.0,105.0,15.0,0.0,12,13.98148148148148,15,0.8306697257053983,10.0,1.2345679012345678,0.2508103900291631,0.3894462367330732,0.5146042899296853,0.3970714529893922,0.6452017375420439,0.301801046566668,0.7041060194087428,,0.2466865629284529,3.017398506652409,95.679012345679,0.1032594101976516,0.1531105641061873,90.0,105.0,15.0,0.0
PHASE_000,0.0,3,170403,550.0,97.6,105.0,120.0,15.0,0.0,12,14.185185185185183,12,1.226964866707645,10.0,1.3580246913580247,0.2677266349865748,0.418998823709005,0.6189329030937756,0.2731252891565777,0.9427877746192236,0.2809406107833059,0.6213398564518853,,0.316001794988385,3.0170410011700834,95.80246913580248,0.0600432211449725,0.0262519777965939,105.0,120.0,15.0,0.0
PHASE_000,0.0,3,170403,550.0,97.6,120.0,135.0,15.0,0.0,12,14.023456790123456,12,1.1881686703560057,10.0,1.1111111111111112,0.2633608231214558,0.372003499854951,0.1523050183108657,0.1014200344191095,0.2019683963346357,0.3027520108569774,0.6483765555198998,,0.8563335326523279,2.9844881252519,95.679012345679,0.0488094098799932,0.0624820859186368,120.0,135.0,15.0,0.0
PHASE_000,0.0,4,170404,550.0,97.6,15.0,30.0,15.0,0.0,12,14.011111111111113,13,1.0448021927303686,10.0,0.7407407407407408,,0.5797749902076889,1.4130729422740336,0.588059986422498,2.154152812853229,0.8296957907562549,6.244840153130292,0.4619086044648984,0.0733948915101387,3.035115692071433,95.30864197530865,0.1042789288000849,0.1450082014254931,15.0,30.0,15.0,0.0
PHASE_000,0.0,4,170404,550.0,97.6,30.0,45.0,15.0,0.0,12,14.090123456790124,14,0.8983764950159885,10.0,0.3703703703703704,,0.7547061760250255,1.9994071732670928,0.4190290520776003,3.7508846622103458,0.5940350228555287,2.871781380761921,0.4705907194215638,0.2313891275086059,2.9215134934857114,96.17283950617283,0.045859513170754,0.0694472091682046,30.0,45.0,15.0,0.0
PHASE_000,0.0,4,170404,550.0,97.6,45.0,60.0,15.0,0.0,12,13.892592592592592,14,0.8788546637093878,10.0,0.2469135802469135,,0.8052213617077055,2.1145306995441966,0.7774695298309541,3.549938186821462,0.530672309168918,1.7687269437000188,0.5452197674073386,0.262584602716977,3.044613487355971,94.93827160493828,0.0506421944723755,0.0864445379113956,45.0,60.0,15.0,0.0
PHASE_000,0.0,4,170404,550.0,97.6,60.0,75.0,15.0,0.0,12,14.028395061728396,16,0.8251189244549157,10.0,0.4938271604938271,0.3626522538858611,0.4577453966240806,0.8770882566535453,0.3695845383902653,1.459252733361354,0.3894111880595975,1.132119778872078,0.4476844728497439,0.0477016195457939,3.0303567459805283,95.1851851851852,0.0917674615485537,0.095113488063152,60.0,75.0,15.0,0.0
PHASE_000,0.0,4,170404,550.0,97.6,75.0,90.0,15.0,0.0,12,13.946913580246914,14,0.8984254021065399,10.0,0.4938271604938271,0.5278846772984613,0.4063758147149807,0.1991789422894941,0.1963727479821529,0.1992882663260496,0.3762597977393425,0.9672901268339356,,0.1015999951898721,3.1010687845970377,96.17283950617283,0.0882754396057517,0.0994444343989592,75.0,90.0,15.0,0.0
PHASE_000,0.0,4,170404,550.0,97.6,90.0,105.0,15.0,0.0,12,13.98148148148148,15,0.8306697542545802,10.0,0.4938271604938271,0.4589313702568015,0.4344417465640667,0.3071446710478033,0.1794036440100878,0.4127790975352644,0.3017234637307872,0.7040324256844823,,0.0821938780307892,3.005033809088448,95.55555555555556,0.0843506541374858,0.1086675907263912,90.0,105.0,15.0,0.0
PHASE_000,0.0,4,170404,550.0,97.6,105.0,120.0,15.0,0.0,12,14.185185185185183,12,1.1782195059338565,10.0,0.2469135802469135,0.4072805984555703,0.4021284496879336,0.2175851154366759,0.1330766313968269,0.2934201798003058,0.2805667477139313,0.6208196275414455,,0.3577622475280597,3.05944112890771,94.81481481481482,0.0980854125505707,0.1132976854936453,105.0,120.0,15.0,0.0
PHASE_000,0.0,4,170404,550.0,97.6,120.0,135.0,15.0,0.0,12,14.023456790123456,12,1.188168694096244,10.0,0.3703703703703704,0.4015042828945636,0.4234622934719589,0.3869460493826168,0.2894558643936289,0.4947031353788305,0.3028354943020765,0.6486211129750621,,0.1090379727561108,2.98011972548911,95.1851851851852,0.0903710096936838,0.1504461893387941,120.0,135.0,15.0,0.0
PHASE_000,0.0,5,170405,550.0,97.6,15.0,30.0,15.0,0.0,12,14.011111111111113,13,1.0448021559351748,10.0,0.7407407407407408,,0.7495803231114533,1.938142651864936,0.3903955822395739,3.566405051104939,0.8296596636622324,6.243572792619174,0.4867202158123977,0.1343033876045593,2.9742384598391616,95.30864197530865,0.0678649406017334,0.0858706866697484,15.0,30.0,15.0,0.0
PHASE_000,0.0,5,170405,550.0,97.6,30.0,45.0,15.0,0.0,12,14.090123456790124,14,0.8983764561158493,10.0,0.7407407407407408,,0.4439575931030239,0.7261963938267326,0.2033327240000711,1.2319386055214303,0.5940483628452538,2.8718981749930603,0.4398831732578814,0.2121156421254015,2.997398333570741,95.1851851851852,0.0659811094687001,0.0905144978939066,30.0,45.0,15.0,0.0
PHASE_000,0.0,5,170405,550.0,97.6,45.0,60.0,15.0,0.0,12,13.892592592592592,14,0.8788546359177862,10.0,0.8641975308641975,,0.5177073078050234,1.1629795781340193,0.4691324977775632,1.8558603762576296,0.5311842283948444,1.769892079897997,0.3222711762902255,0.3421165920688198,2.9585852528616376,95.55555555555556,0.0610019700500814,0.1000167548063997,45.0,60.0,15.0,0.0
PHASE_000,0.0,5,170405,550.0,97.6,60.0,75.0,15.0,0.0,12,14.028395061728396,16,0.8251189209103661,10.0,0.8641975308641975,0.3099385175067258,0.3568796765491074,0.290764759349906,0.2901584429682819,0.2722189041027567,0.3894009011096663,1.1318262691173548,0.2053789203154134,0.1950069758941542,3.017185051958477,94.93827160493828,0.084072397596313,0.1199927338423227,60.0,75.0,15.0,0.0
PHASE_000,0.0,5,170405,550.0,97.6,75.0,90.0,15.0,0.0,12,13.946913580246914,14,0.8984254737005387,10.0,0.9876543209876544,0.3101701552042739,0.4268135691746063,0.6131585773417099,0.3670120819120175,0.8418666664667942,0.3762400431949114,0.967127788077496,,0.0769412643333135,3.0822300313656723,94.5679012345679,0.0416968208512314,0.0155479060836602,75.0,90.0,15.0,0.0
PHASE_000,0.0,5,170405,550.0,97.6,90.0,105.0,15.0,0.0,12,13.98148148148148,15,0.8306697190769516,10.0,0.9876543209876544,0.3090961467379255,0.3829195865547171,0.3624936806933606,0.3161066234362922,0.4603184922321436,0.3019505617838368,0.7044866821906508,,0.280716695613103,3.104719825797245,95.679012345679,0.0290788364890462,0.047766953027718,90.0,105.0,15.0,0.0
PHASE_000,0.0,5,170405,550.0,97.6,105.0,120.0,15.0,0.0,12,14.185185185185183,12,1.1782193368853118,10.0,0.9876543209876544,0.2882291027135792,0.3824479285481195,0.3829400212834169,0.2749284059189499,0.4643551827715328,0.2806283329010275,0.6209154519174428,,0.1920751066198294,3.004258476322099,94.19753086419752,0.0424993023994007,0.0574772161032639,105.0,120.0,15.0,0.0
PHASE_000,0.0,5,170405,550.0,97.6,120.0,135.0,15.0,0.0,12,14.023456790123456,12,1.1881686714354096,10.0,0.8641975308641975,0.293596915543389,0.3990772544277099,0.5506584149181475,0.2726411421984845,0.8377539396431564,0.3027032979078515,0.6483163443470307,,0.114790521302556,3.052688505261077,94.5679012345679,0.0475478024342164,0.0476921461382919,120.0,135.0,15.0,0.0
PHASE_000,0.0,6,170406,550.0,97.6,15.0,30.0,15.0,0.0,12,14.011111111111113,13,1.0448021954054414,10.0,1.851851851851852,,0.7275445669063457,1.9038737597712028,0.4277605301276166,3.2896636416564577,0.8300642894833741,6.244932741184032,0.4619246161034035,0.0706323147330288,3.1938922657893003,93.45679012345678,0.07281400018695,0.1005934336469086,15.0,30.0,15.0,0.0
PHASE_000,0.0,6,170406,550.0,97.6,30.0,45.0,15.0,0.0,12,14.090123456790124,14,0.8983764618780978,10.0,1.851851851851852,,0.6796697769417112,1.7215912171424446,0.7053526985450247,2.8913305204778705,0.5942813257924462,2.873737547278923,0.4427038090048459,0.1943045768808503,3.126622662931234,95.05562422744129,0.1121927215929198,0.129252536015426,30.0,45.0,15.0,0.0
PHASE_000,0.0,6,170406,550.0,97.6,45.0,60.0,15.0,0.0,12,13.892592592592592,14,0.8788546645732751,10.0,1.2345679012345678,,0.461761285434539,0.752051011691183,0.3285399920591711,1.28354064389694,0.530757977185129,1.7694253316478212,0.4460939280480571,0.2333894704022172,3.118904997336186,94.320987654321,0.0820346623451872,0.0953672477013427,45.0,60.0,15.0,0.0
PHASE_000,0.0,6,170406,550.0,97.6,60.0,75.0,15.0,0.0,12,14.028395061728396,16,0.8251189313992179,10.0,2.2222222222222223,0.3465007439690001,0.4257838439518341,0.6461138651183933,0.3662148440138072,0.8740345808719332,0.38968835692865,1.1326892165014508,0.425057719060362,0.1510637823564928,3.066187631495416,94.80840543881337,0.074860985273448,0.0681242755993318,60.0,75.0,15.0,0.0
PHASE_000,0.0,6,170406,550.0,97.6,75.0,90.0,15.0,0.0,12,13.946913580246914,14,0.8984254558309502,10.0,1.6049382716049383,0.3960163185436181,0.4135247302594924,0.4614492107745268,0.3624294887240508,0.6003023448619836,0.3764010493991435,0.9675529606825232,,0.2299162545610079,3.141735655142014,94.44444444444444,0.0769413864303333,0.0843288290403843,75.0,90.0,15.0,0.0
PHASE_000,0.0,6,170406,550.0,97.6,90.0,105.0,15.0,0.0,12,13.98148148148148,15,0.8306697140811835,10.0,1.851851851851852,0.4025516853276809,0.4268577864602654,0.5522952280509943,0.3401431852651479,0.8425848533634579,0.3018034469619046,0.7040758654503463,,0.3070267291310952,3.1375869373411334,93.7037037037037,0.0766037253247907,0.1286825144570152,90.0,105.0,15.0,0.0
PHASE_000,0.0,6,170406,550.0,97.6,105.0,120.0,15.0,0.0,12,14.185185185185183,12,1.1782193628648756,10.0,1.9753086419753083,0.3758050420580223,0.3976127419444072,0.1907890270863682,0.182231331719208,0.2282821069814721,0.2806026249423788,0.6208086955606166,,0.1732215682841743,3.1622173687098205,92.95426452410383,0.0394287479710472,0.0250733463348816,105.0,120.0,15.0,0.0
PHASE_000,0.0,6,170406,550.0,97.6,120.0,135.0,15.0,0.0,12,14.023456790123456,12,1.1881687610059763,10.0,1.9753086419753083,0.3489937217944298,0.4166008547780277,0.2894724229905027,0.1511504561441927,0.4398737906295318,0.3027217481142471,0.6482966901847959,,0.3068847000331401,3.182302627135784,94.320987654321,0.0449441625747135,0.0526335571433281,120.0,135.0,15.0,0.0
PHASE_000,0.0,7,170407,550.0,97.6,15.0,30.0,15.0,0.0,12,14.011111111111113,13,1.0448021365631743,10.0,1.2345679012345678,,1.1923813537924803,3.3076273520187547,0.8739644277685272,5.722516898821464,0.8296673088480664,6.242943944669528,0.5045382590725074,0.5221228379914521,2.9566925248220937,95.1851851851852,0.0602526367968101,0.1020568265566849,15.0,30.0,15.0,0.0
PHASE_000,0.0,7,170407,550.0,97.6,30.0,45.0,15.0,0.0,12,14.090123456790124,14,0.8983764809476344,10.0,1.4814814814814816,,0.4879751603985711,0.6891858990380939,0.3822234966819702,1.0373492733288232,0.5940405594030937,2.871617440634181,0.4328046034091317,0.4678881227239924,2.8960166678433588,95.679012345679,0.0777976475148071,0.1265974943701486,30.0,45.0,15.0,0.0
PHASE_000,0.0,7,170407,550.0,97.6,45.0,60.0,15.0,0.0,12,13.892592592592592,14,0.8788546602025236,10.0,1.2345679012345678,,0.5219261481807653,0.5943169453815319,0.391375067830553,0.8435853876112104,0.5306575913799152,1.7685195369040014,0.5535504726605502,0.4872174787701659,3.056516868377537,95.679012345679,0.0612880910905549,0.048224547665372,45.0,60.0,15.0,0.0
PHASE_000,0.0,7,170407,550.0,97.6,60.0,75.0,15.0,0.0,12,14.028395061728396,16,0.8251189042263108,10.0,0.9876543209876544,0.5048628800693409,0.4743604523903497,0.676892024158563,0.3061586357410896,1.0748622322797876,0.3897208532174416,1.1325337406319491,0.369658475760552,0.2800213615696096,2.923619414633017,94.81481481481482,0.0801485274620459,0.0927459368067223,60.0,75.0,15.0,0.0
PHASE_000,0.0,7,170407,550.0,97.6,75.0,90.0,15.0,0.0,12,13.946913580246914,14,0.8984254091159233,10.0,1.1111111111111112,0.398273888971329,0.4232351507810466,0.1948139038818019,0.1918651326998294,0.2155313691506011,0.3763134088248574,0.9671854394553508,,0.6070780776561207,3.006901084301209,95.30864197530865,0.0835435893474659,0.1157980733409008,75.0,90.0,15.0,0.0
PHASE_000,0.0,7,170407,550.0,97.6,90.0,105.0,15.0,0.0,12,13.98148148148148,15,0.8306697381623572,10.0,0.8641975308641975,0.3524823579571122,0.4825738111691016,0.2164680277789375,0.2002279472981165,0.2451091772140932,0.3016826261047763,0.7038143327656585,,0.4929349234599097,3.010069450509981,95.1851851851852,0.0814295855890254,0.0968425191133707,90.0,105.0,15.0,0.0
PHASE_000,0.0,7,170407,550.0,97.6,105.0,120.0,15.0,0.0,12,14.185185185185183,12,1.1782195402688234,10.0,0.8641975308641975,0.3258211774482314,0.4129185904595487,0.231558030233766,0.1744442055969474,0.320046929249093,0.2806490651790985,0.6209294517709076,,0.2589655142634842,3.1182213781733834,93.95061728395062,0.0627559239084132,0.1401899202382322,105.0,120.0,15.0,0.0
PHASE_000,0.0,7,170407,550.0,97.6,120.0,135.0,15.0,0.0,12,14.023456790123456,12,1.1881688978959368,10.0,1.1111111111111112,0.3127003312546584,0.4296465298506299,0.4100304966984297,0.2011907961897792,0.669979324146567,0.3028791133317088,0.6485647768292702,,0.4397518127005033,3.032811377501639,94.69135802469135,0.0601847361857049,0.0860820415542946,120.0,135.0,15.0,0.0
