scenario_id,scenario_index,scenario_seed,pseudorange_noise_std_m,accelerometer_noise_std_mps2,accelerometer_bias_x_mps2,accelerometer_bias_y_mps2,accelerometer_bias_z_mps2,gyro_noise_std_degps,gyro_bias_x_degps,gyro_bias_y_degps,gyro_bias_z_degps,star_tracker_noise_std_deg,initial_position_error_x_m,initial_position_error_y_m,initial_position_error_z_m,initial_velocity_error_x_mps,initial_velocity_error_y_mps,initial_velocity_error_z_mps,non_gravitational_acceleration_mps2,fault_magnitude_m,fault_start_min,fault_duration_min,gnss_outage_duration_min,star_tracker_outage_duration_min,dual_outage_duration_min,accelerometer_bias_norm_mps2,gyro_bias_norm_degps,initial_position_error_norm_m,initial_velocity_error_norm_mps,time_sync_error_s,sequence_failed_epochs,paired_sequences_complete,nominal_valid_epochs,fault_valid_epochs,fdir_pfa,temporal_ai_pfa,naive_or_pfa,hybrid_pfa,fdir_pd,temporal_ai_pd,naive_or_pd,hybrid_pd,hybrid_minus_fdir_pd,temporal_minus_fdir_pd,fdir_false_alarm_episodes,temporal_ai_false_alarm_episodes,naive_or_false_alarm_episodes,hybrid_false_alarm_episodes,fdir_episode_detected,temporal_ai_episode_detected,hybrid_episode_detected,fdir_preexisting_alarm,temporal_ai_preexisting_alarm,hybrid_preexisting_alarm,fdir_latency_s,temporal_ai_latency_s,hybrid_latency_s,nominal_mean_ai_score,fault_mean_ai_score,frozen_ai_threshold,fault_magnitude_quartile,noise_quartile
AURORA16_000,0,1601000,1.7755075841071664,8.23928316060261e-07,1.1436245493938876e-06,-4.812925502215078e-07,-2.282873374587075e-06,0.0004645711711944,0.0003595706206496,-7.759115107884573e-06,-0.0017831801428341,0.0118968538793735,95.77347310782676,-116.91423048530328,2.0393006800450166,-0.0640476398343118,0.0167844966757875,-0.1716381301562582,1.737131370521903e-05,73.30439426911713,100.42088877288109,7.333732498433792,17.824896461560627,6.914417465897046,15.45899962920924,2.598274518459063e-06,0.0018190884137115,151.1477892275301,0.1839659403817508,0.0,0,True,134,44,1.4925373134328357,0.0,1.4925373134328357,1.4925373134328357,97.72727272727272,100.0,100.0,100.0,2.2727272727272663,2.2727272727272663,2,0,2,2,1,1,1,0,0,0,4.746673627134896,4.746673627134896,4.746673627134896,0.5420528262897912,0.7272268994714804,0.632234050729579,Q4 strongest,Q1 lowest noise
AURORA16_001,1,1601001,1.618097965257021,4.0372814132806746e-07,-1.2997312087022949e-06,-4.412139535720037e-06,-2.4523086340765934e-06,0.0003122393404819,-0.0009727927588575,0.0010443124069601,-8.004209629500648e-06,0.0395677232651421,-96.45090944267334,68.90349978455333,-69.8404079653858,0.1863499174780309,-0.1631130306540345,-0.0930919739883601,2.895903274850084e-05,64.14873172906886,108.03287182575131,7.479595155254617,15.344737297203771,11.33446955145674,11.007733728458762,5.212494041656562e-06,0.0014272274599336,137.57962349000027,0.264571858167611,0.0,0,True,134,45,0.7462686567164178,0.7462686567164178,0.7462686567164178,0.7462686567164178,91.11111111111111,100.0,100.0,100.0,8.888888888888886,8.888888888888886,1,1,1,1,1,1,1,0,0,0,8.027690454921412,8.027690454921412,8.027690454921412,0.5525078998196223,0.7180413762922032,0.632234050729579,Q4 strongest,Q1 lowest noise
AURORA16_002,2,1601002,1.6767280948823262,8.760807693612987e-07,-4.548726556867467e-06,3.074129090794024e-06,-4.589471791310952e-06,0.0006020944479852,0.0001488262702958,0.0009872866050176,0.001971086690239,0.0370503441402531,144.65545690544195,17.43044327251951,-50.51505978427343,-0.1560631670088157,-0.1946954476414774,-0.147364051114943,2.062677002616324e-05,32.20375474000633,109.73930205703176,9.445957342659486,19.40056524878515,5.246248575793524,16.829208338215615,7.155727375973488e-06,0.0022095399610812,154.21022284598197,0.2897899118156882,0.0,0,True,134,57,0.0,0.0,0.0,0.0,70.17543859649122,91.2280701754386,91.2280701754386,96.49122807017544,26.31578947368422,21.05263157894737,0,0,0,0,1,1,1,0,0,0,15.641876578094127,15.641876578094127,15.641876578094127,0.5211886721513518,0.6927571278784843,0.632234050729579,Q2,Q1 lowest noise
AURORA16_003,3,1601003,1.7381345738931957,7.464075012057015e-07,-1.740188182311659e-06,-4.861142887390958e-06,2.874053391398247e-06,0.0002693682186306,0.0009449199856289,-0.0008563432387651,0.0009582663514585,0.0183418433658873,-2.616684300828126,186.077944158248,22.531236377145632,-0.0373814128220343,0.0240451482012849,0.1588444841498222,2.1743387909702103e-05,22.240589827364253,105.07790350357412,6.192707400226277,17.47606141141086,11.4836901530117,17.719871445390385,5.909242589206897e-06,0.0015951400948372,187.45534121911027,0.1649457769129487,0.0,0,True,134,37,0.7462686567164178,0.7462686567164178,0.7462686567164178,0.7462686567164178,16.216216216216218,35.13513513513514,35.13513513513514,40.54054054054054,24.324324324324323,18.91891891891892,1,1,1,1,1,1,1,0,0,0,15.325789785552502,15.325789785552502,15.325789785552502,0.5203474357616182,0.6032971102463033,0.632234050729579,Q1 weakest,Q1 lowest noise
AURORA16_004,4,1601004,3.0341180819001154,9.412274217727097e-07,4.865740322526362e-06,2.0356894691611138e-06,2.055113597592643e-06,0.0002592279049894,0.0011690060663003,-0.001453128902782,0.0006736223484317,0.0419474319912169,25.40782303639716,67.77211600677691,-106.54453653400684,-0.1179984722905296,-0.0930045085136862,0.0449648711976395,2.599699388598089e-05,61.48687537817759,108.13094463686178,8.462495687774814,19.002008876864853,11.193108054412145,16.50107882859338,5.6606494680489246e-06,0.0019829084344604,128.80355369604993,0.1568289441034133,0.0,0,True,134,51,1.4925373134328357,5.970149253731343,5.970149253731343,5.223880597014925,49.01960784313725,84.31372549019608,84.31372549019608,84.31372549019608,35.294117647058826,35.294117647058826,2,4,4,2,1,1,1,0,0,0,22.14332178829295,22.14332178829295,22.14332178829295,0.5298518552934844,0.6832494422056455,0.632234050729579,Q4 strongest,Q3
AURORA16_005,5,1601005,2.32829854902806,4.5772217382649483e-07,4.187816647919674e-06,-2.6798371429971496e-06,-8.53127370391366e-07,0.0003376004934219,-0.0001569673167358,-0.0006911528045977,-0.0013155669568372,0.0149914904444126,168.92509598806868,-141.85235335315878,88.2662105962367,-0.17025021045583,0.1674890420149045,0.119456003334692,3.1035786249854825e-05,39.26915345315899,102.54512197216556,5.076543359828536,19.30360562742562,7.259110226009685,10.661012334379633,5.044517984871418e-06,0.0014943384341402,237.58935611560304,0.2670345484914317,0.0,0,True,134,30,0.7462686567164178,0.0,0.7462686567164178,0.7462686567164178,56.66666666666666,93.33333333333331,93.33333333333331,100.0,43.333333333333336,36.66666666666666,1,0,1,1,1,1,1,0,0,0,7.292681670066656,7.292681670066656,7.292681670066656,0.4799839530082702,0.6782162074527065,0.632234050729579,Q2,Q2
AURORA16_006,6,1601006,3.773050726031773,7.704938199142795e-07,-1.4342855363022574e-06,-2.377279435264595e-06,1.620735761073509e-06,0.0002799819429909,-0.0015716532488745,0.0006615207628022,-0.0014184374562406,0.0347118245850703,179.54893501899852,-57.277150878009735,-61.38627208033285,-0.109191095203589,0.1345873490224527,0.0298888505196161,3.390189264808038e-05,26.826819388319223,101.8092446375846,9.63570786324155,13.05599875420914,8.503847454566365,15.96069862500427,3.2148743241688822e-06,0.0022180325677462,198.2088960644287,0.1758686816179467,0.0,0,True,134,58,2.238805970149253,5.970149253731343,5.970149253731343,7.462686567164178,20.689655172413797,51.72413793103448,51.72413793103448,56.896551724137936,36.20689655172414,31.03448275862069,3,4,4,4,1,1,1,0,0,0,1.445321744923831,1.445321744923831,1.445321744923831,0.5066788169831431,0.6346872233677603,0.632234050729579,Q2,Q3
AURORA16_007,7,1601007,1.868262343298196,3.744772429697052e-07,-1.6994336390096913e-06,-1.9592111186466767e-06,-3.975845926913675e-06,0.0003793214534247,-0.0007933590209624,0.0005335918291212,0.000297201498756,0.010536777814197,187.10717750832464,79.14273400419347,60.18627837613303,-0.1481720215521071,-0.0405484267202795,0.0393117045726152,1.701775524029136e-05,13.762837188726785,107.26727146250111,7.12487538551432,14.760997062074074,6.693673349770759,18.491000329655364,4.746992072395165e-06,0.0010012329934187,211.884535361974,0.1585702777847493,0.0,0,True,134,43,0.7462686567164178,0.0,0.7462686567164178,0.7462686567164178,2.3255813953488373,0.0,2.3255813953488373,2.3255813953488373,0.0,-2.3255813953488373,1,0,1,1,1,0,1,0,0,0,303.9637122499329,,303.9637122499329,0.5243692718314007,0.5229891550413304,0.632234050729579,Q1 weakest,Q1 lowest noise
AURORA16_008,8,1601008,2.014519114840588,4.938923744860204e-07,-2.970734940532272e-06,7.88134780528527e-07,-3.5154409001520568e-06,0.000419181421,-0.001986009375188,-0.0016918586181145,0.0004836402721546,0.0104740798113398,124.86374605606876,26.55007903618926,38.25844913459696,0.0628655016919856,0.069518080354409,0.0313939056976813,1.0328254481626611e-05,58.54692274368483,109.85391983208692,5.67345330277798,12.65919263548329,5.8931415940875045,19.488208206202955,4.669555358022853e-06,0.0026533990907651,133.26503932452377,0.0988453950070615,0.0,0,True,134,34,0.7462686567164178,0.0,0.7462686567164178,0.7462686567164178,79.41176470588235,100.0,100.0,100.0,20.58823529411765,20.58823529411765,1,0,1,1,1,1,1,0,0,0,8.764810074785032,8.764810074785032,8.764810074785032,0.5041589032554916,0.6741079844900106,0.632234050729579,Q3,Q1 lowest noise
AURORA16_009,9,1601009,5.246188124242464,3.394600890282565e-07,2.644612458058437e-06,-3.690319172163856e-06,3.073017536737533e-06,0.0005221832267897,-0.0015595951901867,-0.0014071744805712,-0.0015759381319408,0.0412792729048852,64.15454062195198,6.909113594352505,84.20488532619521,0.1918482927675166,-0.112611215991348,-0.0649887277144718,2.5877997129510464e-05,24.63505964397285,104.25630553405875,7.554927354283901,10.960025844700857,14.878868682723986,13.739497444026902,5.482323177892236e-06,0.0026260346859342,106.0848888667516,0.2317554489862246,0.0,0,True,134,45,1.4925373134328357,7.462686567164178,7.462686567164178,6.7164179104477615,4.444444444444445,22.22222222222222,22.22222222222222,26.666666666666668,22.22222222222222,17.77777777777778,2,2,2,1,1,1,1,0,0,0,14.621667956474766,14.621667956474766,14.621667956474766,0.5410308244280734,0.5824291593335992,0.632234050729579,Q2,Q4 highest noise
AURORA16_010,10,1601010,4.68042713981466,3.015757717158936e-07,5.134846762575303e-07,-4.627144391971337e-06,-6.533720837054201e-07,0.0004275683486954,0.0003880619458473,0.0011203281603022,0.0010002752094246,0.0325302217948619,109.00248843893404,111.86040338069392,17.87011103370935,-0.0547567105939082,0.1032992111915863,-0.1037533634400206,1.2745614300977847e-05,47.3571772769594,108.44435239829372,8.693807840895479,11.759550473591158,9.955489437392526,18.81988787786344,4.701172919247776e-06,0.0015512181520245,157.2057034548321,0.1563130986609439,0.0,0,True,134,52,0.0,0.0,0.0,0.0,19.230769230769237,80.76923076923077,80.76923076923077,88.46153846153845,69.23076923076923,61.53846153846154,0,0,0,0,1,1,1,0,0,0,33.33885610237701,33.33885610237701,33.33885610237701,0.5307211886138737,0.6682081088605193,0.632234050729579,Q3,Q4 highest noise
AURORA16_011,11,1601011,5.616398554878109,4.317153272117534e-07,-3.940541385262648e-06,3.907168741309226e-06,-4.1625670377519096e-08,0.0004052466951565,0.0013218634959098,0.0007311581682953,0.0013146665141946,0.0162057804235716,-118.97404179256476,-167.17193672645809,108.44423365078616,0.0075382467243538,-0.0359926035769163,-0.154380867192682,1.8912227646827937e-05,37.43797299421091,102.86575260625052,7.230682044443089,18.04983522918186,8.123775366208509,14.022229720270598,5.549375341285356e-06,0.0020025642093148,232.08065593978347,0.1587001727506521,0.0,0,True,134,43,0.0,0.7462686567164178,0.7462686567164178,0.0,9.30232558139535,39.53488372093023,39.53488372093023,34.88372093023256,25.581395348837205,30.23255813953488,0,1,1,0,1,1,1,0,0,0,58.05484362496827,28.05484362496827,38.05484362496856,0.5549650447973987,0.6180016782725706,0.632234050729579,Q2,Q4 highest noise
AURORA16_012,12,1601012,2.3932850720943297,4.882385798097926e-07,-1.7808545650807644e-07,3.43144264063816e-06,-4.879343584533513e-06,0.0006972403353708,0.0007795622186956,-0.001828465088447,-0.0008682866897826,0.0261873470482742,-163.38868200331598,-15.045219265651554,182.43246639558544,-0.0108982435525784,0.1733287707447654,-0.0293305657816932,2.750846335096771e-05,7.398618732709641,105.65365030304233,8.167998196931304,15.95133502638875,10.812964598972988,17.814757691123404,5.967789108349743e-06,0.0021690835871724,245.3646772147708,0.1761303964950315,0.0,0,True,134,49,1.4925373134328357,0.0,1.4925373134328357,1.4925373134328357,4.081632653061225,0.0,4.081632653061225,4.081632653061225,0.0,-4.081632653061225,2,0,2,2,1,0,1,0,0,0,200.78098181746043,,200.78098181746043,0.5240467736276467,0.5026636966090199,0.632234050729579,Q1 weakest,Q2
AURORA16_013,13,1601013,5.1482787619058,2.519468748801443e-07,-3.4187935842144266e-06,-1.1338308075663403e-06,-4.31193336454102e-06,0.000753242640271,0.0006486154346272,0.0019524810286682,-0.0010032870527891,0.0137747203794924,14.993787079197888,-150.9146523545499,-139.28145275800563,0.1041659348459682,-0.0827546953143798,-0.0232867660035484,1.627381727811861e-05,76.37246707300234,107.86245300853776,9.145400533066098,14.241511336446882,14.724714393336162,18.94128418565078,5.618406465528665e-06,0.0022889886543276,205.91107068016407,0.1350598202642605,0.0,0,True,134,55,0.0,1.4925373134328357,1.4925373134328357,0.0,34.54545454545455,78.18181818181819,78.18181818181819,81.81818181818183,47.27272727272728,43.63636363636364,0,2,2,0,1,1,1,0,0,0,28.25281948773437,28.25281948773437,28.25281948773437,0.5368302179641873,0.665641024259377,0.632234050729579,Q4 strongest,Q4 highest noise
AURORA16_014,14,1601014,2.187086014217859,8.427394143632799e-07,4.270922237809082e-06,-7.329216720149858e-07,4.2038992363343e-06,0.0005079334090062,-0.0004239147751145,0.0012752172274437,-0.0003848511204402,0.0211364051518496,-84.4572394148258,-62.83314341261729,51.90690366760444,0.1362540520420265,-0.0003161629928299,0.0686841734214352,2.2139438354824284e-05,12.88946202213662,102.0599435197721,6.404290888054103,17.19441350095147,10.385723182387848,14.12756995846804,6.037443144906086e-06,0.0013978530318434,117.36846190115004,0.1525869664666518,0.0,0,True,134,38,0.0,0.0,0.0,0.0,2.631578947368421,2.631578947368421,2.631578947368421,2.631578947368421,0.0,0.0,0,0,0,0,1,1,1,0,0,0,156.40338881367398,156.40338881367398,156.40338881367398,0.534578501393897,0.5612267416621598,0.632234050729579,Q1 weakest,Q2
AURORA16_015,15,1601015,1.959759051688453,4.743287085756228e-07,2.5870016050119056e-07,2.207286162740125e-06,-3.3109340399713844e-06,0.0004372409600415,0.0001014992525886,0.0008198775996638,-0.0017445898749424,0.0456044513786938,77.41874940409264,-70.78252301785935,-170.22010395256342,-0.122767466568755,-0.0704572007210382,-0.1284756469785217,2.2767875489166973e-05,19.05549247483503,108.72067943284648,9.021355027101905,11.578007093576742,12.857947826738036,13.42009329924314,3.987646197233225e-06,0.0019303096146624,199.94677320149225,0.191159775705311,0.0,0,True,134,54,1.4925373134328357,1.4925373134328357,2.238805970149253,2.985074626865672,25.925925925925924,27.77777777777778,31.48148148148148,37.03703703703704,11.111111111111114,1.8518518518518547,2,1,2,2,1,1,1,0,0,0,256.75923402921114,346.75923402921114,256.75923402921114,0.5023097611423214,0.561773727828252,0.632234050729579,Q1 weakest,Q1 lowest noise
AURORA16_016,16,1601016,2.491469501971319,7.307861473221981e-07,3.565610617494786e-06,-1.519652639442738e-06,4.999173105822648e-06,0.0003522183056645,0.0012577765636338,-0.0011992503922845,0.0015102155879253,0.0256093339139343,69.37851187867602,-112.2572724859189,-76.11721093726074,0.0359841420904222,0.0823818455383352,-0.1840836755696124,2.2834463339802373e-05,10.745345805027092,107.14870697567083,8.075800045070228,16.973801669209685,11.890922345277882,18.23725748104452,6.325713790722537e-06,0.002302380183513,152.3446846376495,0.2048619695490213,0.0,0,True,134,49,0.7462686567164178,0.7462686567164178,0.7462686567164178,0.7462686567164178,2.0408163265306123,0.0,2.0408163265306123,2.0408163265306123,0.0,-2.0408163265306123,1,1,1,1,1,0,1,0,0,0,51.07758145974998,,51.07758145974998,0.5142553559799435,0.5252275349111539,0.632234050729579,Q1 weakest,Q2
AURORA16_017,17,1601017,1.7842915668084969,2.806454368555369e-07,4.691767620858159e-06,-1.8231979607883352e-06,-4.1046793277158495e-06,0.0003641992227558,-0.001093590685252,-0.001539841202529,-0.000748152738648,0.0202996954677724,-137.06464550639257,-159.89553058802062,-35.77298487142846,0.1809475368964936,-0.1230052319553441,0.0893224815391349,1.8479959749057863e-05,23.013735288541657,103.92799330324615,7.826843449346215,14.949882733235231,14.377439289174802,11.28134308069051,6.495007821067933e-06,0.0020314487530387,213.6188292179066,0.2363277467958534,0.0,0,True,134,47,0.7462686567164178,0.0,0.7462686567164178,0.7462686567164178,25.53191489361702,25.53191489361702,34.04255319148936,36.17021276595745,10.63829787234043,0.0,1,0,1,1,1,1,1,0,0,0,4.320401805230745,4.320401805230745,4.320401805230745,0.5057142716222218,0.5777985665030021,0.632234050729579,Q1 weakest,Q1 lowest noise
AURORA16_018,18,1601018,2.753744880796761,7.078699789849241e-07,-4.335146807948301e-06,-3.3458002864458872e-06,3.6819242673919072e-06,0.000730242421313,0.0005978268363515,0.001557169635642,0.0007081096324686,0.0109205425355284,-114.12040551935624,21.285728205654124,66.97804852025172,-0.1351549949256908,0.0289129343954177,-0.1075088940736688,1.0848667454471164e-05,50.43826501848613,105.17285918393156,5.213490963324153,12.054343399954163,14.260091228710593,12.191138120732244,6.598821388252235e-06,0.0018120688320321,134.02465506289687,0.1751028061844257,0.0,0,True,134,31,0.0,0.0,0.0,0.0,16.129032258064516,67.74193548387096,67.74193548387096,67.74193548387096,51.61290322580645,51.61290322580645,0,0,0,0,1,1,1,0,0,0,159.62844896410587,69.62844896410587,79.62844896410616,0.4789554222404567,0.6555350099388452,0.632234050729579,Q3,Q2
AURORA16_019,19,1601019,1.6367633650905795,3.4610678700429066e-07,-8.432344271826494e-07,2.676005417991789e-07,2.772733736450293e-06,0.0009078773291136,0.0001936173503645,0.0011737888162951,-0.0003326304607292,0.0236427421594877,9.298015236509826,-84.24399541215001,-190.83263143430008,-0.0136114259963757,0.193733810293652,-0.0366458430453391,2.470057453739834e-05,74.92528317731207,106.68407541960524,5.539689994720876,17.156141910559935,8.914672282935971,10.065950194565978,2.91044785598486e-06,0.0012352776558436,208.80755989781628,0.1976385032858102,0.0,0,True,134,33,0.0,0.0,0.0,0.0,100.0,100.0,100.0,100.0,0.0,0.0,0,0,0,0,1,1,1,0,0,0,8.955474823685563,8.955474823685563,8.955474823685563,0.5515382400299972,0.7179095307364338,0.632234050729579,Q4 strongest,Q1 lowest noise
AURORA16_020,20,1601020,4.545064314642771,2.643238359257158e-07,2.341554165579797e-06,3.790212793351797e-06,-3.701970847856704e-06,0.000650305827708,-0.0017361009980462,0.0012492179269069,-0.0014588785663114,0.0230496484901203,21.479899833441948,199.86741387083924,-187.4112648122928,0.0030863089997495,-0.1325767294250364,-0.1677318478477974,1.5288716819193294e-05,59.00813067386517,101.39259839106518,8.299883616225394,16.239042807491426,13.796052046861256,12.397504474035616,5.7925104305139245e-06,0.0025889995704066,274.82967707803203,0.213822560247318,0.0,0,True,134,50,1.4925373134328357,8.208955223880597,8.208955223880597,9.701492537313433,52.0,90.0,90.0,96.0,44.0,38.0,2,4,4,3,1,1,1,0,0,0,6.444096536089319,6.444096536089319,6.444096536089319,0.5509722433713194,0.6973532805500855,0.632234050729579,Q3,Q4 highest noise
AURORA16_021,21,1601021,3.07984158317116,3.2905438464273254e-07,4.443406279475569e-06,2.917264466478575e-06,-1.4897673835071011e-06,0.000983688404341,-0.0004549376151652,-0.0005131693742116,-0.0002220571162114,0.0175242052322833,141.263093566416,97.78417304216156,31.14234065345377,-0.0189079813116389,-0.0628529991233559,-0.0396766519075471,1.4140966197728204e-05,35.09300454145938,105.83300399724308,6.406495348637884,12.475423604410802,5.001597666801369,14.779699373970256,5.520298740903706e-06,0.0007208470040037,174.60484381273378,0.0766958145055813,0.0,0,True,134,39,0.0,0.0,0.0,0.0,2.564102564102564,7.6923076923076925,7.6923076923076925,10.256410256410255,7.692307692307692,5.128205128205129,0,0,0,0,1,1,1,0,0,0,70.01976016541505,70.01976016541505,70.01976016541505,0.4637278585221973,0.4971629557884786,0.632234050729579,Q2,Q3
AURORA16_022,22,1601022,3.454042097237944,3.209423438466472e-07,8.863746853396874e-07,-1.3557457098065754e-06,3.169503820520097e-06,0.0004715144083663,0.0015200677490922,0.0004600317310636,7.959567347788979e-05,0.0194081800214266,-22.183028055321984,-39.34246663967096,155.952898174157,-0.099396043712051,0.0582103313836594,-0.1783846473882517,2.0014469627189206e-05,36.26991686501424,103.78228793551116,6.649160176855011,11.28090383602549,10.721495832201308,10.164539935512888,3.559418629602517e-06,0.0015901479889155,162.36139585478995,0.2123419379426361,0.0,0,True,134,40,2.985074626865672,2.238805970149253,2.985074626865672,2.985074626865672,22.5,40.0,40.0,42.5,20.0,17.5,4,3,4,4,1,1,1,0,0,0,3.0627238693298864,3.0627238693298864,3.0627238693298864,0.4973450014968496,0.6101235523876942,0.632234050729579,Q2,Q3
AURORA16_023,23,1601023,3.3442397705068085,9.996655222165067e-07,3.259699714821476e-06,-3.210286812682453e-06,1.5462853053159885e-07,0.0007114694436501,0.0018892750007326,-0.0010313184485202,0.0005016793499506,0.0165387351175458,48.45502953252287,-12.317287203298434,120.98499690877406,0.0930003247876202,-0.1616914420265349,0.1350296503474043,3.566273625600627e-05,46.25706089837727,107.6759773377049,7.992145451300096,14.496902906524229,12.133370098153698,12.877881167663148,4.577717076550759e-06,0.0022101266798124,130.90826913553732,0.2302741611821991,0.0,0,True,134,48,0.7462686567164178,2.238805970149253,2.238805970149253,1.4925373134328357,18.75,70.83333333333334,70.83333333333334,70.83333333333334,52.08333333333334,52.08333333333334,1,3,3,2,1,1,1,0,0,0,119.4413597377067,109.44135973770642,119.4413597377067,0.4951088169049759,0.6646665080542181,0.632234050729579,Q3,Q3
AURORA16_024,24,1601024,2.833761876753861,5.324051301128902e-07,-2.347764860530581e-06,3.623051703353916e-06,-2.045522343988731e-06,0.0003006454003915,0.0003061654893116,-0.0017779585307718,-0.0006688512210915,0.0341146232107361,113.01572590766528,-2.055273470502925,128.3568336433101,0.1380509095549768,0.1129266773005492,-0.0750667004506059,1.379467903415123e-05,51.824797257777306,105.31689334322712,8.235859698096014,16.356233074681587,12.407750360729672,12.167675596171996,4.777307311161283e-06,0.00192411948692,171.03290675893766,0.1935083915277055,0.0,0,True,134,50,0.0,0.0,0.0,0.0,14.000000000000002,36.0,36.0,44.0,30.0,22.0,0,0,0,0,1,1,1,0,0,0,30.986399406372414,30.986399406372414,30.986399406372414,0.5108767109942387,0.6032618424145775,0.632234050729579,Q3,Q2
AURORA16_025,25,1601025,1.8346107695594924,2.7706483153477666e-07,-1.0852849157423965e-06,1.6994429473299958e-06,-1.653809293342178e-06,0.0006364824530887,-0.0006569122725149,0.0006104334558773,-0.0009782702059706,0.0111387573788023,-192.86780009210275,126.40883991469424,77.91664640735297,-0.1928703467780294,0.1066660629206356,0.171299554996784,2.1227396223016675e-05,11.662872911649362,103.70318536604734,9.802022633715618,19.58764856619206,10.622195711640249,19.53561746466454,2.6078793795558487e-06,0.0013270928127772,243.4095045562408,0.2791418227126894,0.0,0,True,134,59,1.4925373134328357,2.985074626865672,2.985074626865672,1.4925373134328357,8.47457627118644,13.559322033898304,13.559322033898304,15.254237288135592,6.779661016949154,5.084745762711865,2,4,4,2,1,1,1,0,0,0,27.808878037160127,27.808878037160127,27.808878037160127,0.5515919476087671,0.5755534232949663,0.632234050729579,Q1 weakest,Q1 lowest noise
AURORA16_026,26,1601026,3.9790622232309247,4.485736731531746e-07,1.444287972897649e-06,-2.2239327580264923e-06,1.8284598588636969e-06,0.0006200706834893,0.0010711725976381,0.0003469430887022,0.0007708553106975,0.0197876898025193,43.0022640725241,58.4583972003648,172.48434001142311,-0.0600885050317575,0.127095986762092,0.1837942744949585,3.911792366871006e-05,77.37892031433825,102.2738669697623,5.088934782657967,19.213668516718588,14.218336996050052,10.934070166018683,3.221041775009441e-06,0.0013645505306728,187.1294377370245,0.2313965289824148,0.0,0,True,134,31,0.0,2.238805970149253,2.238805970149253,2.238805970149253,67.74193548387096,100.0,100.0,100.0,32.25806451612904,32.25806451612904,0,1,1,1,1,1,1,0,0,0,3.567981814261998,3.567981814261998,3.567981814261998,0.5173513165119937,0.706236336890767,0.632234050729579,Q4 strongest,Q3
AURORA16_027,27,1601027,3.8680801169127768,5.037817542242924e-07,3.870663101618988e-06,1.301714412594014e-07,2.2815335872628564e-06,0.0007736937078722,-0.0005819377999563,-0.0003360223643616,-0.0019438418699058,0.0382112828097015,-68.29815905725783,1.4295623497627616,156.27114257707922,-0.1418637935502137,-0.0967576243247854,0.0518922499464617,1.2474313433880409e-05,67.5934529562739,106.25815062709177,6.883983702657538,15.523425547561107,13.16263957990748,19.86515944497446,4.494927469955749e-06,0.0020567167640606,170.55014565068004,0.1793883479770635,0.0,0,True,134,41,0.7462686567164178,2.985074626865672,2.985074626865672,3.731343283582089,21.951219512195124,97.5609756097561,97.5609756097561,95.1219512195122,73.17073170731707,75.60975609756098,1,2,2,2,1,1,1,0,0,0,74.51096237449406,4.510962374493772,24.51096237449434,0.5212968832448157,0.7001092848872406,0.632234050729579,Q4 strongest,Q3
AURORA16_028,28,1601028,1.5095422431739665,6.924949315814026e-07,1.8841003288208247e-06,1.2452163850665166e-06,-4.510454359115396e-06,0.0003874781840172,-0.0012527639368206,0.0014310383545024,-0.0019055198750843,0.0119513487172349,-130.5873255675944,-188.5725920996784,-199.2262714597693,0.1496440842105251,0.1567870743879262,0.1103424928578737,2.33229278718211e-05,31.87539644648463,107.6002663281502,8.797739923269152,18.173475007108262,12.758866282221922,11.45556686727957,5.044263714395188e-06,0.0026922656347019,303.81537046346136,0.2432097949598694,0.0,0,True,134,53,1.4925373134328357,0.0,1.4925373134328357,1.4925373134328357,45.28301886792453,90.56603773584906,90.56603773584906,96.22641509433964,50.943396226415096,45.28301886792453,2,0,2,2,1,1,1,0,0,0,3.984020310988399,3.984020310988399,3.984020310988399,0.5145035358537461,0.6709897520469031,0.632234050729579,Q2,Q1 lowest noise
AURORA16_029,29,1601029,2.273363434368268,6.882782209790327e-07,-2.864761131689386e-06,-3.7460614991312857e-07,2.4995236100183843e-06,0.0005852000759012,0.0004944803744921,0.0016336682260392,0.0001541135938554,0.0433802459736771,-92.83184871797512,-103.27868700400856,195.435575063003,0.0256336052902405,-0.1308933375118736,0.1141634154768813,1.7701660130508262e-05,52.56240852627766,106.85927741970669,5.954302610454233,18.466744093591824,6.728545354909228,16.659466351349277,3.820314697276957e-06,0.0017138067899676,239.74841673278192,0.1755660358911145,0.0,0,True,134,35,2.985074626865672,0.0,2.985074626865672,2.985074626865672,48.57142857142857,91.42857142857144,91.42857142857144,91.42857142857144,42.85714285714286,42.85714285714286,4,0,4,4,1,1,1,0,0,0,38.443354817598845,38.443354817598845,38.443354817598845,0.4918579253669952,0.6939437501355156,0.632234050729579,Q3,Q2
AURORA16_030,30,1601030,3.512198888954958,3.552559442687136e-07,-4.09857641109125e-07,1.5319636324916477e-06,-1.92696698422449e-06,0.0008932477214155,-0.0010480310819405,0.0009192910321352,-0.0001709296095929,0.024611931645909,-152.92412417786562,161.43988920804674,-41.3746080869432,-0.0707697454888947,0.0352543450774899,0.0858328225026364,3.305847794005047e-05,53.79717206227915,107.37045407079702,8.415712691225462,15.699812342147991,9.364144068235884,17.630120057456132,2.49561567865402e-06,0.0014045220119006,226.18683378442216,0.1166983253614839,0.0,0,True,134,50,2.238805970149253,5.223880597014925,5.223880597014925,6.7164179104477615,24.0,68.0,68.0,76.0,52.0,44.0,3,3,3,3,1,1,1,1,1,1,47.77275575217885,47.77275575217885,47.77275575217885,0.5285347673283175,0.6498718380055624,0.632234050729579,Q3,Q3
AURORA16_031,31,1601031,2.0316290961341106,3.363239609669975e-07,-2.045481293253851e-06,3.541908716258528e-06,-3.833721914302327e-06,0.000263615059339,0.0007055114821319,0.0003762305223185,-0.0001189033097166,0.0188814029102725,-195.93365421410056,151.08302487525611,-5.510492524581053,-0.0496595961971964,-0.0290877534878246,0.1031310816739793,3.280741128084288e-05,40.92955407311244,109.47356729448884,7.06740873053142,13.88464203917242,6.366932968807447,11.613255619416766,5.60593745876294e-06,0.0008083525557612,247.4801866554401,0.1181024678179167,0.0,0,True,134,43,1.4925373134328357,0.0,1.4925373134328357,1.4925373134328357,44.18604651162791,69.76744186046511,69.76744186046511,79.06976744186046,34.88372093023256,25.581395348837205,2,0,2,2,1,1,1,0,0,0,31.585962330669304,31.585962330669304,31.585962330669304,0.5139956313908001,0.6644067109853746,0.632234050729579,Q2,Q1 lowest noise
AURORA16_032,32,1601032,2.417627901389928,8.918329536797705e-07,-4.812046842772443e-07,6.683584184844579e-07,1.0033130454882552e-06,0.0005178055870372,-0.0001190198835391,0.000282893490052,0.0011563932175404,0.0227264246321695,101.92181738061409,170.35084221201663,-145.60919426104826,-0.1804470722672273,-0.1481831246741486,0.0188484367772449,2.8165946742413035e-05,33.20776352495664,101.90339830758502,9.303987196930336,10.67866637269906,12.613862505326118,15.505753384912676,1.2980362055722195e-06,0.0011964279054607,246.18997492558933,0.2342533839605184,0.0,0,True,134,56,1.4925373134328357,0.0,1.4925373134328357,1.4925373134328357,37.5,50.0,50.0,50.0,12.5,12.5,2,0,2,2,1,1,1,0,0,0,5.796101544898704,5.796101544898704,5.796101544898704,0.4777073515240687,0.625894364744118,0.632234050729579,Q2,Q2
AURORA16_033,33,1601033,2.545141755092127,3.1549992886670946e-07,-3.767772418414564e-06,2.4193612766142774e-06,4.503086920010355e-06,0.0003176500780555,-0.0008322521012405,-0.0002453316845288,-0.0005542266220047,0.028859910353141,-101.38095521349796,-171.86345839940884,-164.4568149060072,-0.0046095460773497,0.0434137830494095,0.0738474144873595,2.848487251373176e-05,44.79961113288986,102.73424090717664,6.14411759563818,11.101981197590524,13.711063768389414,19.81358797450639,6.350370839007321e-06,0.0010295622098697,258.57530891799263,0.0857872082548924,0.0,0,True,134,37,1.4925373134328357,0.0,1.4925373134328357,1.4925373134328357,54.054054054054056,94.5945945945946,94.5945945945946,97.2972972972973,43.24324324324325,40.54054054054054,2,0,2,2,1,1,1,0,0,0,5.945545569401247,5.945545569401247,5.945545569401247,0.4907995122664862,0.6903158822079191,0.632234050729579,Q3,Q2
AURORA16_034,34,1601034,3.2624767423454584,2.865905713561698e-07,1.0151557093315238e-06,4.833699271778621e-06,-4.813732186682774e-06,0.0008183922750606,0.0016116639720155,0.0017593068558323,0.0016639117588018,0.0363403419016751,-50.528867967364135,177.38073202499277,45.03102426174573,-0.0825015823297426,-0.1691968034146461,0.1465160994957476,1.6502234806479895e-05,45.69850407580744,100.8256705906289,7.723673747801824,10.275621757071534,11.788623828394831,11.22432581137326,6.89689838472971e-06,0.0029088182673983,189.8549018009478,0.2385393820401435,0.0,0,True,134,47,1.4925373134328357,1.4925373134328357,2.238805970149253,2.985074626865672,55.319148936170215,89.36170212765957,89.36170212765957,89.36170212765957,34.042553191489354,34.042553191489354,2,1,2,2,1,1,1,0,0,0,0.4597645622655477,0.4597645622655477,0.4597645622655477,0.4874519564988961,0.6895430641425474,0.632234050729579,Q3,Q3
AURORA16_035,35,1601035,1.9049950795650843,6.395358537579609e-07,3.978038544911553e-06,-1.6531757764236282e-06,1.3967754332617824e-06,0.0002919477812099,0.000901197383151,-0.0018829614241552,0.0011223170168796,0.0126621662986361,135.94519371050558,-52.08078408558043,-151.3871406219451,0.0697561425406235,0.1773195660445151,-0.0593299684563645,2.9924598346573928e-05,43.2374031701688,108.95544807576258,5.3282082679644125,16.502433868196345,8.811155802341347,15.171235756747006,4.528660113490472e-06,0.0023700835290412,210.02754607347177,0.1995700204975591,0.0,0,True,134,32,1.4925373134328357,1.4925373134328357,1.4925373134328357,1.4925373134328357,40.625,87.5,87.5,87.5,46.875,46.875,2,2,2,2,1,1,1,0,0,0,22.673115454245192,22.673115454245192,22.673115454245192,0.5521733770583549,0.672930941282817,0.632234050729579,Q3,Q1 lowest noise
AURORA16_036,36,1601036,5.807967479587837,7.911889716897353e-07,1.7779446942913549e-06,4.666121534531189e-07,3.5891379508623235e-06,0.000791685156642,-0.0005247111209185,0.0019199003823972,0.0018334213108694,0.0212760256042542,-137.85462708446337,-186.20279458083945,-65.38287559964701,-0.0300240282922059,-0.1831610477740073,-0.0987374902847603,2.4087907856213232e-05,54.33568267572572,109.27158667142508,9.57451949194298,13.64098749194411,13.35995144892828,10.407787464220007,4.032458985287902e-06,0.0027060622575792,240.7286840822873,0.2102344017621676,0.0,0,True,134,58,1.4925373134328357,8.955223880597014,8.955223880597014,10.44776119402985,22.41379310344828,81.03448275862068,81.03448275862068,84.48275862068965,62.068965517241374,58.620689655172406,2,3,3,3,1,1,1,0,0,0,23.704799714495262,23.704799714495262,23.704799714495262,0.5522607017740294,0.683745057515181,0.632234050729579,Q3,Q4 highest noise
AURORA16_037,37,1601037,5.323783722803921,3.0975551395061456e-07,3.3849093691391463e-06,5.304760151554079e-07,4.0138259567015975e-06,0.0003300377045689,0.0012420286366154,-0.0011194304228895,-0.0008998602676372,0.0155828473751593,154.15665303077105,136.00318958540214,-45.75981247599324,-0.1623123588941425,0.0109900462612012,0.1955709084691837,1.1173626881868912e-05,37.86427878933631,106.94150552495024,6.757253748560947,13.279301855213166,9.181033781498405,14.273059329878464,5.277292397682037e-06,0.0018988175549893,210.6065091322926,0.2543895894215526,0.0,0,True,134,41,2.985074626865672,8.208955223880597,8.208955223880597,8.208955223880597,4.878048780487805,58.53658536585365,58.53658536585365,65.85365853658537,60.97560975609757,53.65853658536585,4,7,7,5,1,1,1,0,0,0,173.50966850298505,103.50966850298562,113.50966850298504,0.5466005725719416,0.6296600107307433,0.632234050729579,Q2,Q4 highest noise
AURORA16_038,38,1601038,4.146904826324347,3.779746913016664e-07,-4.128466677573782e-06,1.359148610061144e-06,-2.552648986530624e-06,0.0009506584698447,-0.0016466948862135,-0.001275345949942,0.0005864198447436,0.0472314810406109,158.68743684351682,145.04524666374283,115.20211154978858,0.1981441618121044,0.1840050192329519,-0.1374921295702125,1.979779123941584e-05,72.02425894927622,100.973718801253,6.494770867422857,13.542363421715043,7.079047520925252,18.047512049758552,5.040589142203922e-06,0.0021637928677728,243.9084924664188,0.3033529984306939,0.0,0,True,134,39,1.4925373134328357,6.7164179104477615,6.7164179104477615,8.208955223880597,74.35897435897436,100.0,100.0,100.0,25.641025641025635,25.641025641025635,2,3,3,3,1,1,1,0,0,0,1.5768719248200114,1.5768719248200114,1.5768719248200114,0.5462304548636219,0.7097615022078289,0.632234050729579,Q4 strongest,Q3
AURORA16_039,39,1601039,4.264953323879115,4.139566150288893e-07,-1.1686775999424047e-06,-1.3565225387992638e-07,-5.707397303017388e-07,0.0005629172320354,-0.0003538635498795,-0.0003011025680184,0.0008669518299594,0.0144999124813753,-9.570692694219474,84.90167268080017,-8.899985700436304,0.0998177274123177,0.0765919272964475,0.1799597533470794,1.4358198143595756e-05,30.12297703536673,101.68250152006452,7.619199622302164,18.800264377465,6.235017480526016,13.587024726778267,1.3076515997522983e-06,0.0009836094976517,85.90169921551545,0.2195800875705393,0.0,0,True,134,45,0.7462686567164178,1.4925373134328357,1.4925373134328357,2.238805970149253,17.77777777777778,53.333333333333336,53.333333333333336,55.55555555555556,37.77777777777778,35.55555555555556,1,1,1,1,1,1,1,0,0,0,29.049908796129102,29.049908796129102,29.049908796129102,0.5252209401375441,0.6238945739112705,0.632234050729579,Q2,Q4 highest noise
AURORA16_040,40,1601040,4.169093852295141,6.573848097598501e-07,3.072444031141567e-06,-2.8232127909744614e-06,4.708691995481433e-06,0.0002889673397819,-0.0013569967350104,-0.0019488398297799,0.0014417632218978,0.0221885140929364,-31.28587305908536,-24.23729898042376,133.80935706671767,0.0429245711762194,0.0885564489499349,-0.0440492796183787,1.83263627254738e-05,60.24134732712365,104.88313171258358,9.502987298939278,18.4067343574288,7.744277873404844,14.56887227953087,6.291440462718388e-06,0.0027781465060329,139.5392294429921,0.107819768577858,0.0,0,True,134,57,0.0,2.238805970149253,2.238805970149253,2.238805970149253,17.543859649122805,96.49122807017544,96.49122807017544,100.0,82.45614035087719,78.94736842105263,0,1,1,1,1,1,1,0,0,0,7.012097244985398,7.012097244985398,7.012097244985398,0.5246203049193052,0.686506501483064,0.632234050729579,Q3,Q3
AURORA16_041,41,1601041,3.336568090802411,2.94041831414505e-07,-1.8974807705128303e-06,-1.0121371944370563e-06,1.486509855902301e-06,0.0008579473306651,-0.001220423645581,0.0015752469646176,0.0019056989847522,0.0334066588527678,-42.12489673287888,-94.24944765246585,36.16034447648474,0.153321210503101,-0.044776442752287,-0.0078458842982027,3.5093950873175904e-05,28.775844806961537,101.54688399691946,7.783385913365304,15.099353357589626,8.303924565811219,15.740609017221654,2.614300389496884e-06,0.002757267758981,109.38480616707535,0.1599183582835499,0.0,0,True,134,46,2.238805970149253,2.985074626865672,2.985074626865672,2.985074626865672,36.95652173913043,56.52173913043478,56.52173913043478,56.52173913043478,19.56521739130435,19.56521739130435,3,4,4,4,1,1,1,0,0,0,7.186960184832572,7.186960184832572,7.186960184832572,0.5166929502074713,0.6372087069842147,0.632234050729579,Q2,Q3
AURORA16_042,42,1601042,5.400578110690966,4.207653198916086e-07,2.150810739063746e-06,-4.35745765238468e-06,1.2271066650630985e-06,0.0004521108268375,0.0018293344473604,0.0002292998623679,0.0002070997572726,0.0159404386029034,198.23102512188387,114.61977770731852,-100.82430110611222,0.1244748540974512,-0.1085901592644032,0.1537707678558304,1.012306625175694e-05,69.77144062707501,106.50639472950812,9.942772033062582,15.20695873903268,8.128330798426767,16.897689264705228,5.011907301122001e-06,0.0018552447969591,250.1974669257945,0.2256795538781081,0.0,0,True,134,59,0.0,0.7462686567164178,0.7462686567164178,0.0,22.033898305084744,77.96610169491525,77.96610169491525,79.66101694915254,57.62711864406779,55.932203389830505,0,1,1,0,1,1,1,0,0,0,279.6163162295133,39.6163162295133,49.616316229512734,0.5405049239696508,0.669363258998369,0.632234050729579,Q4 strongest,Q4 highest noise
AURORA16_043,43,1601043,2.915706461731018,6.120505356071963e-07,7.138217119682454e-07,2.773030894770999e-06,2.584869338855764e-06,0.0009648973545418,-0.0017803098624101,-0.0005786944043502,0.001276936251662,0.0301571305100228,-176.61399645859169,-129.7871707580965,143.81023353763885,0.1126264734393173,0.1494913311829223,-0.0151559131427179,1.597693479949389e-05,20.640055474572,109.6292096338291,9.07773377917651,14.043513920210206,7.473597951436944,12.5701728445909,3.857562867768763e-06,0.0022660442649316,262.1423214756003,0.1877820074485546,0.0,0,True,134,55,0.0,0.0,0.0,0.0,9.090909090909092,30.909090909090907,32.72727272727273,38.18181818181819,29.090909090909093,21.818181818181813,0,0,0,0,1,1,1,0,0,0,142.24742197025364,152.24742197025392,142.24742197025364,0.4772613505331503,0.5663946684839444,0.632234050729579,Q1 weakest,Q2
AURORA16_044,44,1601044,3.653499983266273,3.93595607474812e-07,4.654971556494089e-06,-8.118814973316853e-07,7.598700431947761e-07,0.0006331901536069,-0.0018645164911481,-0.0009922041963972,-0.0015575971333495,0.014149543362659,-69.96830306788911,188.0949487676613,99.19910294159388,0.1719160378966092,0.1942217524462887,-0.1409852235330637,3.0571000093377104e-05,77.77615722783074,100.74257182612274,5.783068208834541,10.43113405252864,6.468611402888235,19.14223622687052,4.785949669608256e-06,0.0026243093839961,223.8654399645601,0.2952186417962859,0.0,0,True,134,35,0.0,1.4925373134328357,1.4925373134328357,0.0,88.57142857142857,100.0,100.0,100.0,11.42857142857143,11.42857142857143,0,2,2,0,1,1,1,0,0,0,5.445690432635217,5.445690432635217,5.445690432635217,0.5484658452258181,0.7293809702083486,0.632234050729579,Q4 strongest,Q3
AURORA16_045,45,1601045,2.744398266296519,2.678174251686334e-07,-3.277771535792332e-06,2.0267638244398658e-06,-3.274684619771019e-06,0.0005338661082543,-0.0011324531104465,0.001340279941718,0.0003400548670546,0.0131990525817713,-173.86470996228277,-31.689980839659626,100.61006797058673,-0.0931703949881521,-0.0154322255490517,-0.1192591482494142,3.703238444691776e-05,56.93906942945284,105.56272227161944,7.370660276744119,10.867766527233774,5.41658183452333,15.123211510730126,5.057184710871593e-06,0.001787298990695,203.3607091670679,0.1521237014038932,0.0,0,True,134,44,0.7462686567164178,0.0,0.7462686567164178,0.7462686567164178,34.090909090909086,97.72727272727272,97.72727272727272,97.72727272727272,63.63636363636365,63.63636363636365,1,0,1,1,1,1,1,0,0,0,16.236663702833596,16.236663702833596,16.236663702833596,0.4757155151712375,0.6977950706538004,0.632234050729579,Q3,Q2
AURORA16_046,46,1601046,2.645498019481006,9.348727386525974e-07,-3.6434965123986632e-06,-1.923366391169493e-07,-2.870510004663876e-06,0.0003700004375218,0.0010272194108168,0.0001090992061992,-0.0004651551959401,0.044697515085541,32.79036278751684,137.82734320582625,-160.25924507591992,0.0475226235274835,-0.1424637411300314,0.0620228969322363,1.154936915020558e-05,28.05606908356124,103.34769399151496,6.986503935752136,11.455842227787336,5.942880562996683,11.831503521727273,4.642401092697983e-06,0.0011328952780651,213.9032726706568,0.1624843285599148,0.0,0,True,134,42,0.0,0.0,0.0,0.0,26.190476190476197,40.47619047619048,40.47619047619048,42.85714285714285,16.66666666666666,14.28571428571428,0,0,0,0,1,1,1,0,0,0,19.138360509102768,19.138360509102768,19.138360509102768,0.4759155342199326,0.6287004794303633,0.632234050729579,Q2,Q2
AURORA16_047,47,1601047,5.701187350370148,6.648085825901673e-07,-4.484272065312311e-06,4.063094341829793e-06,-4.3756907059997174e-07,0.000932199388132,0.0019959534657021,0.0018377674060411,0.0017593049083334,0.0171448303667739,127.32031707318812,-145.65846023351887,180.99572465775344,0.0577914314017903,-0.0066247376461106,0.018301888201686,1.2216018808397852e-05,14.92033118898513,108.84094392548272,5.7620218512233095,13.377527412933183,10.172335859884717,14.86276117827521,6.067033729747621e-06,0.0032336315554561,264.9269758284385,0.0609811102235327,0.0,0,True,134,34,0.7462686567164178,3.731343283582089,3.731343283582089,3.731343283582089,0.0,0.0,0.0,0.0,0.0,0.0,1,3,3,2,0,0,0,0,0,0,,,,0.5686714263301808,0.536628335307652,0.632234050729579,Q1 weakest,Q4 highest noise
AURORA16_048,48,1601048,2.6307040121183785,9.771888091748457e-07,2.873722869400156e-06,4.292598016800047e-06,-9.874856051367268e-07,0.0002501682355577,3.916096292562758e-05,-0.001685286023778,-0.0011706430840315,0.0282164955392241,-149.20838812621594,-193.8451819444462,-133.39804510909028,-0.1299168392051358,0.0464616097373404,0.0029065715093388,3.596837735020046e-05,79.83308811407078,100.5853229048764,6.562836331240959,10.573325834973152,9.840960877767897,10.5310763800817,5.2592593284892696e-06,0.002052346898833,278.62902951635505,0.1380054870154695,0.0,0,True,134,39,0.0,0.0,0.0,0.0,87.17948717948718,100.0,100.0,100.0,12.820512820512818,12.820512820512818,0,0,0,0,1,1,1,0,0,0,4.880625707415902,4.880625707415902,4.880625707415902,0.4680398352120789,0.7279437979274388,0.632234050729579,Q4 strongest,Q2
AURORA16_049,49,1601049,3.9586326156052487,5.996536837669525e-07,-2.7805463434262824e-06,4.9133709812479095e-06,3.812705761520046e-06,0.0008779570621249,0.0017206363841542,-0.0007865442645352,-0.0007628103811962,0.0122665437915421,-110.96358838505304,-76.30786441742296,73.18812315596682,0.0859727256496071,0.1535476372798083,0.1913480412879969,1.2993142563127138e-05,42.01805976711636,101.21454341635678,9.71939895016673,18.620341111788044,13.996677239197318,16.250889220394427,6.812442850493388e-06,0.002039882625106,153.27201143825394,0.2599658811740248,0.0,0,True,134,58,1.4925373134328357,1.4925373134328357,1.4925373134328357,1.4925373134328357,39.6551724137931,58.620689655172406,58.620689655172406,60.3448275862069,20.689655172413797,18.965517241379303,2,2,2,2,1,1,1,0,0,0,7.127395018593177,7.127395018593177,7.127395018593177,0.5053315772858655,0.6573684408279209,0.632234050729579,Q2,Q3
AURORA16_050,50,1601050,3.199666826009749,7.720642412980084e-07,3.429387740615039e-07,-4.141482888709678e-06,8.847034459298591e-07,0.0005559985319803,-0.0008772942880398,-0.0006601282909082,-0.0012213071157464,0.0359126886830153,-31.084428697575675,-47.78408048290311,-13.479563171229756,-0.184308675679052,0.1201769771503464,-0.0858860243911482,1.2085115143602844e-05,17.83949089053454,103.2017442326695,5.450359785397285,17.50417791189393,9.478488440720898,11.976538748760358,4.248786615902243e-06,0.0016422562830623,58.57694664574453,0.2361961112154004,0.0,0,True,134,32,0.7462686567164178,0.0,0.7462686567164178,0.7462686567164178,6.25,28.125,28.125,28.125,21.875,21.875,1,0,1,1,1,1,1,0,0,0,77.89534603983014,37.89534603982986,47.895346039830144,0.4728477378439513,0.5537204253894537,0.632234050729579,Q1 weakest,Q3
AURORA16_051,51,1601051,2.9610429854882128,6.269063780172791e-07,2.7299502174034234e-06,-4.731861194062271e-06,4.569316626141898e-06,0.000758830852436,-0.0001985988258011,-0.0004033955262408,0.0009076327473035,0.0272100757762036,2.27470149258906,36.469393762818754,-127.931550005858,0.0234635699650558,-0.1875628538078923,-0.1877330325353982,1.9395564160065963e-05,66.20344760763516,104.56400468254712,9.9109114661629,16.797555886036527,11.002860826773468,17.32281596772679,7.12192340448212e-06,0.0010129001175725,133.04763220444497,0.2664095620449888,0.0,0,True,134,59,0.0,0.0,0.0,0.0,35.59322033898305,94.91525423728814,94.91525423728814,96.61016949152544,61.01694915254237,59.32203389830509,0,0,0,0,1,1,1,0,0,0,6.159719047172985,6.159719047172985,6.159719047172985,0.5201213708887692,0.6913339455038805,0.632234050729579,Q4 strongest,Q2
AURORA16_052,52,1601052,4.440936196869408,2.6007954954907374e-07,-2.211549385904221e-06,-3.448518142058249e-06,4.577506820995625e-07,0.0006847030757191,-0.00028924767255,4.347906264624748e-05,-0.0016852064746377,0.0131403282801008,89.88861501859924,123.41845340975868,7.502679269176525,0.1302008117495122,-0.0762644272365269,-0.1996264917892699,1.4512236079024652e-05,6.472635031198195,100.04559941535386,6.824403725675541,16.666771733334297,8.723562286856447,12.670269263181188,4.122228007929793e-06,0.0017104021477784,152.86715784704984,0.2502383872750919,0.0,0,True,134,41,0.7462686567164178,1.4925373134328357,1.4925373134328357,2.238805970149253,2.4390243902439024,2.4390243902439024,2.4390243902439024,2.4390243902439024,0.0,0.0,1,1,1,1,1,1,1,0,0,0,287.264035078768,287.264035078768,287.264035078768,0.5180589184280353,0.5236170447035522,0.632234050729579,Q1 weakest,Q4 highest noise
AURORA16_053,53,1601053,4.8965004162581005,3.664774051757897e-07,1.6348552987500964e-06,2.583695033786176e-06,3.292896242634831e-06,0.0003586187565396,0.0013959865244353,0.0007575936807057,0.0017470145389962,0.0310760748121081,-59.66843836878172,168.27863486402669,-29.18085883152776,-0.1017041176856264,-0.0197063322897488,0.1422287303499568,1.1143114093303834e-05,56.50532622984925,100.1890537735231,8.54990777787784,17.780126815852647,5.541703924595343,16.15117573732237,4.493483897848217e-06,0.0023610985495981,180.91308413493772,0.1759576051879727,0.0,0,True,134,51,2.238805970149253,8.955223880597014,8.955223880597014,11.194029850746269,54.90196078431373,68.62745098039215,68.62745098039215,68.62745098039215,13.725490196078423,13.725490196078423,3,5,5,4,1,1,1,0,0,0,8.65677358861376,8.65677358861376,8.65677358861376,0.5484870483575787,0.6692570008118753,0.632234050729579,Q3,Q4 highest noise
AURORA16_054,54,1601054,2.133304563227971,5.628427825343655e-07,-3.522203910034343e-06,-3.0475177622572324e-06,-2.675120836710451e-06,0.0002756028367967,0.0014636588053639,-0.0001727067104427,0.0015978812068602,0.049258695493472,83.38991481878463,100.13940749051436,-179.37069103935602,-0.1975626425726882,-0.1782190771546842,0.094349017196922,1.5493684644380755e-05,25.72081244119089,103.47569091450788,8.94959899567421,11.89229565807396,9.60503533965425,17.444937605240447,5.371178305189371e-06,0.0021737868013189,221.7106754984332,0.2823026288368497,0.0,0,True,134,54,1.4925373134328357,0.0,1.4925373134328357,1.4925373134328357,27.77777777777778,33.33333333333333,37.03703703703704,40.74074074074074,12.962962962962962,5.55555555555555,2,0,2,2,1,1,1,0,0,0,1.4585451295272378,1.4585451295272378,1.4585451295272378,0.5301867440279174,0.596112805371785,0.632234050729579,Q2,Q2
AURORA16_055,55,1601055,2.114769205694242,9.113027236788952e-07,-3.6505483793182914e-08,1.041822898584128e-06,-3.043915927660996e-06,0.0004829452765004,0.0016831991886461,0.0017025185459196,1.10771500945535e-05,0.0480220938745104,-161.7294517208071,-92.06505800493554,140.53986770652062,0.0788667869089359,-0.0541498275912557,0.009899501262563,2.684798103869047e-05,9.352935259709266,103.08561003598732,8.881133007990908,14.56624919241191,13.451447241672842,18.32243759665404,3.217475994786832e-06,0.0023941285702972,233.2034409573138,0.0961778250468875,0.0,0,True,134,53,0.7462686567164178,0.0,0.7462686567164178,0.7462686567164178,3.7735849056603774,3.7735849056603774,5.660377358490567,3.7735849056603774,0.0,0.0,1,0,1,1,1,1,1,0,0,0,4.863397840761365,44.8633978407608,4.863397840761365,0.5133331677209696,0.5276660212731265,0.632234050729579,Q1 weakest,Q1 lowest noise
AURORA16_056,56,1601056,3.620434934839022,8.118716175054518e-07,-4.843776565046044e-06,-3.897652343021749e-06,6.186889908139053e-07,0.000824545212295,0.0005083801909591,0.0001511396291569,-0.0010959490038581,0.011520254177542,-75.45796432675577,45.65324570546329,-20.33551313603144,0.054176563288026,0.0061472450622743,0.0768761783993554,3.1521773102714e-05,71.36257861334309,109.17573193843582,5.2863566034250615,10.029227984568742,10.03124532998716,13.173791648140664,6.247930958846017e-06,0.0012175376072709,90.50776938079436,0.0942487954132395,0.0,0,True,134,31,0.7462686567164178,5.970149253731343,5.970149253731343,5.223880597014925,25.806451612903224,93.5483870967742,93.5483870967742,90.32258064516128,64.51612903225805,67.74193548387098,1,3,3,1,1,1,1,0,0,0,149.45608369385127,29.45608369385127,39.4560836938507,0.5465314058947718,0.6846084064373461,0.632234050729579,Q4 strongest,Q3
AURORA16_057,57,1601057,1.5469959475794777,5.7783005695214e-07,3.7080195687626106e-06,4.448308568472428e-06,-2.81966237848114e-07,0.0006715747923124,-3.09952990661562e-05,-0.0009256027211789,-0.0002835497509007,0.0146192006880961,56.76935437844605,56.07153601619064,188.9200801726151,-0.0761718910824295,-0.104436626419595,-0.1593980350986128,3.962946729370286e-05,64.9801523902891,104.8062779703912,9.261408473795314,14.090162055329468,5.707056970516232,18.62499188309924,5.797961986936263e-06,0.0009685564347285,205.07943202619776,0.2052240227709177,0.0,0,True,134,56,0.0,0.7462686567164178,0.7462686567164178,0.0,94.64285714285714,100.0,100.0,100.0,5.357142857142861,5.357142857142861,0,1,1,0,1,1,1,0,0,0,1.6233217765272911,1.6233217765272911,1.6233217765272911,0.5617107411602488,0.7182921934519368,0.632234050729579,Q4 strongest,Q1 lowest noise
AURORA16_058,58,1601058,5.9680207194293,5.875083270410722e-07,-4.808433162645555e-06,3.1540500076322377e-06,1.869888389698168e-07,0.0005720324348505,-0.0014781377602149,-0.0011430645668809,0.0004239651888814,0.0179941231681778,191.2553055000409,-121.46724199209405,-120.1718419619542,0.0156988724988499,0.0980688417766634,-0.0713813817361863,1.4985903386680242e-05,5.312294314348987,104.4575271243694,5.620964507677783,12.193091538111236,7.962930882600271,14.459235841646652,5.753609802217538e-06,0.0019160465348251,256.4647234213876,0.122308029105691,0.0,0,True,134,34,0.7462686567164178,8.208955223880597,8.208955223880597,7.462686567164178,0.0,8.823529411764707,8.823529411764707,5.88235294117647,5.88235294117647,8.823529411764707,1,4,4,3,0,1,1,0,0,0,,312.5483725378359,322.54837253783535,0.570401370061829,0.5772390042695617,0.632234050729579,Q1 weakest,Q4 highest noise
AURORA16_059,59,1601059,4.827072962447457,4.660773072551896e-07,2.4111880780681007e-06,4.54233580382846e-06,-1.7634806409514766e-06,0.0004949575742294,0.0008580172748018,-0.0004526495937684,-0.0018183468604921,0.0250360889128167,165.3699201163679,38.27878033986784,-87.279732532271,0.1117771381156628,-0.1537478618980788,0.1672169491227845,3.778219724278412e-05,63.37076565445473,104.07449663172004,6.078847182066985,19.840725237159702,13.025826532391497,17.046875044772847,5.436589599516439e-06,0.0020609392527822,190.8670406710036,0.2531680108494961,0.0,0,True,134,36,0.7462686567164178,2.238805970149253,2.238805970149253,2.985074626865672,27.77777777777778,77.77777777777779,77.77777777777779,77.77777777777779,50.00000000000001,50.00000000000001,1,1,1,1,1,1,1,0,0,0,5.530202096798007,5.530202096798007,5.530202096798007,0.5326335380285484,0.6744140085089569,0.632234050729579,Q4 strongest,Q4 highest noise
AURORA16_060,60,1601060,4.996425605314009,5.398704993875038e-07,1.3106587017681793e-06,-2.5171457015932137e-06,4.220403221867267e-06,0.0004397150195616,-0.0014334640081154,-9.622540703965668e-05,0.0013787347906837,0.010150588668206,-45.26484866123482,92.29834719324076,-94.12336657062126,0.1682236354934933,0.0637141421096578,-0.0033711513141355,1.0565171910523676e-05,48.579348808051975,108.39001053256692,6.270922240175081,12.654273266497269,14.54198005269536,13.108132117552328,5.0858285530203874e-06,0.001991227765617,139.38113055043016,0.179916781053353,0.0,0,True,134,37,1.4925373134328357,3.731343283582089,3.731343283582089,5.223880597014925,5.405405405405405,45.94594594594595,45.94594594594595,48.64864864864865,43.24324324324325,40.54054054054055,2,2,2,2,1,1,1,0,0,0,66.59936804598487,16.59936804598516,26.59936804598459,0.557564631761723,0.6208397209123719,0.632234050729579,Q3,Q4 highest noise
AURORA16_061,61,1601061,4.344657201568773,5.151868170798785e-07,-2.522368172280153e-06,1.8149000469683776e-06,-1.3425049772749122e-06,0.0003082043010681,0.0018017919675582,-0.0013748768142975,-0.0005704755807888,0.0275055944637616,-16.063955778355023,-131.79951333544284,-91.2087233309374,-0.0429771444721034,0.1414608005926847,-0.0517240835240297,1.1831680600416183e-05,16.556122219965882,106.20564069888972,5.873064751469872,19.99243215909189,12.312362756487063,13.833429819028876,3.3850440161134764e-06,0.002337131347855,161.08443004327887,0.1566319694944176,0.0,0,True,134,35,0.0,3.731343283582089,3.731343283582089,1.4925373134328357,0.0,0.0,0.0,0.0,0.0,0.0,0,4,4,1,0,0,0,0,0,0,,,,0.5522330896025179,0.5129862468182448,0.632234050729579,Q1 weakest,Q4 highest noise
AURORA16_062,62,1601062,1.600228741323826,3.993373675652968e-07,-7.519621542137245e-07,-3.993378911459855e-06,1.914835410898785e-06,0.0003971067347668,-0.0018978881869156,-0.0015677833491365,0.0012065759119982,0.0406352586759929,-184.8093842327989,-25.67905276542968,-113.23627149244334,-0.1648788253826547,-0.0602665932356606,0.1295030242907578,1.333044701237234e-05,19.13970826301485,102.46783128361932,8.656573679454585,12.915289085498348,7.64205404467446,19.25218116006291,4.492117191558337e-06,0.0027414867556269,218.2575896342356,0.2181470206540743,0.0,0,True,134,52,2.238805970149253,2.985074626865672,2.985074626865672,3.731343283582089,36.53846153846153,67.3076923076923,67.3076923076923,69.23076923076923,32.69230769230769,30.769230769230774,3,3,3,3,1,1,1,0,0,0,11.93012298284117,1.930122982840885,11.93012298284117,0.5739648646153969,0.6592401591550516,0.632234050729579,Q1 weakest,Q1 lowest noise
AURORA16_063,63,1601063,2.250253788274652,5.453122982573766e-07,1.986424773111058e-08,-2.12491155821878e-06,-1.1279313928076876e-06,0.0003448029972183,-0.0007001382471396,0.0014610319542871,-0.0012730376636739,0.0306560355444799,51.18234485877946,-179.37712550130712,165.78079147926815,0.1578535374609967,0.0549434468409853,-0.1149096342870247,2.4993535499395308e-05,68.70217473402359,105.98354222001376,7.968506280263825,15.91693987223928,11.661321659096586,15.885648029360954,2.405799855655241e-06,0.0020604448135508,249.55772158329884,0.2028318162707622,0.0,0,True,134,48,0.7462686567164178,2.238805970149253,2.238805970149253,2.985074626865672,52.083333333333336,95.83333333333334,95.83333333333334,93.75,41.66666666666666,43.75000000000001,1,1,1,1,1,1,1,0,0,0,30.9874667991744,20.987466799174115,30.9874667991744,0.5423868768484683,0.6858834666765015,0.632234050729579,Q4 strongest,Q2
