scenario_id,pseudorange_noise_std_m,accelerometer_noise_std_mps2,accelerometer_bias_x_mps2,accelerometer_bias_y_mps2,accelerometer_bias_z_mps2,gyro_noise_std_degps,gyro_bias_x_degps,gyro_bias_y_degps,gyro_bias_z_degps,star_tracker_noise_std_deg,initial_position_error_x_m,initial_position_error_y_m,initial_position_error_z_m,initial_velocity_error_x_mps,initial_velocity_error_y_mps,initial_velocity_error_z_mps,non_gravitational_acceleration_mps2,fault_magnitude_m,fault_start_min,fault_duration_min,gnss_outage_duration_min,star_tracker_outage_duration_min,dual_outage_duration_min,protected_mission_rmse,protected_low_redundancy_rmse,protected_dual_outage_rmse,protected_nis_mean,gain_mission_rmse_m,gain_dual_rmse_m,fdir_pd,hybrid_pd,hybrid_pfa,hybrid_minus_fdir_pd,accelerometer_bias_norm_mps2,gyro_bias_norm_degps,initial_position_error_norm_m,initial_velocity_error_norm_mps,fault_to_noise_ratio
AURORA16_000,1.7755075841071664,8.23928316060261e-07,1.1436245493938876e-06,-4.812925502215078e-07,-2.282873374587075e-06,0.0004645711711944,0.0003595706206496,-7.759115107884573e-06,-0.0017831801428341,0.0118968538793735,95.77347310782676,-116.91423048530328,2.0393006800450166,-0.0640476398343118,0.0167844966757875,-0.1716381301562582,1.737131370521903e-05,73.30439426911713,100.42088877288109,7.333732498433792,17.824896461560627,6.914417465897046,15.45899962920924,0.3387448814001541,0.1349962256762781,0.2741920249405928,2.9726355714125288,0.0,0.0,97.72727272727272,100.0,1.4925373134328357,2.2727272727272663,2.598274518459063e-06,0.0018190884137115042,151.1477892275301,0.18396594038175076,41.28644390216956
AURORA16_001,1.618097965257021,4.0372814132806746e-07,-1.2997312087022949e-06,-4.412139535720037e-06,-2.4523086340765934e-06,0.0003122393404819,-0.0009727927588575,0.0010443124069601,-8.004209629500648e-06,0.0395677232651421,-96.45090944267334,68.90349978455333,-69.8404079653858,0.1863499174780309,-0.1631130306540345,-0.0930919739883601,2.895903274850084e-05,64.14873172906886,108.03287182575131,7.479595155254617,15.344737297203771,11.33446955145674,11.007733728458762,0.4013580069837879,0.1479892425302849,0.154210040286989,2.958641022219181,0.3016099945037772,0.6110163220576564,91.11111111111111,100.0,0.7462686567164178,8.888888888888886,5.212494041656562e-06,0.0014272274599334812,137.57962349000027,0.2645718581676109,39.644529012728455
AURORA16_002,1.6767280948823262,8.760807693612987e-07,-4.548726556867467e-06,3.074129090794024e-06,-4.589471791310952e-06,0.0006020944479852,0.0001488262702958,0.0009872866050176,0.001971086690239,0.0370503441402531,144.65545690544195,17.43044327251951,-50.51505978427343,-0.1560631670088157,-0.1946954476414774,-0.147364051114943,2.062677002616324e-05,32.20375474000633,109.73930205703176,9.445957342659486,19.40056524878515,5.246248575793524,16.829208338215615,0.49470417052247,0.2121244591528706,0.9273656414849862,2.961062916484947,0.8807621744274604,1.578801598187659,70.17543859649122,96.49122807017544,0.0,26.31578947368422,7.155727375973488e-06,0.002209539961081191,154.21022284598195,0.28978991181568814,19.206307115803657
AURORA16_003,1.7381345738931957,7.464075012057015e-07,-1.740188182311659e-06,-4.861142887390958e-06,2.874053391398247e-06,0.0002693682186306,0.0009449199856289,-0.0008563432387651,0.0009582663514585,0.0183418433658873,-2.616684300828126,186.077944158248,22.531236377145632,-0.0373814128220343,0.0240451482012849,0.1588444841498222,2.1743387909702103e-05,22.240589827364253,105.07790350357412,6.192707400226277,17.47606141141086,11.4836901530117,17.719871445390385,0.3107485548978634,0.3574009838256514,0.2378287731941498,3.1521471273354145,0.8640550532676412,1.6213683940900392,16.216216216216218,40.54054054054054,0.7462686567164178,24.324324324324323,5.909242589206897e-06,0.0015951400948371925,187.45534121911027,0.16494577691294865,12.795666205262934
AURORA16_004,3.0341180819001154,9.412274217727097e-07,4.865740322526362e-06,2.0356894691611138e-06,2.055113597592643e-06,0.0002592279049894,0.0011690060663003,-0.001453128902782,0.0006736223484317,0.0419474319912169,25.40782303639716,67.77211600677691,-106.54453653400684,-0.1179984722905296,-0.0930045085136862,0.0449648711976395,2.599699388598089e-05,61.48687537817759,108.13094463686178,8.462495687774814,19.002008876864853,11.193108054412145,16.50107882859338,0.733931809396976,0.7596243154924651,0.3278607686060557,3.103020462978511,1.7631998907728768,4.054379541669951,49.01960784313725,84.31372549019608,5.223880597014925,35.294117647058826,5.6606494680489246e-06,0.0019829084344603408,128.80355369604993,0.15682894410341325,20.265155711959455
AURORA16_005,2.32829854902806,4.5772217382649483e-07,4.187816647919674e-06,-2.6798371429971496e-06,-8.53127370391366e-07,0.0003376004934219,-0.0001569673167358,-0.0006911528045977,-0.0013155669568372,0.0149914904444126,168.92509598806868,-141.85235335315878,88.2662105962367,-0.17025021045583,0.1674890420149045,0.119456003334692,3.1035786249854825e-05,39.26915345315899,102.54512197216556,5.076543359828536,19.30360562742562,7.259110226009685,10.661012334379633,0.7821599439895793,0.3233128717353692,0.1717896528766223,2.953639801902705,0.3789302741460084,0.4584138825859219,56.66666666666666,100.0,0.7462686567164178,43.333333333333336,5.044517984871418e-06,0.0014943384341401364,237.58935611560304,0.2670345484914317,16.866030118668313
AURORA16_006,3.773050726031773,7.704938199142795e-07,-1.4342855363022574e-06,-2.377279435264595e-06,1.620735761073509e-06,0.0002799819429909,-0.0015716532488745,0.0006615207628022,-0.0014184374562406,0.0347118245850703,179.54893501899852,-57.277150878009735,-61.38627208033285,-0.109191095203589,0.1345873490224527,0.0298888505196161,3.390189264808038e-05,26.826819388319223,101.8092446375846,9.63570786324155,13.05599875420914,8.503847454566365,15.96069862500427,0.6080025641865059,0.595006063440189,0.4579397661508108,3.0974726458210444,1.511395307367748,1.1489498000238425,20.6896551724138,56.896551724137936,7.462686567164178,36.20689655172414,3.2148743241688826e-06,0.0022180325677461274,198.2088960644287,0.17586868161794666,7.110113628536812
AURORA16_007,1.868262343298196,3.744772429697052e-07,-1.6994336390096913e-06,-1.9592111186466767e-06,-3.975845926913675e-06,0.0003793214534247,-0.0007933590209624,0.0005335918291212,0.000297201498756,0.010536777814197,187.10717750832464,79.14273400419347,60.18627837613303,-0.1481720215521071,-0.0405484267202795,0.0393117045726152,1.701775524029136e-05,13.762837188726785,107.26727146250111,7.12487538551432,14.760997062074074,6.693673349770759,18.491000329655364,0.2962834764249288,0.1845344334521195,0.3152570005202642,2.988786682611796,0.439579683420856,0.7034653731489084,2.3255813953488373,2.3255813953488373,0.7462686567164178,0.0,4.746992072395165e-06,0.0010012329934186838,211.884535361974,0.15857027778474925,7.366651283261496
AURORA16_008,2.014519114840588,4.938923744860204e-07,-2.970734940532272e-06,7.88134780528527e-07,-3.5154409001520568e-06,0.000419181421,-0.001986009375188,-0.0016918586181145,0.0004836402721546,0.0104740798113398,124.86374605606876,26.55007903618926,38.25844913459696,0.0628655016919856,0.069518080354409,0.0313939056976813,1.0328254481626611e-05,58.54692274368483,109.85391983208692,5.67345330277798,12.65919263548329,5.8931415940875045,19.488208206202955,0.4936589864591633,0.1612870264017969,0.0595852564859228,3.0775308977179257,0.3238796853618822,1.0983065679259976,79.41176470588235,100.0,0.7462686567164178,20.58823529411765,4.669555358022853e-06,0.0026533990907650342,133.26503932452377,0.0988453950070615,29.062480624969268
AURORA16_009,5.246188124242464,3.394600890282565e-07,2.644612458058437e-06,-3.690319172163856e-06,3.073017536737533e-06,0.0005221832267897,-0.0015595951901867,-0.0014071744805712,-0.0015759381319408,0.0412792729048852,64.15454062195198,6.909113594352505,84.20488532619521,0.1918482927675166,-0.112611215991348,-0.0649887277144718,2.5877997129510464e-05,24.63505964397285,104.25630553405875,7.554927354283901,10.960025844700857,14.878868682723986,13.739497444026902,0.9602863805935048,0.3081839444926265,0.5951319278829461,2.885791671709341,0.5996819523256255,0.3804683828329659,4.444444444444445,26.666666666666668,6.7164179104477615,22.22222222222222,5.482323177892236e-06,0.0026260346859341695,106.0848888667516,0.2317554489862246,4.695801801337439
AURORA16_010,4.68042713981466,3.015757717158936e-07,5.134846762575303e-07,-4.627144391971337e-06,-6.533720837054201e-07,0.0004275683486954,0.0003880619458473,0.0011203281603022,0.0010002752094246,0.0325302217948619,109.00248843893404,111.86040338069392,17.87011103370935,-0.0547567105939082,0.1032992111915863,-0.1037533634400206,1.2745614300977847e-05,47.3571772769594,108.44435239829372,8.693807840895479,11.759550473591158,9.955489437392526,18.81988787786344,0.8569223180114713,0.5830400885475984,0.4053289946551105,3.063029791169152,1.1446943203294095,1.3883622982519523,19.23076923076924,88.46153846153845,0.0,69.23076923076923,4.7011729192477755e-06,0.0015512181520245087,157.2057034548321,0.15631309866094387,10.118131500031147
AURORA16_011,5.616398554878109,4.317153272117534e-07,-3.940541385262648e-06,3.907168741309226e-06,-4.1625670377519096e-08,0.0004052466951565,0.0013218634959098,0.0007311581682953,0.0013146665141946,0.0162057804235716,-118.97404179256476,-167.17193672645809,108.44423365078616,0.0075382467243538,-0.0359926035769163,-0.154380867192682,1.8912227646827937e-05,37.43797299421091,102.86575260625052,7.230682044443089,18.04983522918186,8.123775366208509,14.022229720270598,0.7565842037970657,0.5192995222206811,0.5663072071096221,2.9640495025875517,1.1282137870161253,0.6605279729269801,9.30232558139535,34.88372093023256,0.0,25.581395348837205,5.549375341285356e-06,0.0020025642093147466,232.08065593978347,0.158700172750652,6.665832673447694
AURORA16_012,2.3932850720943297,4.882385798097926e-07,-1.7808545650807644e-07,3.43144264063816e-06,-4.879343584533513e-06,0.0006972403353708,0.0007795622186956,-0.001828465088447,-0.0008682866897826,0.0261873470482742,-163.38868200331598,-15.045219265651554,182.43246639558544,-0.0108982435525784,0.1733287707447654,-0.0293305657816932,2.750846335096771e-05,7.398618732709641,105.65365030304233,8.167998196931304,15.95133502638875,10.812964598972988,17.814757691123404,0.5398128782394304,0.3400670552128643,0.1994758711997066,3.001081384750434,0.1695249658678936,0.2782934278069949,4.081632653061225,4.081632653061225,1.4925373134328357,0.0,5.967789108349743e-06,0.0021690835871724093,245.36467721477078,0.17613039649503145,3.091407212194415
AURORA16_013,5.1482787619058,2.519468748801443e-07,-3.4187935842144266e-06,-1.1338308075663403e-06,-4.31193336454102e-06,0.000753242640271,0.0006486154346272,0.0019524810286682,-0.0010032870527891,0.0137747203794924,14.993787079197888,-150.9146523545499,-139.28145275800563,0.1041659348459682,-0.0827546953143798,-0.0232867660035484,1.627381727811861e-05,76.37246707300234,107.86245300853776,9.145400533066098,14.241511336446882,14.724714393336162,18.94128418565078,0.7280741084914284,0.835933171418307,0.682685219751328,3.1418406762995232,2.655321744302205,2.4292489600035343,34.54545454545455,81.81818181818183,0.0,47.27272727272728,5.618406465528665e-06,0.0022889886543275184,205.91107068016407,0.13505982026426047,14.8345632793067
AURORA16_014,2.187086014217859,8.427394143632799e-07,4.270922237809082e-06,-7.329216720149858e-07,4.2038992363343e-06,0.0005079334090062,-0.0004239147751145,0.0012752172274437,-0.0003848511204402,0.0211364051518496,-84.4572394148258,-62.83314341261729,51.90690366760444,0.1362540520420265,-0.0003161629928299,0.0686841734214352,2.2139438354824284e-05,12.88946202213662,102.0599435197721,6.404290888054103,17.19441350095147,10.385723182387848,14.12756995846804,0.4017407576790915,0.2804246755246832,0.6816577419830455,3.0100049077679625,0.2767094117311686,-0.4741182569103021,2.631578947368421,2.631578947368421,0.0,0.0,6.037443144906086e-06,0.0013978530318433523,117.36846190115003,0.1525869664666517,5.893440833302626
AURORA16_015,1.959759051688453,4.743287085756228e-07,2.5870016050119056e-07,2.207286162740125e-06,-3.3109340399713844e-06,0.0004372409600415,0.0001014992525886,0.0008198775996638,-0.0017445898749424,0.0456044513786938,77.41874940409264,-70.78252301785935,-170.22010395256342,-0.122767466568755,-0.0704572007210382,-0.1284756469785217,2.2767875489166973e-05,19.05549247483503,108.72067943284648,9.021355027101905,11.578007093576742,12.857947826738036,13.42009329924314,0.5114950808847699,0.4729693172968733,0.3433681032703465,3.011683224780909,0.5404956024983848,1.4030692101166198,25.925925925925924,37.03703703703704,2.985074626865672,11.111111111111114,3.987646197233225e-06,0.001930309614662388,199.94677320149225,0.1911597757053109,9.723385361285894
AURORA16_016,2.491469501971319,7.307861473221981e-07,3.565610617494786e-06,-1.519652639442738e-06,4.999173105822648e-06,0.0003522183056645,0.0012577765636338,-0.0011992503922845,0.0015102155879253,0.0256093339139343,69.37851187867602,-112.2572724859189,-76.11721093726074,0.0359841420904222,0.0823818455383352,-0.1840836755696124,2.2834463339802373e-05,10.745345805027092,107.14870697567083,8.075800045070228,16.973801669209685,11.890922345277882,18.23725748104452,1.1030203640188123,0.5870475491214286,0.7254471544688036,3.049275874229524,0.2621288455999973,1.234561873731565,2.0408163265306123,2.0408163265306123,0.7462686567164178,0.0,6.325713790722537e-06,0.0023023801835130395,152.3446846376495,0.20486196954902128,4.312854641216791
AURORA16_017,1.7842915668084969,2.806454368555369e-07,4.691767620858159e-06,-1.8231979607883352e-06,-4.1046793277158495e-06,0.0003641992227558,-0.001093590685252,-0.001539841202529,-0.000748152738648,0.0202996954677724,-137.06464550639257,-159.89553058802062,-35.77298487142846,0.1809475368964936,-0.1230052319553441,0.0893224815391349,1.8479959749057863e-05,23.013735288541657,103.92799330324615,7.826843449346215,14.949882733235231,14.377439289174802,11.28134308069051,0.3724062284184455,0.2081507288682027,0.3187925033628966,3.136541259509236,0.8641524294371195,0.6277362537282062,25.53191489361702,36.17021276595745,0.7462686567164178,10.63829787234043,6.495007821067933e-06,0.002031448753038678,213.6188292179066,0.23632774679585344,12.897967863910024
AURORA16_018,2.753744880796761,7.078699789849241e-07,-4.335146807948301e-06,-3.3458002864458872e-06,3.6819242673919072e-06,0.000730242421313,0.0005978268363515,0.001557169635642,0.0007081096324686,0.0109205425355284,-114.12040551935624,21.285728205654124,66.97804852025172,-0.1351549949256908,0.0289129343954177,-0.1075088940736688,1.0848667454471164e-05,50.43826501848613,105.17285918393156,5.213490963324153,12.054343399954163,14.260091228710593,12.191138120732244,0.4249568117013171,0.5684876728523937,0.2588735737094021,2.9385833354280364,0.9451158312930534,1.477817697973916,16.129032258064516,67.74193548387096,0.0,51.61290322580645,6.598821388252235e-06,0.0018120688320321327,134.02465506289687,0.17510280618442575,18.316244678371387
AURORA16_019,1.6367633650905795,3.4610678700429066e-07,-8.432344271826494e-07,2.676005417991789e-07,2.772733736450293e-06,0.0009078773291136,0.0001936173503645,0.0011737888162951,-0.0003326304607292,0.0236427421594877,9.298015236509826,-84.24399541215001,-190.83263143430008,-0.0136114259963757,0.193733810293652,-0.0366458430453391,2.470057453739834e-05,74.92528317731207,106.68407541960524,5.539689994720876,17.156141910559935,8.914672282935971,10.065950194565978,0.3131895941784619,0.1320743807832121,0.1520213059653908,3.00772571728514,0.0,0.0,100.0,100.0,0.0,0.0,2.9104478559848598e-06,0.001235277655843633,208.80755989781628,0.19763850328581012,45.77649083266576
AURORA16_020,4.545064314642771,2.643238359257158e-07,2.341554165579797e-06,3.790212793351797e-06,-3.701970847856704e-06,0.000650305827708,-0.0017361009980462,0.0012492179269069,-0.0014588785663114,0.0230496484901203,21.479899833441948,199.86741387083924,-187.4112648122928,0.0030863089997495,-0.1325767294250364,-0.1677318478477974,1.5288716819193294e-05,59.00813067386517,101.39259839106518,8.299883616225394,16.239042807491426,13.796052046861256,12.397504474035616,1.016035691499195,0.3081181208087504,0.60789538681696,2.8895572277382446,1.804862920918664,0.741449530504961,52.0,96.0,9.701492537313433,44.0,5.792510430513925e-06,0.0025889995704065673,274.8296770780321,0.21382256024731794,12.982903340610491
AURORA16_021,3.07984158317116,3.2905438464273254e-07,4.443406279475569e-06,2.917264466478575e-06,-1.4897673835071011e-06,0.000983688404341,-0.0004549376151652,-0.0005131693742116,-0.0002220571162114,0.0175242052322833,141.263093566416,97.78417304216156,31.14234065345377,-0.0189079813116389,-0.0628529991233559,-0.0396766519075471,1.4140966197728204e-05,35.09300454145938,105.83300399724308,6.406495348637884,12.475423604410802,5.001597666801369,14.779699373970256,0.5157779723067437,0.0538891932856275,0.2950538501800363,2.954614918411005,1.1947583327748337,1.246082073899064,2.564102564102564,10.256410256410255,0.0,7.692307692307692,5.520298740903706e-06,0.0007208470040036568,174.60484381273375,0.07669581450558123,11.394418704265256
AURORA16_022,3.454042097237944,3.209423438466472e-07,8.863746853396874e-07,-1.3557457098065754e-06,3.169503820520097e-06,0.0004715144083663,0.0015200677490922,0.0004600317310636,7.959567347788979e-05,0.0194081800214266,-22.183028055321984,-39.34246663967096,155.952898174157,-0.099396043712051,0.0582103313836594,-0.1783846473882517,2.0014469627189206e-05,36.26991686501424,103.78228793551116,6.649160176855011,11.28090383602549,10.721495832201308,10.164539935512888,0.5188451246960278,0.4367007377040801,0.3233091301990909,2.9887789871292294,1.167954097542537,0.7993484911697848,22.5,42.5,2.985074626865672,20.0,3.5594186296025164e-06,0.0015901479889154967,162.36139585478998,0.212341937942636,10.500716506616351
AURORA16_023,3.3442397705068085,9.996655222165067e-07,3.2596997148214758e-06,-3.210286812682453e-06,1.5462853053159885e-07,0.0007114694436501,0.0018892750007326,-0.0010313184485202,0.0005016793499506,0.0165387351175458,48.45502953252287,-12.317287203298434,120.98499690877406,0.0930003247876202,-0.1616914420265349,0.1350296503474043,3.566273625600627e-05,46.25706089837727,107.6759773377049,7.992145451300096,14.496902906524229,12.133370098153698,12.877881167663148,0.6313317124251647,0.779630183077691,0.2316279420093908,3.1077135693716467,1.4400115735399723,3.3376852048607777,18.75,70.83333333333334,1.4925373134328357,52.08333333333334,4.577717076550759e-06,0.0022101266798122982,130.90826913553732,0.23027416118219907,13.831861371401358
AURORA16_024,2.833761876753861,5.324051301128902e-07,-2.347764860530581e-06,3.623051703353916e-06,-2.045522343988731e-06,0.0003006454003915,0.0003061654893116,-0.0017779585307718,-0.0006688512210915,0.0341146232107361,113.01572590766528,-2.055273470502925,128.3568336433101,0.1380509095549768,0.1129266773005492,-0.0750667004506059,1.379467903415123e-05,51.824797257777306,105.31689334322712,8.235859698096014,16.356233074681587,12.407750360729672,12.167675596171996,0.6815364445945062,1.0770734993529596,0.3310271619155524,3.007747905217667,1.900399762992696,2.5425128075114123,14.000000000000002,44.0,0.0,30.0,4.777307311161283e-06,0.0019241194869199835,171.03290675893766,0.19350839152770546,18.288338791946696
AURORA16_025,1.8346107695594924,2.7706483153477666e-07,-1.0852849157423965e-06,1.6994429473299958e-06,-1.653809293342178e-06,0.0006364824530887,-0.0006569122725149,0.0006104334558773,-0.0009782702059706,0.0111387573788023,-192.86780009210275,126.40883991469424,77.91664640735297,-0.1928703467780294,0.1066660629206356,0.171299554996784,2.1227396223016675e-05,11.662872911649362,103.70318536604734,9.802022633715618,19.58764856619206,10.622195711640249,19.53561746466454,0.4198961778323089,0.123317825349977,0.0819277156350493,3.056243823924018,0.5271796889347184,0.868619590441893,8.47457627118644,15.254237288135592,1.4925373134328357,6.779661016949154,2.6078793795558487e-06,0.0013270928127771448,243.40950455624073,0.27914182271268945,6.357137494864771
AURORA16_026,3.9790622232309247,4.485736731531746e-07,1.444287972897649e-06,-2.2239327580264923e-06,1.8284598588636969e-06,0.0006200706834893,0.0010711725976381,0.0003469430887022,0.0007708553106975,0.0197876898025193,43.0022640725241,58.4583972003648,172.48434001142311,-0.0600885050317575,0.127095986762092,0.1837942744949585,3.911792366871006e-05,77.37892031433825,102.2738669697623,5.088934782657967,19.213668516718588,14.218336996050052,10.934070166018683,0.8028224562292938,0.1195139488884537,0.4974229770137365,3.0113791183765817,0.6673847210233785,0.4873728741791093,67.74193548387096,100.0,2.238805970149253,32.25806451612904,3.221041775009441e-06,0.0013645505306728355,187.12943773702452,0.23139652898241486,19.446521811741864
AURORA16_027,3.8680801169127768,5.037817542242924e-07,3.870663101618988e-06,1.301714412594014e-07,2.2815335872628564e-06,0.0007736937078722,-0.0005819377999563,-0.0003360223643616,-0.0019438418699058,0.0382112828097015,-68.29815905725783,1.4295623497627616,156.27114257707922,-0.1418637935502137,-0.0967576243247854,0.0518922499464617,1.2474313433880409e-05,67.5934529562739,106.25815062709177,6.883983702657538,15.523425547561107,13.16263957990748,19.86515944497446,0.8973001802639241,0.4769001714363595,0.2950279010038419,3.065882750442588,1.7836854249530152,2.246226501878343,21.951219512195124,95.1219512195122,3.731343283582089,73.17073170731707,4.494927469955749e-06,0.0020567167640606265,170.55014565068004,0.17938834797706346,17.474677595411887
AURORA16_028,1.5095422431739665,6.924949315814026e-07,1.8841003288208247e-06,1.2452163850665166e-06,-4.510454359115396e-06,0.0003874781840172,-0.0012527639368206,0.0014310383545024,-0.0019055198750843,0.0119513487172349,-130.5873255675944,-188.5725920996784,-199.2262714597693,0.1496440842105251,0.1567870743879262,0.1103424928578737,2.33229278718211e-05,31.87539644648463,107.6002663281502,8.797739923269152,18.173475007108262,12.758866282221922,11.45556686727957,0.3360068392702547,0.1190190871804661,0.2728065575659714,2.9352536456709464,0.9923737461990096,2.1091607440571822,45.28301886792453,96.22641509433964,1.4925373134328357,50.943396226415096,5.044263714395188e-06,0.0026922656347018346,303.81537046346136,0.24320979495986947,21.11593537088658
AURORA16_029,2.273363434368268,6.882782209790327e-07,-2.864761131689386e-06,-3.7460614991312857e-07,2.4995236100183843e-06,0.0005852000759012,0.0004944803744921,0.0016336682260392,0.0001541135938554,0.0433802459736771,-92.83184871797512,-103.27868700400856,195.435575063003,0.0256336052902405,-0.1308933375118736,0.1141634154768813,1.7701660130508262e-05,52.56240852627766,106.85927741970669,5.954302610454233,18.466744093591824,6.728545354909228,16.659466351349277,0.442812272353702,0.1351468423449029,0.1443433785082866,2.793732772995812,1.2990817337506366,2.596555760712674,48.57142857142857,91.42857142857144,2.985074626865672,42.85714285714286,3.820314697276957e-06,0.0017138067899675684,239.74841673278192,0.17556603589111455,23.12098792988809
AURORA16_030,3.512198888954958,3.552559442687136e-07,-4.09857641109125e-07,1.5319636324916477e-06,-1.92696698422449e-06,0.0008932477214155,-0.0010480310819405,0.0009192910321352,-0.0001709296095929,0.024611931645909,-152.92412417786562,161.43988920804674,-41.3746080869432,-0.0707697454888947,0.0352543450774899,0.0858328225026364,3.305847794005047e-05,53.79717206227915,107.37045407079702,8.415712691225462,15.699812342147991,9.364144068235884,17.630120057456132,0.7067834521059815,1.0846212721765718,0.5869832517713323,2.9135970376968783,1.9120580101064928,2.019508984532902,24.0,76.0,6.7164179104477615,52.0,2.49561567865402e-06,0.0014045220119005461,226.18683378442216,0.11669832536148388,15.317233950349067
AURORA16_031,2.0316290961341106,3.363239609669975e-07,-2.045481293253851e-06,3.541908716258528e-06,-3.833721914302327e-06,0.000263615059339,0.0007055114821319,0.0003762305223185,-0.0001189033097166,0.0188814029102725,-195.93365421410056,151.08302487525611,-5.510492524581053,-0.0496595961971964,-0.0290877534878246,0.1031310816739793,3.280741128084288e-05,40.92955407311244,109.47356729448884,7.06740873053142,13.88464203917242,6.366932968807447,11.613255619416766,0.37351319155036,0.5018885133388493,0.4042155935110556,3.221650855207208,0.7292434558490593,1.0852612020625425,44.18604651162791,79.06976744186046,1.4925373134328357,34.88372093023256,5.60593745876294e-06,0.0008083525557611377,247.48018665544004,0.11810246781791668,20.146174393246937
AURORA16_032,2.417627901389928,8.918329536797705e-07,-4.812046842772443e-07,6.683584184844579e-07,1.0033130454882552e-06,0.0005178055870372,-0.0001190198835391,0.000282893490052,0.0011563932175404,0.0227264246321695,101.92181738061409,170.35084221201663,-145.60919426104826,-0.1804470722672273,-0.1481831246741486,0.0188484367772449,2.8165946742413035e-05,33.20776352495664,101.90339830758502,9.303987196930336,10.67866637269906,12.613862505326118,15.505753384912676,0.4594918517065977,0.2500435984183833,0.2359283884142957,3.109046247315139,1.435035291302543,1.9117125690102008,37.5,50.0,1.4925373134328357,12.5,1.2980362055722197e-06,0.001196427905460626,246.18997492558938,0.2342533839605183,13.735680129214687
AURORA16_033,2.545141755092127,3.1549992886670946e-07,-3.767772418414564e-06,2.4193612766142774e-06,4.503086920010355e-06,0.0003176500780555,-0.0008322521012405,-0.0002453316845288,-0.0005542266220047,0.028859910353141,-101.38095521349796,-171.86345839940884,-164.4568149060072,-0.0046095460773497,0.0434137830494095,0.0738474144873595,2.8484872513731756e-05,44.79961113288986,102.73424090717664,6.14411759563818,11.101981197590524,13.711063768389414,19.81358797450639,0.3783978786634101,0.2071330269521782,0.0766082617071919,3.1969189920970527,1.0284548577646897,0.9058915392479364,54.054054054054056,97.2972972972973,1.4925373134328357,43.24324324324325,6.350370839007321e-06,0.0010295622098696643,258.57530891799263,0.0857872082548924,17.60201019972981
AURORA16_034,3.2624767423454584,2.865905713561698e-07,1.0151557093315238e-06,4.833699271778621e-06,-4.813732186682774e-06,0.0008183922750606,0.0016116639720155,0.0017593068558323,0.0016639117588018,0.0363403419016751,-50.528867967364135,177.38073202499277,45.03102426174573,-0.0825015823297426,-0.1691968034146461,0.1465160994957476,1.6502234806479895e-05,45.69850407580744,100.8256705906289,7.723673747801824,10.275621757071534,11.788623828394831,11.22432581137326,0.5729028679643344,0.6200482538761519,0.3115094906189244,3.1028200003306337,0.808717897876783,0.4550157290942542,55.319148936170215,89.36170212765957,2.985074626865672,34.042553191489354,6.89689838472971e-06,0.002908818267398328,189.8549018009478,0.23853938204014344,14.007304169455594
AURORA16_035,1.9049950795650843,6.395358537579609e-07,3.978038544911553e-06,-1.6531757764236282e-06,1.3967754332617824e-06,0.0002919477812099,0.000901197383151,-0.0018829614241552,0.0011223170168796,0.0126621662986361,135.94519371050558,-52.08078408558043,-151.3871406219451,0.0697561425406235,0.1773195660445151,-0.0593299684563645,2.9924598346573928e-05,43.2374031701688,108.95544807576258,5.3282082679644125,16.502433868196345,8.811155802341347,15.171235756747006,0.5367243686927021,0.3780330933369377,0.2510745466897333,2.9562423309729704,0.547450712610472,1.2800883327029406,40.625,87.5,1.4925373134328357,46.875,4.528660113490472e-06,0.0023700835290411844,210.02754607347177,0.19957002049755906,22.69685818823218
AURORA16_036,5.807967479587837,7.911889716897353e-07,1.7779446942913549e-06,4.666121534531189e-07,3.5891379508623235e-06,0.000791685156642,-0.0005247111209185,0.0019199003823972,0.0018334213108694,0.0212760256042542,-137.85462708446337,-186.20279458083945,-65.38287559964701,-0.0300240282922059,-0.1831610477740073,-0.0987374902847603,2.4087907856213232e-05,54.33568267572572,109.27158667142508,9.57451949194298,13.64098749194411,13.35995144892828,10.407787464220007,1.1291013733597537,1.097156639798506,0.6410705741755246,3.0221127796763545,2.1236924232625327,3.746372269494293,22.41379310344828,84.48275862068965,10.44776119402985,62.068965517241374,4.032458985287902e-06,0.0027060622575791806,240.7286840822873,0.2102344017621676,9.355369648106512
AURORA16_037,5.323783722803921,3.0975551395061456e-07,3.3849093691391463e-06,5.304760151554079e-07,4.0138259567015975e-06,0.0003300377045689,0.0012420286366154,-0.0011194304228895,-0.0008998602676372,0.0155828473751593,154.15665303077105,136.00318958540214,-45.75981247599324,-0.1623123588941425,0.0109900462612012,0.1955709084691837,1.1173626881868912e-05,37.86427878933631,106.94150552495024,6.757253748560947,13.279301855213166,9.181033781498405,14.273059329878464,0.7837563383964896,0.1967831693086923,0.1133082834461312,2.8897187400251974,1.0066801521399944,1.387662836313511,4.878048780487805,65.85365853658537,8.208955223880597,60.97560975609757,5.277292397682037e-06,0.0018988175549892537,210.6065091322926,0.2543895894215526,7.112287192875299
AURORA16_038,4.146904826324347,3.779746913016664e-07,-4.128466677573782e-06,1.359148610061144e-06,-2.552648986530624e-06,0.0009506584698447,-0.0016466948862135,-0.001275345949942,0.0005864198447436,0.0472314810406109,158.68743684351682,145.04524666374283,115.20211154978858,0.1981441618121044,0.1840050192329519,-0.1374921295702125,1.979779123941584e-05,72.02425894927622,100.973718801253,6.494770867422857,13.542363421715043,7.079047520925252,18.047512049758552,0.7708099011261713,0.3378205994377933,0.4568928539670693,3.054989093638294,0.9029210117754009,0.0114125937300737,74.35897435897436,100.0,8.208955223880597,25.641025641025635,5.040589142203922e-06,0.0021637928677727594,243.90849246641878,0.3033529984306938,17.368196755341426
AURORA16_039,4.264953323879115,4.139566150288893e-07,-1.1686775999424047e-06,-1.3565225387992638e-07,-5.707397303017388e-07,0.0005629172320354,-0.0003538635498795,-0.0003011025680184,0.0008669518299594,0.0144999124813753,-9.570692694219474,84.90167268080017,-8.899985700436304,0.0998177274123177,0.0765919272964475,0.1799597533470794,1.4358198143595756e-05,30.12297703536673,101.68250152006452,7.619199622302164,18.800264377465,6.235017480526016,13.587024726778267,0.8236104266941882,0.2248662550024846,0.5056296965469983,2.913550487567653,0.7953155730703063,0.5338486633775618,17.77777777777778,55.55555555555556,2.238805970149253,37.77777777777778,1.3076515997522983e-06,0.000983609497651659,85.90169921551545,0.21958008757053932,7.062908957692624
AURORA16_040,4.169093852295141,6.573848097598501e-07,3.072444031141567e-06,-2.8232127909744614e-06,4.708691995481433e-06,0.0002889673397819,-0.0013569967350104,-0.0019488398297799,0.0014417632218978,0.0221885140929364,-31.28587305908536,-24.23729898042376,133.80935706671767,0.0429245711762194,0.0885564489499349,-0.0440492796183787,1.83263627254738e-05,60.24134732712365,104.88313171258358,9.502987298939278,18.4067343574288,7.744277873404844,14.56887227953087,0.9031043443778476,0.6942633821007455,0.5747347093376362,2.983949117524664,2.638731419161877,2.8365852358134087,17.543859649122805,100.0,2.238805970149253,82.45614035087719,6.291440462718388e-06,0.002778146506032855,139.5392294429921,0.10781976857785805,14.44950616642031
AURORA16_041,3.336568090802411,2.94041831414505e-07,-1.8974807705128303e-06,-1.0121371944370563e-06,1.486509855902301e-06,0.0008579473306651,-0.001220423645581,0.0015752469646176,0.0019056989847522,0.0334066588527678,-42.12489673287888,-94.24944765246585,36.16034447648474,0.153321210503101,-0.044776442752287,-0.0078458842982027,3.5093950873175904e-05,28.775844806961537,101.54688399691946,7.783385913365304,15.099353357589626,8.303924565811219,15.740609017221654,0.6612787764341904,0.5414120691811806,0.4617889637788874,3.0465010764531035,1.0200255712090018,0.3249319362197191,36.95652173913043,56.52173913043478,2.985074626865672,19.56521739130435,2.614300389496884e-06,0.002757267758980935,109.38480616707537,0.1599183582835499,8.624384104818684
AURORA16_042,5.400578110690966,4.207653198916086e-07,2.150810739063746e-06,-4.35745765238468e-06,1.2271066650630985e-06,0.0004521108268375,0.0018293344473604,0.0002292998623679,0.0002070997572726,0.0159404386029034,198.23102512188387,114.61977770731852,-100.82430110611222,0.1244748540974512,-0.1085901592644032,0.1537707678558304,1.012306625175694e-05,69.77144062707501,106.50639472950812,9.942772033062582,15.20695873903268,8.128330798426767,16.897689264705228,0.7618590659321725,0.5481600277586852,0.7673112872260287,2.9832113780667666,3.1045644045536585,2.5563610691014915,22.033898305084744,79.66101694915254,0.0,57.62711864406779,5.011907301122002e-06,0.0018552447969590665,250.19746692579454,0.22567955387810812,12.919254049664739
AURORA16_043,2.915706461731018,6.120505356071963e-07,7.138217119682454e-07,2.773030894770999e-06,2.584869338855764e-06,0.0009648973545418,-0.0017803098624101,-0.0005786944043502,0.001276936251662,0.0301571305100228,-176.61399645859169,-129.7871707580965,143.81023353763885,0.1126264734393173,0.1494913311829223,-0.0151559131427179,1.597693479949389e-05,20.640055474572,109.6292096338291,9.07773377917651,14.043513920210206,7.473597951436944,12.5701728445909,0.714052227705164,0.0631926610155836,1.1409286720377303,2.9896521085448047,0.6079896572064987,1.248821038275031,9.090909090909092,38.18181818181819,0.0,29.090909090909093,3.857562867768763e-06,0.002266044264931623,262.1423214756003,0.18778200744855458,7.078920922073295
AURORA16_044,3.653499983266273,3.93595607474812e-07,4.654971556494089e-06,-8.118814973316853e-07,7.598700431947761e-07,0.0006331901536069,-0.0018645164911481,-0.0009922041963972,-0.0015575971333495,0.014149543362659,-69.96830306788911,188.0949487676613,99.19910294159388,0.1719160378966092,0.1942217524462887,-0.1409852235330637,3.0571000093377104e-05,77.77615722783074,100.74257182612274,5.783068208834541,10.43113405252864,6.468611402888235,19.14223622687052,0.531610403309052,0.4059196793450229,0.4159140122916459,2.96998216667831,0.403298632376957,0.3834452186252279,88.57142857142857,100.0,0.0,11.42857142857143,4.785949669608256e-06,0.002624309383996105,223.86543996456007,0.2952186417962859,21.28812305571654
AURORA16_045,2.744398266296519,2.678174251686334e-07,-3.277771535792332e-06,2.0267638244398658e-06,-3.274684619771019e-06,0.0005338661082543,-0.0011324531104465,0.001340279941718,0.0003400548670546,0.0131990525817713,-173.86470996228277,-31.689980839659626,100.61006797058673,-0.0931703949881521,-0.0154322255490517,-0.1192591482494142,3.703238444691776e-05,56.93906942945284,105.56272227161944,7.370660276744119,10.867766527233774,5.41658183452333,15.123211510730126,0.635701650792213,0.4128603580754496,0.0608131851600367,2.931411967652931,1.6118476990848798,1.7710454928833046,34.090909090909086,97.72727272727272,0.7462686567164178,63.63636363636365,5.057184710871593e-06,0.00178729899069492,203.3607091670679,0.15212370140389314,20.747378443104164
AURORA16_046,2.645498019481006,9.348727386525974e-07,-3.6434965123986632e-06,-1.923366391169493e-07,-2.870510004663876e-06,0.0003700004375218,0.0010272194108168,0.0001090992061992,-0.0004651551959401,0.044697515085541,32.79036278751684,137.82734320582625,-160.25924507591992,0.0475226235274835,-0.1424637411300314,0.0620228969322363,1.154936915020558e-05,28.05606908356124,103.34769399151496,6.986503935752136,11.455842227787336,5.942880562996683,11.831503521727273,0.4991217403874417,0.3824459372981196,0.0879370627638041,3.0482631667265063,0.9937591017828172,1.4931434292487007,26.1904761904762,42.85714285714285,0.0,16.66666666666666,4.642401092697984e-06,0.001132895278065092,213.9032726706568,0.16248432855991476,10.605212658244696
AURORA16_047,5.701187350370148,6.648085825901673e-07,-4.484272065312311e-06,4.063094341829793e-06,-4.3756907059997174e-07,0.000932199388132,0.0019959534657021,0.0018377674060411,0.0017593049083334,0.0171448303667739,127.32031707318812,-145.65846023351887,180.99572465775344,0.0577914314017903,-0.0066247376461106,0.018301888201686,1.2216018808397852e-05,14.92033118898513,108.84094392548272,5.7620218512233095,13.377527412933183,10.172335859884717,14.86276117827521,1.0772301826180528,0.6414853155082729,1.6979934626896909,2.998426991722688,0.1670127379443322,0.3625731478262688,0.0,0.0,3.731343283582089,0.0,6.067033729747622e-06,0.003233631555456071,264.9269758284385,0.060981110223532684,2.6170568115107518
AURORA16_048,2.6307040121183785,9.771888091748457e-07,2.8737228694001557e-06,4.292598016800047e-06,-9.874856051367268e-07,0.0002501682355577,3.916096292562758e-05,-0.001685286023778,-0.0011706430840315,0.0282164955392241,-149.20838812621594,-193.8451819444462,-133.39804510909028,-0.1299168392051358,0.0464616097373404,0.0029065715093388,3.596837735020046e-05,79.83308811407078,100.5853229048764,6.562836331240959,10.573325834973152,9.840960877767897,10.5310763800817,0.6088151321911488,0.6580192360180603,0.2648314597475856,2.8687670526167905,0.3765994229983522,0.2858855907836884,87.17948717948718,100.0,0.0,12.820512820512818,5.25925932848927e-06,0.0020523468988330176,278.62902951635505,0.13800548701546955,30.346663002115946
AURORA16_049,3.9586326156052487,5.996536837669525e-07,-2.7805463434262824e-06,4.9133709812479095e-06,3.812705761520046e-06,0.0008779570621249,0.0017206363841542,-0.0007865442645352,-0.0007628103811962,0.0122665437915421,-110.96358838505304,-76.30786441742296,73.18812315596682,0.0859727256496071,0.1535476372798083,0.1913480412879969,1.2993142563127138e-05,42.01805976711636,101.21454341635678,9.71939895016673,18.620341111788044,13.996677239197318,16.250889220394427,1.0786876083474175,0.1663457649459015,0.3642669334474624,2.9964016730504746,1.6571396987871962,1.6953012331734738,39.6551724137931,60.3448275862069,1.4925373134328357,20.6896551724138,6.812442850493388e-06,0.002039882625105952,153.27201143825394,0.25996588117402475,10.61428625669323
AURORA16_050,3.199666826009749,7.720642412980084e-07,3.429387740615039e-07,-4.141482888709678e-06,8.847034459298591e-07,0.0005559985319803,-0.0008772942880398,-0.0006601282909082,-0.0012213071157464,0.0359126886830153,-31.084428697575675,-47.78408048290311,-13.479563171229756,-0.184308675679052,0.1201769771503464,-0.0858860243911482,1.2085115143602844e-05,17.83949089053454,103.2017442326695,5.450359785397285,17.50417791189393,9.478488440720898,11.976538748760358,0.4614844634554179,0.2335121387546113,0.1513259226152565,3.264945759611728,0.3804363950477725,0.345962440742374,6.25,28.125,0.7462686567164178,21.875,4.248786615902243e-06,0.0016422562830622483,58.57694664574453,0.23619611121540032,5.575421398727902
AURORA16_051,2.9610429854882128,6.269063780172791e-07,2.7299502174034234e-06,-4.731861194062271e-06,4.569316626141898e-06,0.000758830852436,-0.0001985988258011,-0.0004033955262408,0.0009076327473035,0.0272100757762036,2.27470149258906,36.469393762818754,-127.931550005858,0.0234635699650558,-0.1875628538078923,-0.1877330325353982,1.9395564160065963e-05,66.20344760763516,104.56400468254712,9.9109114661629,16.797555886036527,11.002860826773468,17.32281596772679,0.598372742098211,0.1030864935857961,0.075815873588423,3.032382682444383,3.3957973140553843,4.660313412334013,35.59322033898305,96.61016949152544,0.0,61.01694915254237,7.12192340448212e-06,0.0010129001175724912,133.04763220444494,0.2664095620449888,22.358151479763006
AURORA16_052,4.440936196869408,2.6007954954907374e-07,-2.211549385904221e-06,-3.448518142058249e-06,4.577506820995625e-07,0.0006847030757191,-0.00028924767255,4.347906264624748e-05,-0.0016852064746377,0.0131403282801008,89.88861501859924,123.41845340975868,7.502679269176525,0.1302008117495122,-0.0762644272365269,-0.1996264917892699,1.4512236079024652e-05,6.472635031198195,100.04559941535386,6.824403725675541,16.666771733334297,8.723562286856447,12.670269263181188,0.9884687360267596,0.640944122507611,0.3964000410668244,3.0140029005868856,0.0880749105348319,0.0537951195819624,2.4390243902439024,2.4390243902439024,2.238805970149253,0.0,4.122228007929793e-06,0.0017104021477784147,152.86715784704984,0.25023838727509184,1.4574933627195572
AURORA16_053,4.8965004162581005,3.664774051757897e-07,1.6348552987500964e-06,2.583695033786176e-06,3.292896242634831e-06,0.0003586187565396,0.0013959865244353,0.0007575936807057,0.0017470145389962,0.0310760748121081,-59.66843836878172,168.27863486402669,-29.18085883152776,-0.1017041176856264,-0.0197063322897488,0.1422287303499568,1.1143114093303834e-05,56.50532622984925,100.1890537735231,8.54990777787784,17.780126815852647,5.541703924595343,16.15117573732237,1.0268743487278145,0.5114255419953687,0.4382563698844581,2.9732794809117897,1.1704935308254294,0.5910130338266186,54.90196078431373,68.62745098039215,11.194029850746269,13.725490196078423,4.493483897848217e-06,0.0023610985495981025,180.91308413493778,0.17595760518797268,11.539941065302829
AURORA16_054,2.133304563227971,5.628427825343655e-07,-3.522203910034343e-06,-3.0475177622572324e-06,-2.675120836710451e-06,0.0002756028367967,0.0014636588053639,-0.0001727067104427,0.0015978812068602,0.049258695493472,83.38991481878463,100.13940749051436,-179.37069103935602,-0.1975626425726882,-0.1782190771546842,0.094349017196922,1.5493684644380755e-05,25.72081244119089,103.47569091450788,8.94959899567421,11.89229565807396,9.60503533965425,17.444937605240447,0.3995801122712682,0.1526532970492359,0.3744369514205314,3.026883589666961,1.4317853852701048,2.2024541480670945,27.77777777777778,40.74074074074074,1.4925373134328357,12.962962962962962,5.371178305189371e-06,0.0021737868013188932,221.7106754984332,0.2823026288368497,12.05679342956634
AURORA16_055,2.114769205694242,9.113027236788952e-07,-3.6505483793182914e-08,1.041822898584128e-06,-3.043915927660996e-06,0.0004829452765004,0.0016831991886461,0.0017025185459196,1.10771500945535e-05,0.0480220938745104,-161.7294517208071,-92.06505800493554,140.53986770652062,0.0788667869089359,-0.0541498275912557,0.009899501262563,2.684798103869047e-05,9.352935259709266,103.08561003598732,8.881133007990908,14.56624919241191,13.451447241672842,18.32243759665404,0.353359941683526,0.1486083969282702,0.3122359703407399,3.1046377575314805,0.4513648422751471,0.6358595357140036,3.7735849056603774,3.7735849056603774,0.7462686567164178,0.0,3.217475994786832e-06,0.0023941285702971963,233.2034409573138,0.09617782504688754,4.422674225880294
AURORA16_056,3.620434934839022,8.118716175054518e-07,-4.843776565046044e-06,-3.897652343021749e-06,6.186889908139053e-07,0.000824545212295,0.0005083801909591,0.0001511396291569,-0.0010959490038581,0.011520254177542,-75.45796432675577,45.65324570546329,-20.33551313603144,0.054176563288026,0.0061472450622743,0.0768761783993554,3.1521773102714e-05,71.36257861334309,109.17573193843582,5.2863566034250615,10.029227984568742,10.03124532998716,13.173791648140664,0.5449175942680414,0.5045473686571581,0.1555164359867386,3.024897785257755,1.3285185129324533,2.7255627666515387,25.806451612903224,90.32258064516128,5.223880597014925,64.51612903225805,6.247930958846017e-06,0.0012175376072708628,90.50776938079436,0.09424879541323943,19.711051268075373
AURORA16_057,1.5469959475794777,5.7783005695214e-07,3.7080195687626106e-06,4.448308568472428e-06,-2.81966237848114e-07,0.0006715747923124,-3.09952990661562e-05,-0.0009256027211789,-0.0002835497509007,0.0146192006880961,56.76935437844605,56.07153601619064,188.9200801726151,-0.0761718910824295,-0.104436626419595,-0.1593980350986128,3.962946729370286e-05,64.9801523902891,104.8062779703912,9.261408473795314,14.090162055329468,5.707056970516232,18.62499188309924,0.4679105164963258,0.2850959617488324,0.7576526218892033,3.069645082883401,0.1523469207005496,0.43660524706921,94.64285714285714,100.0,0.0,5.357142857142861,5.797961986936264e-06,0.0009685564347284229,205.07943202619776,0.2052240227709177,42.00408701261367
AURORA16_058,5.9680207194293,5.875083270410722e-07,-4.808433162645555e-06,3.1540500076322377e-06,1.8698883896981678e-07,0.0005720324348505,-0.0014781377602149,-0.0011430645668809,0.0004239651888814,0.0179941231681778,191.25530550004092,-121.46724199209405,-120.1718419619542,0.0156988724988499,0.0980688417766634,-0.0713813817361863,1.4985903386680242e-05,5.312294314348987,104.4575271243694,5.620964507677783,12.193091538111236,7.962930882600271,14.459235841646652,1.147691765263574,0.3626992180137251,0.4028345746443897,2.978138505910833,0.0075697586174077,0.0059582877315782,0.0,5.88235294117647,7.462686567164178,5.88235294117647,5.753609802217538e-06,0.001916046534825024,256.46472342138753,0.12230802910569093,0.8901266540604408
AURORA16_059,4.827072962447457,4.660773072551896e-07,2.4111880780681007e-06,4.54233580382846e-06,-1.7634806409514766e-06,0.0004949575742294,0.0008580172748018,-0.0004526495937684,-0.0018183468604921,0.0250360889128167,165.3699201163679,38.27878033986784,-87.279732532271,0.1117771381156628,-0.1537478618980788,0.1672169491227845,3.778219724278412e-05,63.37076565445473,104.07449663172004,6.078847182066985,19.840725237159702,13.025826532391497,17.046875044772847,1.9563300512425408,1.0778704487948227,1.076847018651585,3.0919997292851003,1.0769708455999043,-0.2259813748450638,27.77777777777778,77.77777777777779,2.985074626865672,50.00000000000001,5.436589599516439e-06,0.002060939252782207,190.86704067100354,0.2531680108494961,13.128197180248137
AURORA16_060,4.996425605314009,5.398704993875038e-07,1.3106587017681793e-06,-2.5171457015932137e-06,4.220403221867267e-06,0.0004397150195616,-0.0014334640081154,-9.622540703965668e-05,0.0013787347906837,0.010150588668206,-45.26484866123482,92.29834719324076,-94.12336657062126,0.1682236354934933,0.0637141421096578,-0.0033711513141355,1.0565171910523676e-05,48.579348808051975,108.39001053256692,6.270922240175081,12.654273266497269,14.54198005269536,13.108132117552328,0.8027901890289282,0.7660855062904,0.9158988092712004,2.9503545331377503,0.9170754698546328,1.1851976536910738,5.405405405405405,48.64864864864865,5.223880597014925,43.24324324324325,5.0858285530203874e-06,0.0019912277656169426,139.38113055043013,0.17991678105335301,9.72282040112532
AURORA16_061,4.344657201568773,5.151868170798785e-07,-2.522368172280153e-06,1.8149000469683776e-06,-1.3425049772749122e-06,0.0003082043010681,0.0018017919675582,-0.0013748768142975,-0.0005704755807888,0.0275055944637616,-16.063955778355023,-131.79951333544284,-91.2087233309374,-0.0429771444721034,0.1414608005926847,-0.0517240835240297,1.1831680600416183e-05,16.556122219965882,106.20564069888972,5.873064751469872,19.99243215909189,12.312362756487063,13.833429819028876,1.2283222430430756,0.5524850160594932,0.2021352977450818,2.9749940265417547,0.2029979918356523,0.365597184674027,0.0,0.0,1.4925373134328357,0.0,3.385044016113476e-06,0.0023371313478549745,161.08443004327887,0.15663196949441754,3.8106855044830192
AURORA16_062,1.600228741323826,3.993373675652968e-07,-7.519621542137245e-07,-3.993378911459855e-06,1.914835410898785e-06,0.0003971067347668,-0.0018978881869156,-0.0015677833491365,0.0012065759119982,0.0406352586759929,-184.80938423279892,-25.679052765429677,-113.23627149244334,-0.1648788253826547,-0.0602665932356606,0.1295030242907578,1.333044701237234e-05,19.13970826301485,102.46783128361932,8.656573679454585,12.915289085498348,7.64205404467446,19.25218116006291,0.3282768629900738,0.1826645380025396,0.3202829815656635,2.8616931272771424,0.8872263100579976,1.3224176183207694,36.53846153846153,69.23076923076923,3.731343283582089,32.69230769230769,4.492117191558337e-06,0.002741486755626905,218.25758963423556,0.2181470206540743,11.960607736104706
AURORA16_063,2.250253788274652,5.453122982573766e-07,1.986424773111058e-08,-2.12491155821878e-06,-1.1279313928076876e-06,0.0003448029972183,-0.0007001382471396,0.0014610319542871,-0.0012730376636739,0.0306560355444799,51.18234485877946,-179.37712550130712,165.78079147926815,0.1578535374609967,0.0549434468409853,-0.1149096342870247,2.4993535499395308e-05,68.70217473402359,105.98354222001376,7.968506280263825,15.91693987223928,11.661321659096586,15.885648029360954,0.4792730102886336,0.3709217187738308,0.1851469572151335,2.985615979405356,1.4567497886282816,2.215323449939121,52.083333333333336,93.75,2.985074626865672,41.66666666666666,2.405799855655241e-06,0.002060444813550704,249.55772158329884,0.2028318162707622,30.530856160317782
