output_metric,parameter,spearman_rho,absolute_rho,p_value,samples,q_value,fdr_significant_0p10,rank_abs_rho,subsystem
protected_mission_rmse,pseudorange_noise_std_m,0.8418956043956043,0.8418956043956043,2.92729410750415e-18,64,6.732776447259545e-17,True,1,GNSS measurement
protected_mission_rmse,accelerometer_noise_std_mps2,-0.11300366300366299,0.11300366300366299,0.3739686626403871,64,0.7002095254361265,False,12,Accelerometer
protected_mission_rmse,accelerometer_bias_x_mps2,0.10796703296703294,0.10796703296703294,0.3957706013334628,64,0.7002095254361265,False,13,Accelerometer
protected_mission_rmse,accelerometer_bias_y_mps2,0.19038461538461537,0.19038461538461537,0.13184186444745266,64,0.5711987264874084,False,4,Accelerometer
protected_mission_rmse,accelerometer_bias_z_mps2,0.2533882783882784,0.2533882783882784,0.04335700454969773,64,0.41722361774256944,False,2,Accelerometer
protected_mission_rmse,gyro_noise_std_degps,0.18690476190476185,0.18690476190476185,0.13918455835795665,64,0.5711987264874084,False,5,Gyroscope
protected_mission_rmse,gyro_bias_x_degps,0.11955128205128204,0.11955128205128204,0.34673530989721435,64,0.7002095254361265,False,11,Gyroscope
protected_mission_rmse,gyro_bias_y_degps,-0.1460164835164835,0.1460164835164835,0.24961211506110065,64,0.6227326143353771,False,8,Gyroscope
protected_mission_rmse,gyro_bias_z_degps,0.08782051282051281,0.08782051282051281,0.49016139395700775,64,0.7069505995409826,False,15,Gyroscope
protected_mission_rmse,star_tracker_noise_std_deg,-0.012408424908424908,0.012408424908424908,0.9224765389724358,64,0.9644072907439102,False,22,Star tracker
protected_mission_rmse,initial_position_error_x_m,0.2416208791208791,0.2416208791208791,0.054420471879465575,64,0.41722361774256944,False,3,Initial state
protected_mission_rmse,initial_position_error_y_m,-0.0013736263736263735,0.0013736263736263735,0.9914050130628766,64,0.9914050130628766,False,23,Initial state
protected_mission_rmse,initial_position_error_z_m,0.07367216117216116,0.07367216117216116,0.5628940412121509,64,0.7069505995409826,False,16,Initial state
protected_mission_rmse,initial_velocity_error_x_mps,0.17738095238095236,0.17738095238095236,0.16084756419742646,64,0.5711987264874084,False,6,Initial state
protected_mission_rmse,initial_velocity_error_y_mps,0.07184065934065934,0.07184065934065934,0.5726672766214729,64,0.7069505995409826,False,17,Initial state
protected_mission_rmse,initial_velocity_error_z_mps,-0.07156593406593405,0.07156593406593405,0.5741400115840203,64,0.7069505995409826,False,18,Initial state
protected_mission_rmse,non_gravitational_acceleration_mps2,-0.17211538461538461,0.17211538461538461,0.17384309067008083,64,0.5711987264874084,False,7,Orbital disturbance
protected_mission_rmse,fault_magnitude_m,0.09157509157509156,0.09157509157509156,0.4717244969500027,64,0.7069505995409826,False,14,GNSS fault
protected_mission_rmse,fault_start_min,-0.0314102564102564,0.0314102564102564,0.8053801507563019,64,0.9261871733697472,False,20,GNSS fault
protected_mission_rmse,fault_duration_min,0.023260073260073257,0.023260073260073257,0.8552392229175145,64,0.9366905774810874,False,21,GNSS fault
protected_mission_rmse,gnss_outage_duration_min,0.13974358974358972,0.13974358974358972,0.2707533105805987,64,0.6227326143353771,False,10,Mission outage
protected_mission_rmse,star_tracker_outage_duration_min,0.14097985347985345,0.14097985347985345,0.26649490025659395,64,0.6227326143353771,False,9,Mission outage
protected_mission_rmse,dual_outage_duration_min,-0.06973443223443222,0.06973443223443222,0.584002669186029,64,0.7069505995409826,False,19,Mission outage
protected_low_redundancy_rmse,pseudorange_noise_std_m,0.5195970695970695,0.5195970695970695,1.0837110422457832e-05,64,0.00024925353971653016,True,1,GNSS measurement
protected_low_redundancy_rmse,accelerometer_noise_std_mps2,0.04578754578754578,0.04578754578754578,0.7193935617917022,64,0.9732971718358324,False,17,Accelerometer
protected_low_redundancy_rmse,accelerometer_bias_x_mps2,0.004029304029304029,0.004029304029304029,0.9747916553393171,64,0.9747916553393171,False,23,Accelerometer
protected_low_redundancy_rmse,accelerometer_bias_y_mps2,0.0570054945054945,0.0570054945054945,0.654571958226212,64,0.9480549197518298,False,15,Accelerometer
protected_low_redundancy_rmse,accelerometer_bias_z_mps2,0.06286630036630035,0.06286630036630035,0.6216546264504021,64,0.9480549197518298,False,14,Accelerometer
protected_low_redundancy_rmse,gyro_noise_std_degps,-0.09432234432234432,0.09432234432234432,0.45847412353194894,64,0.9480549197518298,False,8,Gyroscope
protected_low_redundancy_rmse,gyro_bias_x_degps,0.21657509157509156,0.21657509157509156,0.08562916592652,64,0.9480549197518298,False,2,Gyroscope
protected_low_redundancy_rmse,gyro_bias_y_degps,0.02692307692307692,0.02692307692307692,0.8327485353043786,64,0.9747916553393171,False,18,Gyroscope
protected_low_redundancy_rmse,gyro_bias_z_degps,0.0918040293040293,0.0918040293040293,0.47061249377829,64,0.9480549197518298,False,9,Gyroscope
protected_low_redundancy_rmse,star_tracker_noise_std_deg,0.006776556776556776,0.006776556776556776,0.9576167286700745,64,0.9747916553393171,False,22,Star tracker
protected_low_redundancy_rmse,initial_position_error_x_m,0.07289377289377288,0.07289377289377288,0.5670380637104497,64,0.9480549197518298,False,13,Initial state
protected_low_redundancy_rmse,initial_position_error_y_m,0.011950549450549448,0.011950549450549448,0.9253288645443054,64,0.9747916553393171,False,21,Initial state
protected_low_redundancy_rmse,initial_position_error_z_m,-0.017124542124542123,0.017124542124542123,0.8931605666571891,64,0.9747916553393171,False,20,Initial state
protected_low_redundancy_rmse,initial_velocity_error_x_mps,0.08108974358974358,0.08108974358974358,0.5241362192604575,64,0.9480549197518298,False,12,Initial state
protected_low_redundancy_rmse,initial_velocity_error_y_mps,-0.08131868131868132,0.08131868131868132,0.5229615817540906,64,0.9480549197518298,False,11,Initial state
protected_low_redundancy_rmse,initial_velocity_error_z_mps,-0.10943223443223442,0.10943223443223442,0.38935228544943534,64,0.9480549197518298,False,7,Initial state
protected_low_redundancy_rmse,non_gravitational_acceleration_mps2,0.05613553113553113,0.05613553113553113,0.6595164659143163,64,0.9480549197518298,False,16,Orbital disturbance
protected_low_redundancy_rmse,fault_magnitude_m,0.143040293040293,0.143040293040293,0.2594979417700109,64,0.9480549197518298,False,4,GNSS fault
protected_low_redundancy_rmse,fault_start_min,0.11098901098901098,0.11098901098901098,0.38260097365067924,64,0.9480549197518298,False,6,GNSS fault
protected_low_redundancy_rmse,fault_duration_min,0.018635531135531132,0.018635531135531132,0.8837962144778839,64,0.9747916553393171,False,19,GNSS fault
protected_low_redundancy_rmse,gnss_outage_duration_min,-0.1368131868131868,0.1368131868131868,0.28102821134544825,64,0.9480549197518298,False,5,Mission outage
protected_low_redundancy_rmse,star_tracker_outage_duration_min,0.19207875457875453,0.19207875457875453,0.1283749052978402,64,0.9480549197518298,False,3,Mission outage
protected_low_redundancy_rmse,dual_outage_duration_min,-0.08237179487179486,0.08237179487179486,0.5175752869190126,64,0.9480549197518298,False,10,Mission outage
protected_dual_outage_rmse,pseudorange_noise_std_m,0.42838827838827837,0.42838827838827837,0.0004132828440360641,64,0.009505505412829475,True,1,GNSS measurement
protected_dual_outage_rmse,accelerometer_noise_std_mps2,-0.041666666666666664,0.041666666666666664,0.7437392744659966,64,0.926044100235536,False,16,Accelerometer
protected_dual_outage_rmse,accelerometer_bias_x_mps2,0.12000915750915749,0.12000915750915749,0.34487814875536954,64,0.8538677971827122,False,8,Accelerometer
protected_dual_outage_rmse,accelerometer_bias_y_mps2,0.175,0.175,0.16663218590614945,64,0.6387567126402396,False,6,Accelerometer
protected_dual_outage_rmse,accelerometer_bias_z_mps2,0.08685897435897436,0.08685897435897436,0.49494310057293844,64,0.8784980728636653,False,12,Accelerometer
protected_dual_outage_rmse,gyro_noise_std_degps,0.17989926739926737,0.17989926739926737,0.15489173062518963,64,0.6387567126402396,False,5,Gyroscope
protected_dual_outage_rmse,gyro_bias_x_degps,-0.018315018315018312,0.018315018315018312,0.8857813132687735,64,0.926044100235536,False,22,Gyroscope
protected_dual_outage_rmse,gyro_bias_y_degps,0.11597985347985347,0.11597985347985347,0.3614335758340808,64,0.8538677971827122,False,9,Gyroscope
protected_dual_outage_rmse,gyro_bias_z_degps,0.25819597069597067,0.25819597069597067,0.03940548499826765,64,0.22658153874003897,False,4,Gyroscope
protected_dual_outage_rmse,star_tracker_noise_std_deg,0.030677655677655673,0.030677655677655673,0.8098335260575397,64,0.926044100235536,False,18,Star tracker
protected_dual_outage_rmse,initial_position_error_x_m,0.15128205128205127,0.15128205128205127,0.23275752556302892,64,0.7647747268499522,False,7,Initial state
protected_dual_outage_rmse,initial_position_error_y_m,0.029487179487179487,0.029487179487179487,0.8170830292173392,64,0.926044100235536,False,20,Initial state
protected_dual_outage_rmse,initial_position_error_z_m,0.0630952380952381,0.0630952380952381,0.6203831173460146,64,0.926044100235536,False,14,Initial state
protected_dual_outage_rmse,initial_velocity_error_x_mps,0.25879120879120876,0.25879120879120876,0.03893769132874864,64,0.22658153874003897,False,3,Initial state
protected_dual_outage_rmse,initial_velocity_error_y_mps,-0.09514652014652013,0.09514652014652013,0.4545390965530145,64,0.8784980728636653,False,11,Initial state
protected_dual_outage_rmse,initial_velocity_error_z_mps,-0.11364468864468863,0.11364468864468863,0.3712468683403097,64,0.8538677971827122,False,10,Initial state
protected_dual_outage_rmse,non_gravitational_acceleration_mps2,-0.01945970695970696,0.01945970695970696,0.8786949707822851,64,0.926044100235536,False,21,Orbital disturbance
protected_dual_outage_rmse,fault_magnitude_m,-0.029807692307692306,0.029807692307692306,0.8151297105600777,64,0.926044100235536,False,19,GNSS fault
protected_dual_outage_rmse,fault_start_min,0.011446886446886444,0.011446886446886444,0.9284675032359804,64,0.9284675032359805,False,23,GNSS fault
protected_dual_outage_rmse,fault_duration_min,0.28209706959706954,0.28209706959706954,0.023922103592056865,64,0.22658153874003897,False,2,GNSS fault
protected_dual_outage_rmse,gnss_outage_duration_min,0.08653846153846154,0.08653846153846154,0.49654238900989783,64,0.8784980728636653,False,13,Mission outage
protected_dual_outage_rmse,star_tracker_outage_duration_min,0.05009157509157509,0.05009157509157509,0.6942593539464396,64,0.926044100235536,False,15,Mission outage
protected_dual_outage_rmse,dual_outage_duration_min,0.04143772893772893,0.04143772893772893,0.7450994259485928,64,0.926044100235536,False,17,Mission outage
protected_nis_mean,pseudorange_noise_std_m,-0.09606227106227104,0.09606227106227104,0.450188708520672,64,0.9208628223900464,False,10,GNSS measurement
protected_nis_mean,accelerometer_noise_std_mps2,0.09963369963369961,0.09963369963369961,0.4334439612527322,64,0.9208628223900464,False,9,Accelerometer
protected_nis_mean,accelerometer_bias_x_mps2,-0.05947802197802196,0.05947802197802196,0.6406002242713366,64,0.9208628223900464,False,16,Accelerometer
protected_nis_mean,accelerometer_bias_y_mps2,-0.026465201465201465,0.026465201465201465,0.8355529651753741,64,0.9936969546086576,False,17,Accelerometer
protected_nis_mean,accelerometer_bias_z_mps2,-0.07825091575091574,0.07825091575091574,0.5388104725258883,64,0.9208628223900464,False,12,Accelerometer
protected_nis_mean,gyro_noise_std_degps,-0.0024267399267399264,0.0024267399267399264,0.9848161307638601,64,0.9936969546086576,False,22,Gyroscope
protected_nis_mean,gyro_bias_x_degps,0.18891941391941391,0.18891941391941391,0.1348969965055259,64,0.9208628223900464,False,3,Gyroscope
protected_nis_mean,gyro_bias_y_degps,-0.003434065934065934,0.003434065934065934,0.9785146609838422,64,0.9936969546086576,False,21,Gyroscope
protected_nis_mean,gyro_bias_z_degps,0.020146520146520144,0.020146520146520144,0.8744476751981806,64,0.9936969546086576,False,20,Gyroscope
protected_nis_mean,star_tracker_noise_std_deg,0.1658424908424908,0.1658424908424908,0.19030367467535256,64,0.9208628223900464,False,4,Star tracker
protected_nis_mean,initial_position_error_x_m,0.05975274725274724,0.05975274725274724,0.639055338166533,64,0.9208628223900464,False,15,Initial state
protected_nis_mean,initial_position_error_y_m,0.07087912087912086,0.07087912087912086,0.5778294831204722,64,0.9208628223900464,False,13,Initial state
protected_nis_mean,initial_position_error_z_m,0.0010073260073260072,0.0010073260073260072,0.9936969546086576,64,0.9936969546086576,False,23,Initial state
protected_nis_mean,initial_velocity_error_x_mps,-0.024313186813186814,0.024313186813186814,0.8487605660090548,64,0.9936969546086576,False,19,Initial state
protected_nis_mean,initial_velocity_error_y_mps,-0.14258241758241758,0.14258241758241758,0.2610419901229951,64,0.9208628223900464,False,6,Initial state
protected_nis_mean,initial_velocity_error_z_mps,0.10347985347985347,0.10347985347985347,0.4158107771044214,64,0.9208628223900464,False,8,Initial state
protected_nis_mean,non_gravitational_acceleration_mps2,0.1514194139194139,0.1514194139194139,0.23232865139194606,64,0.9208628223900464,False,5,Orbital disturbance
protected_nis_mean,fault_magnitude_m,-0.08603479853479852,0.08603479853479852,0.49906097690557627,64,0.9208628223900464,False,11,GNSS fault
protected_nis_mean,fault_start_min,0.026190476190476188,0.026190476190476188,0.8372366050310236,64,0.9936969546086576,False,18,GNSS fault
protected_nis_mean,fault_duration_min,0.13685897435897434,0.13685897435897434,0.28086570662837956,64,0.9208628223900464,False,7,GNSS fault
protected_nis_mean,gnss_outage_duration_min,-0.06066849816849816,0.06066849816849816,0.633916772307852,64,0.9208628223900464,False,14,Mission outage
protected_nis_mean,star_tracker_outage_duration_min,0.23168498168498167,0.23168498168498167,0.06546037146893494,64,0.9208628223900464,False,1,Mission outage
protected_nis_mean,dual_outage_duration_min,0.21959706959706957,0.21959706959706957,0.08124584184876278,64,0.9208628223900464,False,2,Mission outage
gain_mission_rmse_m,pseudorange_noise_std_m,0.34132716722894707,0.34132716722894707,0.005776224464647083,64,0.0442843875622943,True,3,GNSS measurement
gain_mission_rmse_m,accelerometer_noise_std_mps2,-0.035119449629700504,0.035119449629700504,0.7829296923244055,64,0.8655178863009522,False,20,Accelerometer
gain_mission_rmse_m,accelerometer_bias_x_mps2,0.025572637051092216,0.025572637051092216,0.8410256473781629,64,0.8792540858953521,False,22,Accelerometer
gain_mission_rmse_m,accelerometer_bias_y_mps2,-0.08605867741723872,0.08605867741723872,0.49894142021801424,64,0.7738570374044454,False,14,Accelerometer
gain_mission_rmse_m,accelerometer_bias_z_mps2,0.1550384047538017,0.1550384047538017,0.22122606089182223,64,0.6792258627443917,False,7,Accelerometer
gain_mission_rmse_m,gyro_noise_std_degps,0.033906065776783866,0.033906065776783866,0.7902554614052172,64,0.8655178863009522,False,21,Gyroscope
gain_mission_rmse_m,gyro_bias_x_degps,0.038599342943725586,0.038599342943725586,0.7620258851341324,64,0.8655178863009522,False,19,Gyroscope
gain_mission_rmse_m,gyro_bias_y_degps,0.16893508397494134,0.16893508397494134,0.1820537887350144,64,0.6792258627443917,False,6,Gyroscope
gain_mission_rmse_m,gyro_bias_z_degps,0.11678247233448649,0.11678247233448649,0.3580976378110222,64,0.6863538058044593,False,12,Gyroscope
gain_mission_rmse_m,star_tracker_noise_std_deg,0.13251067435248143,0.13251067435248143,0.2965763074777654,64,0.6821255071988604,False,10,Star tracker
gain_mission_rmse_m,initial_position_error_x_m,-0.04894744674595807,0.04894744674595807,0.7009100945410576,64,0.8655178863009522,False,18,Initial state
gain_mission_rmse_m,initial_position_error_y_m,0.14118751360258344,0.14118751360258344,0.2657840332478055,64,0.6792258627443917,False,9,Initial state
gain_mission_rmse_m,initial_position_error_z_m,-0.08491397566920415,0.08491397566920415,0.5046893722202905,64,0.7738570374044454,False,15,Initial state
gain_mission_rmse_m,initial_velocity_error_x_mps,-0.00842500486553441,0.00842500486553441,0.9473198781619325,64,0.9473198781619325,False,23,Initial state
gain_mission_rmse_m,initial_velocity_error_y_mps,-0.3224395883863767,0.3224395883863767,0.009363772148855308,64,0.05384168985591802,True,4,Initial state
gain_mission_rmse_m,initial_velocity_error_z_mps,0.14560606234999687,0.14560606234999687,0.2509599055384856,64,0.6792258627443917,False,8,Initial state
gain_mission_rmse_m,non_gravitational_acceleration_mps2,-0.057692968100942155,0.057692968100942155,0.6506750623840379,64,0.8655178863009522,False,16,Orbital disturbance
gain_mission_rmse_m,fault_magnitude_m,0.3795144175433802,0.3795144175433802,0.00198226502785247,64,0.022796047820303405,True,2,GNSS fault
gain_mission_rmse_m,fault_start_min,0.08800467038889748,0.08800467038889748,0.4892483572175157,64,0.7738570374044454,False,13,GNSS fault
gain_mission_rmse_m,fault_duration_min,0.45098959469065847,0.45098959469065847,0.00018405667181264164,64,0.004233303451690758,True,1,GNSS fault
gain_mission_rmse_m,gnss_outage_duration_min,-0.054144392682035,0.054144392682035,0.6708877442281718,64,0.8655178863009522,False,17,Mission outage
gain_mission_rmse_m,star_tracker_outage_duration_min,0.1909591456071264,0.1909591456071264,0.13065827814745645,64,0.6010280794782996,False,5,Mission outage
gain_mission_rmse_m,dual_outage_duration_min,0.11982737898425844,0.11982737898425844,0.34561470755156953,64,0.6863538058044593,False,11,Mission outage
gain_dual_rmse_m,pseudorange_noise_std_m,-0.015407685528545267,0.015407685528545267,0.9038183761921416,64,0.912642706129207,False,22,GNSS measurement
gain_dual_rmse_m,accelerometer_noise_std_mps2,0.2454240547786111,0.2454240547786111,0.05061800328951549,64,0.2910535189147141,False,4,Accelerometer
gain_dual_rmse_m,accelerometer_bias_x_mps2,-0.013988255360982403,0.013988255360982403,0.9126427061292071,64,0.912642706129207,False,23,Accelerometer
gain_dual_rmse_m,accelerometer_bias_y_mps2,-0.2329010176551129,0.2329010176551129,0.06401951872884261,64,0.29448978615267596,False,5,Accelerometer
gain_dual_rmse_m,accelerometer_bias_z_mps2,0.14272141394494978,0.14272141394494978,0.2605726126420726,64,0.599317009076767,False,10,Accelerometer
gain_dual_rmse_m,gyro_noise_std_degps,-0.09709360226829195,0.09709360226829195,0.4453169213055535,64,0.649636285807975,False,15,Gyroscope
gain_dual_rmse_m,gyro_bias_x_degps,0.11126500990895988,0.11126500990895988,0.3814113910989142,64,0.649636285807975,False,12,Gyroscope
gain_dual_rmse_m,gyro_bias_y_degps,0.07438271958728614,0.07438271958728614,0.5591236272543806,64,0.714435745936153,False,18,Gyroscope
gain_dual_rmse_m,gyro_bias_z_degps,0.19105072174696916,0.19105072174696916,0.13047036803743553,64,0.42868835212300244,False,7,Gyroscope
gain_dual_rmse_m,star_tracker_noise_std_deg,0.029487517029370438,0.029487517029370438,0.8170809715303484,64,0.8948982069141911,False,21,Star tracker
gain_dual_rmse_m,initial_position_error_x_m,-0.07866390412493542,0.07866390412493542,0.5366632611152109,64,0.714435745936153,False,17,Initial state
gain_dual_rmse_m,initial_position_error_y_m,0.055014366010541264,0.055014366010541264,0.6659101393355006,64,0.7657966602358257,False,20,Initial state
gain_dual_rmse_m,initial_position_error_z_m,-0.10419075310610626,0.10419075310610626,0.41259744057531605,64,0.649636285807975,False,14,Initial state
gain_dual_rmse_m,initial_velocity_error_x_mps,-0.10430522328090971,0.10430522328090971,0.4120813696364354,64,0.649636285807975,False,13,Initial state
gain_dual_rmse_m,initial_velocity_error_y_mps,-0.28292448404422343,0.28292448404422343,0.02349512774138408,64,0.1801293126839446,False,3,Initial state
gain_dual_rmse_m,initial_velocity_error_z_mps,0.12001053126394397,0.12001053126394397,0.34487258608117266,64,0.649636285807975,False,11,Initial state
gain_dual_rmse_m,non_gravitational_acceleration_mps2,-0.09569706613568976,0.09569706613568976,0.451920894475113,64,0.649636285807975,False,16,Orbital disturbance
gain_dual_rmse_m,fault_magnitude_m,0.21943932509822645,0.21943932509822645,0.0814701634403227,64,0.31230229318790365,False,6,GNSS fault
gain_dual_rmse_m,fault_start_min,0.47734062893041423,0.47734062893041423,6.656436033381371e-05,64,0.0015309802876777153,True,1,GNSS fault
gain_dual_rmse_m,fault_duration_min,0.44480820525127185,0.44480820525127185,0.0002309250081846949,64,0.0026556375941239915,True,2,GNSS fault
gain_dual_rmse_m,gnss_outage_duration_min,-0.06357673508583983,0.06357673508583983,0.617712518928329,64,0.7477572597553457,False,19,Mission outage
gain_dual_rmse_m,star_tracker_outage_duration_min,0.14402637393770917,0.14402637393770917,0.25619366523941406,64,0.599317009076767,False,9,Mission outage
gain_dual_rmse_m,dual_outage_duration_min,0.144781877091412,0.144781877091412,0.25368140790893867,64,0.599317009076767,False,8,Mission outage
fdir_pd,pseudorange_noise_std_m,-0.3619025820134644,0.3619025820134644,0.0032984188530217336,64,0.03267836845002853,True,2,GNSS measurement
fdir_pd,accelerometer_noise_std_mps2,-0.04173773688938733,0.04173773688938733,0.743317194597252,64,0.8998050250387787,False,19,Accelerometer
fdir_pd,accelerometer_bias_x_mps2,0.0644725546245281,0.0644725546245281,0.6127570166157014,64,0.8998050250387787,False,13,Accelerometer
fdir_pd,accelerometer_bias_y_mps2,0.11756625283982665,0.11756625283982665,0.3548583014615018,64,0.8998050250387787,False,8,Accelerometer
fdir_pd,accelerometer_bias_z_mps2,-0.17501001688561535,0.17501001688561535,0.16660753411934423,64,0.668215554539512,False,4,Accelerometer
fdir_pd,gyro_noise_std_degps,-0.05217789488256376,0.05217789488256376,0.6821909525004017,64,0.8998050250387787,False,16,Gyroscope
fdir_pd,gyro_bias_x_degps,-0.11584912159094894,0.11584912159094894,0.3619787333693429,64,0.8998050250387787,False,9,Gyroscope
fdir_pd,gyro_bias_y_degps,0.08674947069330148,0.08674947069330148,0.49548919758282367,64,0.8998050250387787,False,11,Gyroscope
fdir_pd,gyro_bias_z_degps,-0.06202278070946259,0.06202278070946259,0.6263489875316284,64,0.8998050250387787,False,15,Gyroscope
fdir_pd,star_tracker_noise_std_deg,0.10282181918279677,0.10282181918279677,0.4187979635339018,64,0.8998050250387787,False,10,Star tracker
fdir_pd,initial_position_error_x_m,-0.044301986221044705,0.044301986221044705,0.7281395720625374,64,0.8998050250387787,False,18,Initial state
fdir_pd,initial_position_error_y_m,0.06543414812389961,0.06543414812389961,0.6074568267182003,64,0.8998050250387787,False,12,Initial state
fdir_pd,initial_position_error_z_m,-0.16450117364248382,0.16450117364248382,0.1939640842501268,64,0.668215554539512,False,6,Initial state
fdir_pd,initial_velocity_error_x_mps,-0.0479651995519838,0.0479651995519838,0.7066377490217514,64,0.8998050250387787,False,17,Initial state
fdir_pd,initial_velocity_error_y_mps,-0.06378570212497703,0.06378570212497703,0.6165550233958845,64,0.8998050250387787,False,14,Initial state
fdir_pd,initial_velocity_error_z_mps,0.011928338408870432,0.011928338408870432,0.9254672518724085,64,0.98195065578052,False,21,Initial state
fdir_pd,non_gravitational_acceleration_mps2,0.35265296835284315,0.35265296835284315,0.00426239588478633,64,0.03267836845002853,True,3,Orbital disturbance
fdir_pd,fault_magnitude_m,0.6856161650518887,0.6856161650518887,4.086473651533666e-10,64,9.398889398527431e-09,True,1,GNSS fault
fdir_pd,fault_start_min,-0.16113559639468353,0.16113559639468353,0.20336995138159059,64,0.668215554539512,False,7,GNSS fault
fdir_pd,fault_duration_min,0.007211951245286348,0.007211951245286348,0.9548963452700371,64,0.98195065578052,False,22,GNSS fault
fdir_pd,gnss_outage_duration_min,0.0028847804981145387,0.0028847804981145387,0.9819506557805201,64,0.98195065578052,False,23,Mission outage
fdir_pd,star_tracker_outage_duration_min,-0.16992730838893733,0.16992730838893733,0.17946256931230098,64,0.668215554539512,False,5,Mission outage
fdir_pd,dual_outage_duration_min,-0.02303245381827957,0.02303245381827957,0.8566407840066995,64,0.98195065578052,False,20,Mission outage
hybrid_pd,pseudorange_noise_std_m,-0.16300446047912526,0.16300446047912526,0.1981077742682958,64,0.9287901308108788,False,4,GNSS measurement
hybrid_pd,accelerometer_noise_std_mps2,-0.017948393142027026,0.017948393142027026,0.8880528663239808,64,0.9786036795266646,False,17,Accelerometer
hybrid_pd,accelerometer_bias_x_mps2,0.14170508856633615,0.14170508856633615,0.26401780603675534,64,0.9786036795266646,False,6,Accelerometer
hybrid_pd,accelerometer_bias_y_mps2,-0.03238514414757051,0.03238514414757051,0.7994635083593621,64,0.9786036795266646,False,13,Accelerometer
hybrid_pd,accelerometer_bias_z_mps2,-0.029194828742529894,0.029194828742529894,0.8188656855560691,64,0.9786036795266646,False,14,Accelerometer
hybrid_pd,gyro_noise_std_degps,-0.003419834498928424,0.003419834498928424,0.9786036795266645,64,0.9786036795266646,False,23,Gyroscope
hybrid_pd,gyro_bias_x_degps,-0.2272468548583243,0.2272468548583243,0.07094169090182299,64,0.5438862969139763,False,3,Gyroscope
hybrid_pd,gyro_bias_y_degps,0.02141413145973301,0.02141413145973301,0.8666180342260902,64,0.9786036795266646,False,16,Gyroscope
hybrid_pd,gyro_bias_z_degps,-0.0758790124393112,0.0758790124393112,0.5512232425864162,64,0.9786036795266646,False,7,Gyroscope
hybrid_pd,star_tracker_noise_std_deg,-0.03628696874366334,0.03628696874366334,0.7758985041214186,64,0.9786036795266646,False,12,Star tracker
hybrid_pd,initial_position_error_x_m,-0.013564578448769784,0.013564578448769784,0.9152787123292939,64,0.9786036795266646,False,18,Initial state
hybrid_pd,initial_position_error_y_m,0.04686779897189155,0.04686779897189155,0.713056090434248,64,0.9786036795266646,False,8,Initial state
hybrid_pd,initial_position_error_z_m,-0.04459555994240219,0.04459555994240219,0.7264084190915053,64,0.9786036795266646,False,9,Initial state
hybrid_pd,initial_velocity_error_x_mps,-0.007298707185632474,0.007298707185632474,0.9543543466825648,64,0.9786036795266646,False,19,Initial state
hybrid_pd,initial_velocity_error_y_mps,0.028965309648642086,0.028965309648642086,0.8202658564978252,64,0.9786036795266646,False,15,Initial state
hybrid_pd,initial_velocity_error_z_mps,-0.04450375230484707,0.04450375230484707,0.726949646701851,64,0.9786036795266646,False,10,Initial state
hybrid_pd,non_gravitational_acceleration_mps2,0.3139821204385291,0.3139821204385291,0.01151730822301868,64,0.13244904456471482,False,2,Orbital disturbance
hybrid_pd,fault_magnitude_m,0.8403841622702296,0.8403841622702296,3.839319057724456e-18,64,8.830433832766249e-17,True,1,GNSS fault
hybrid_pd,fault_start_min,-0.004383814693257241,0.004383814693257241,0.9725745648808999,64,0.9786036795266646,False,21,GNSS fault
hybrid_pd,fault_duration_min,-0.04402176220768266,0.04402176220768266,0.729793267384022,64,0.9786036795266646,False,11,GNSS fault
hybrid_pd,gnss_outage_duration_min,-0.00353459404587233,0.00353459404587233,0.9778858586703558,64,0.9786036795266646,False,22,Mission outage
hybrid_pd,star_tracker_outage_duration_min,-0.16165029782518714,0.16165029782518714,0.20191089800236495,64,0.9287901308108788,False,5,Mission outage
hybrid_pd,dual_outage_duration_min,-0.007092140001133441,0.007092140001133441,0.9556448867859773,64,0.9786036795266646,False,20,Mission outage
hybrid_pfa,pseudorange_noise_std_m,0.3912307728774329,0.3912307728774329,0.0013905314907699496,64,0.03198222428770884,True,1,GNSS measurement
hybrid_pfa,accelerometer_noise_std_mps2,-0.11322962906196901,0.11322962906196901,0.37300783956893074,64,0.9597753477090696,False,7,Accelerometer
hybrid_pfa,accelerometer_bias_x_mps2,-0.010517330728946476,0.010517330728946476,0.9342629621333283,64,0.9597753477090696,False,22,Accelerometer
hybrid_pfa,accelerometer_bias_y_mps2,0.06739914151463934,0.06739914151463934,0.5966886242507498,64,0.9597753477090696,False,10,Accelerometer
hybrid_pfa,accelerometer_bias_z_mps2,0.1550899983871136,0.1550899983871136,0.22107050876377443,64,0.9597753477090696,False,4,Accelerometer
hybrid_pfa,gyro_noise_std_degps,0.04555188275980792,0.04555188275980792,0.7207786367544798,64,0.9597753477090696,False,13,Gyroscope
hybrid_pfa,gyro_bias_x_degps,-0.11952145384683545,0.11952145384683545,0.3468565093747836,64,0.9597753477090696,False,6,Gyroscope
hybrid_pfa,gyro_bias_y_degps,0.03682226608412608,0.03682226608412608,0.7726807096553089,64,0.9597753477090696,False,15,Gyroscope
hybrid_pfa,gyro_bias_z_degps,-0.006431127178627315,0.006431127178627315,0.9597753477090696,64,0.9597753477090696,False,23,Gyroscope
hybrid_pfa,star_tracker_noise_std_deg,0.153302284333849,0.153302284333849,0.2265050479019333,64,0.9597753477090696,False,5,Star tracker
hybrid_pfa,initial_position_error_x_m,0.04525006090665934,0.04525006090665934,0.7225538560527887,64,0.9597753477090696,False,14,Initial state
hybrid_pfa,initial_position_error_y_m,0.11097757369616813,0.11097757369616813,0.3826503173331506,64,0.9597753477090696,False,8,Initial state
hybrid_pfa,initial_position_error_z_m,-0.035916800524680347,0.035916800524680347,0.7781258703492815,64,0.9597753477090696,False,16,Initial state
hybrid_pfa,initial_velocity_error_x_mps,-0.052424134185344695,0.052424134185344695,0.6807717176852566,64,0.9597753477090696,False,12,Initial state
hybrid_pfa,initial_velocity_error_y_mps,-0.05298134376038821,0.05298134376038821,0.6775642365013564,64,0.9597753477090696,False,11,Initial state
hybrid_pfa,initial_velocity_error_z_mps,0.2005722299500411,0.2005722299500411,0.11202690484909844,64,0.9597753477090696,False,2,Initial state
hybrid_pfa,non_gravitational_acceleration_mps2,0.022474119526755383,0.022474119526755383,0.8600805732727184,64,0.9597753477090696,False,20,Orbital disturbance
hybrid_pfa,fault_magnitude_m,-0.03313075264946274,0.03313075264946274,0.7949459211027021,64,0.9597753477090696,False,18,GNSS fault
hybrid_pfa,fault_start_min,-0.07824151116236121,0.07824151116236121,0.5388594177989654,64,0.9597753477090696,False,9,GNSS fault
hybrid_pfa,fault_duration_min,-0.01755210161387094,0.01755210161387094,0.8905092361678459,64,0.9597753477090696,False,21,GNSS fault
hybrid_pfa,gnss_outage_duration_min,-0.035197071490249136,0.035197071490249136,0.7824616836637295,64,0.9597753477090696,False,17,Mission outage
hybrid_pfa,star_tracker_outage_duration_min,0.17424407752923468,0.17424407752923468,0.16850025519307305,64,0.9597753477090696,False,3,Mission outage
hybrid_pfa,dual_outage_duration_min,-0.024888694351943984,0.024888694351943984,0.8452242754216801,64,0.9597753477090696,False,19,Mission outage
hybrid_minus_fdir_pd,pseudorange_noise_std_m,0.3151116638433222,0.3151116638433222,0.01120691591460597,64,0.12887953301796867,False,2,GNSS measurement
hybrid_minus_fdir_pd,accelerometer_noise_std_mps2,-0.03005539405591818,0.03005539405591818,0.8136208952781503,64,0.9650415727497973,False,19,Accelerometer
hybrid_minus_fdir_pd,accelerometer_bias_x_mps2,0.10075778556503465,0.10075778556503465,0.4282473066992978,64,0.9389933320051619,False,10,Accelerometer
hybrid_minus_fdir_pd,accelerometer_bias_y_mps2,-0.22384505534857754,0.22384505534857754,0.07538676515907222,64,0.43347389966466526,False,4,Accelerometer
hybrid_minus_fdir_pd,accelerometer_bias_z_mps2,0.1877373164942136,0.1877373164942136,0.13740048058705936,64,0.5267018422503943,False,6,Accelerometer
hybrid_minus_fdir_pd,gyro_noise_std_degps,0.0033242045294493796,0.0033242045294493796,0.97920185782995,64,0.97920185782995,False,23,Gyroscope
hybrid_minus_fdir_pd,gyro_bias_x_degps,-0.08952426681034363,0.08952426681034363,0.4817485647601311,64,0.9389933320051619,False,11,Gyroscope
hybrid_minus_fdir_pd,gyro_bias_y_degps,0.08074378174290148,0.08074378174290148,0.5259137856737739,64,0.9389933320051619,False,12,Gyroscope
hybrid_minus_fdir_pd,gyro_bias_z_degps,0.046882746639475725,0.046882746639475725,0.7129685318795835,64,0.9406887611819972,False,17,Gyroscope
hybrid_minus_fdir_pd,star_tracker_noise_std_deg,-0.06850153885513617,0.06850153885513617,0.590684836872442,64,0.9389933320051619,False,14,Star tracker
hybrid_minus_fdir_pd,initial_position_error_x_m,-0.057245094551966205,0.057245094551966205,0.6532127526992431,64,0.9389933320051619,False,16,Initial state
hybrid_minus_fdir_pd,initial_position_error_y_m,0.07735080056801522,0.07735080056801522,0.5435048658393756,64,0.9389933320051619,False,13,Initial state
hybrid_minus_fdir_pd,initial_position_error_z_m,-0.06260967289604315,0.06260967289604315,0.6230812338859192,64,0.9389933320051619,False,15,Initial state
hybrid_minus_fdir_pd,initial_velocity_error_x_mps,-0.014557723284140388,0.014557723284140388,0.9091011083913729,64,0.9650415727497973,False,21,Initial state
hybrid_minus_fdir_pd,initial_velocity_error_y_mps,-0.10348592583403102,0.10348592583403102,0.4157832685687481,64,0.9389933320051619,False,9,Initial state
hybrid_minus_fdir_pd,initial_velocity_error_z_mps,0.18927332824230397,0.18927332824230397,0.13415419628116684,64,0.5267018422503943,False,5,Initial state
hybrid_minus_fdir_pd,non_gravitational_acceleration_mps2,0.02503469893902567,0.02503469893902567,0.844327609520862,64,0.9650415727497973,False,20,Orbital disturbance
hybrid_minus_fdir_pd,fault_magnitude_m,0.4794649208889954,0.4794649208889954,6.109995066472507e-05,64,0.0014052988652886768,True,1,GNSS fault
hybrid_minus_fdir_pd,fault_start_min,0.26763285294339345,0.26763285294339345,0.03251401586985406,64,0.2492741216688811,False,3,GNSS fault
hybrid_minus_fdir_pd,fault_duration_min,0.11338976277694228,0.11338976277694228,0.37232784398276686,64,0.9389933320051619,False,8,GNSS fault
hybrid_minus_fdir_pd,gnss_outage_duration_min,-0.04293955230109439,0.04293955230109439,0.7361912044033022,64,0.9406887611819972,False,18,Mission outage
hybrid_minus_fdir_pd,star_tracker_outage_duration_min,0.13393105421409154,0.13393105421409154,0.29138257314270183,64,0.9389933320051619,False,7,Mission outage
hybrid_minus_fdir_pd,dual_outage_duration_min,-0.012311019533202187,0.012311019533202187,0.9230832434998061,64,0.9650415727497973,False,22,Mission outage
