output_metric,parameter,standardized_coefficient,absolute_coefficient,rank_abs_coefficient,subsystem
protected_mission_rmse,pseudorange_noise_std_m,0.4534801460261129,0.4534801460261129,1,GNSS measurement
protected_mission_rmse,accelerometer_noise_std_mps2,-0.0476861887242529,0.0476861887242529,10,Accelerometer
protected_mission_rmse,accelerometer_bias_x_mps2,0.03595504114236993,0.03595504114236993,13,Accelerometer
protected_mission_rmse,accelerometer_bias_y_mps2,0.1707133811789068,0.1707133811789068,3,Accelerometer
protected_mission_rmse,accelerometer_bias_z_mps2,0.0675464276014052,0.0675464276014052,7,Accelerometer
protected_mission_rmse,gyro_noise_std_degps,0.03606536005684709,0.03606536005684709,12,Gyroscope
protected_mission_rmse,gyro_bias_x_degps,0.03274201734768958,0.03274201734768958,15,Gyroscope
protected_mission_rmse,gyro_bias_y_degps,-0.09327400108162794,0.09327400108162794,6,Gyroscope
protected_mission_rmse,gyro_bias_z_degps,0.0015768547866119617,0.0015768547866119617,23,Gyroscope
protected_mission_rmse,star_tracker_noise_std_deg,0.02259494938990901,0.02259494938990901,16,Star tracker
protected_mission_rmse,initial_position_error_x_m,0.12423513890546055,0.12423513890546055,4,Initial state
protected_mission_rmse,initial_position_error_y_m,-0.014232163548783825,0.014232163548783825,18,Initial state
protected_mission_rmse,initial_position_error_z_m,-0.03310673456331793,0.03310673456331793,14,Initial state
protected_mission_rmse,initial_velocity_error_x_mps,0.05787325081707663,0.05787325081707663,8,Initial state
protected_mission_rmse,initial_velocity_error_y_mps,-0.03762051862391079,0.03762051862391079,11,Initial state
protected_mission_rmse,initial_velocity_error_z_mps,-0.01392276670200359,0.01392276670200359,19,Initial state
protected_mission_rmse,non_gravitational_acceleration_mps2,0.05003828272684483,0.05003828272684483,9,Orbital disturbance
protected_mission_rmse,fault_magnitude_m,-0.011689233148261965,0.011689233148261965,20,GNSS fault
protected_mission_rmse,fault_start_min,0.005167264743309076,0.005167264743309076,22,GNSS fault
protected_mission_rmse,fault_duration_min,-0.020590117681316467,0.020590117681316467,17,GNSS fault
protected_mission_rmse,gnss_outage_duration_min,0.172437149975303,0.172437149975303,2,Mission outage
protected_mission_rmse,star_tracker_outage_duration_min,0.09360249584281931,0.09360249584281931,5,Mission outage
protected_mission_rmse,dual_outage_duration_min,0.011388794783577912,0.011388794783577912,21,Mission outage
protected_low_redundancy_rmse,pseudorange_noise_std_m,0.11203334496352284,0.11203334496352284,1,GNSS measurement
protected_low_redundancy_rmse,accelerometer_noise_std_mps2,0.016178927001705114,0.016178927001705114,11,Accelerometer
protected_low_redundancy_rmse,accelerometer_bias_x_mps2,0.004582864468354595,0.004582864468354595,21,Accelerometer
protected_low_redundancy_rmse,accelerometer_bias_y_mps2,0.02600054180512724,0.02600054180512724,7,Accelerometer
protected_low_redundancy_rmse,accelerometer_bias_z_mps2,0.0037336237973034673,0.0037336237973034673,23,Accelerometer
protected_low_redundancy_rmse,gyro_noise_std_degps,-0.010959705659119766,0.010959705659119766,15,Gyroscope
protected_low_redundancy_rmse,gyro_bias_x_degps,0.03729881141500535,0.03729881141500535,5,Gyroscope
protected_low_redundancy_rmse,gyro_bias_y_degps,0.0053668421914035876,0.0053668421914035876,20,Gyroscope
protected_low_redundancy_rmse,gyro_bias_z_degps,0.012914882573646915,0.012914882573646915,14,Gyroscope
protected_low_redundancy_rmse,star_tracker_noise_std_deg,-0.0057910593049725545,0.0057910593049725545,19,Star tracker
protected_low_redundancy_rmse,initial_position_error_x_m,0.008121931041965836,0.008121931041965836,17,Initial state
protected_low_redundancy_rmse,initial_position_error_y_m,0.00429726496372128,0.00429726496372128,22,Initial state
protected_low_redundancy_rmse,initial_position_error_z_m,-0.007152923581704532,0.007152923581704532,18,Initial state
protected_low_redundancy_rmse,initial_velocity_error_x_mps,0.0205732577706905,0.0205732577706905,8,Initial state
protected_low_redundancy_rmse,initial_velocity_error_y_mps,-0.020359612427251494,0.020359612427251494,9,Initial state
protected_low_redundancy_rmse,initial_velocity_error_z_mps,-0.015807885433429255,0.015807885433429255,13,Initial state
protected_low_redundancy_rmse,non_gravitational_acceleration_mps2,0.03716783472523282,0.03716783472523282,6,Orbital disturbance
protected_low_redundancy_rmse,fault_magnitude_m,0.04387320073938328,0.04387320073938328,3,GNSS fault
protected_low_redundancy_rmse,fault_start_min,0.03838163914343975,0.03838163914343975,4,GNSS fault
protected_low_redundancy_rmse,fault_duration_min,0.0161235390243987,0.0161235390243987,12,GNSS fault
protected_low_redundancy_rmse,gnss_outage_duration_min,-0.009851008985144212,0.009851008985144212,16,Mission outage
protected_low_redundancy_rmse,star_tracker_outage_duration_min,0.052925243278356876,0.052925243278356876,2,Mission outage
protected_low_redundancy_rmse,dual_outage_duration_min,-0.017402725964484417,0.017402725964484417,10,Mission outage
protected_dual_outage_rmse,pseudorange_noise_std_m,0.14610703806796876,0.14610703806796876,1,GNSS measurement
protected_dual_outage_rmse,accelerometer_noise_std_mps2,0.022274082587647015,0.022274082587647015,16,Accelerometer
protected_dual_outage_rmse,accelerometer_bias_x_mps2,0.03197967965561041,0.03197967965561041,13,Accelerometer
protected_dual_outage_rmse,accelerometer_bias_y_mps2,0.09391325000879443,0.09391325000879443,3,Accelerometer
protected_dual_outage_rmse,accelerometer_bias_z_mps2,0.019717731470944983,0.019717731470944983,17,Accelerometer
protected_dual_outage_rmse,gyro_noise_std_degps,0.07445721712463185,0.07445721712463185,5,Gyroscope
protected_dual_outage_rmse,gyro_bias_x_degps,-0.00016421554791276805,0.00016421554791276805,23,Gyroscope
protected_dual_outage_rmse,gyro_bias_y_degps,0.05215198096725159,0.05215198096725159,8,Gyroscope
protected_dual_outage_rmse,gyro_bias_z_degps,0.09848033818599347,0.09848033818599347,2,Gyroscope
protected_dual_outage_rmse,star_tracker_noise_std_deg,-0.019263448151907833,0.019263448151907833,18,Star tracker
protected_dual_outage_rmse,initial_position_error_x_m,0.06904714921018591,0.06904714921018591,6,Initial state
protected_dual_outage_rmse,initial_position_error_y_m,-0.02512826636627747,0.02512826636627747,15,Initial state
protected_dual_outage_rmse,initial_position_error_z_m,0.0367972001882647,0.0367972001882647,11,Initial state
protected_dual_outage_rmse,initial_velocity_error_x_mps,0.08929364092345465,0.08929364092345465,4,Initial state
protected_dual_outage_rmse,initial_velocity_error_y_mps,-0.030814060525019258,0.030814060525019258,14,Initial state
protected_dual_outage_rmse,initial_velocity_error_z_mps,-0.017102752048842144,0.017102752048842144,19,Initial state
protected_dual_outage_rmse,non_gravitational_acceleration_mps2,0.0018013522393341905,0.0018013522393341905,22,Orbital disturbance
protected_dual_outage_rmse,fault_magnitude_m,-0.041638328287569616,0.041638328287569616,10,GNSS fault
protected_dual_outage_rmse,fault_start_min,0.062133244843599986,0.062133244843599986,7,GNSS fault
protected_dual_outage_rmse,fault_duration_min,0.04736643106621763,0.04736643106621763,9,GNSS fault
protected_dual_outage_rmse,gnss_outage_duration_min,0.03386894318608585,0.03386894318608585,12,Mission outage
protected_dual_outage_rmse,star_tracker_outage_duration_min,0.010715247054658766,0.010715247054658766,21,Mission outage
protected_dual_outage_rmse,dual_outage_duration_min,0.013941202340332203,0.013941202340332203,20,Mission outage
protected_nis_mean,pseudorange_noise_std_m,-0.0069591450126200395,0.0069591450126200395,5,GNSS measurement
protected_nis_mean,accelerometer_noise_std_mps2,0.005610780995130258,0.005610780995130258,7,Accelerometer
protected_nis_mean,accelerometer_bias_x_mps2,-0.0033324558095611484,0.0033324558095611484,13,Accelerometer
protected_nis_mean,accelerometer_bias_y_mps2,-0.0019660140485581617,0.0019660140485581617,19,Accelerometer
protected_nis_mean,accelerometer_bias_z_mps2,-0.005635281286026083,0.005635281286026083,6,Accelerometer
protected_nis_mean,gyro_noise_std_degps,-0.002137523230377377,0.002137523230377377,18,Gyroscope
protected_nis_mean,gyro_bias_x_degps,0.008317322432455027,0.008317322432455027,3,Gyroscope
protected_nis_mean,gyro_bias_y_degps,-0.0015505204340231565,0.0015505204340231565,21,Gyroscope
protected_nis_mean,gyro_bias_z_degps,-0.0007815973927374994,0.0007815973927374994,23,Gyroscope
protected_nis_mean,star_tracker_noise_std_deg,0.0041411811296895125,0.0041411811296895125,10,Star tracker
protected_nis_mean,initial_position_error_x_m,0.0015820263539055627,0.0015820263539055627,20,Initial state
protected_nis_mean,initial_position_error_y_m,0.0035223108551956615,0.0035223108551956615,11,Initial state
protected_nis_mean,initial_position_error_z_m,-0.002776182547026683,0.002776182547026683,16,Initial state
protected_nis_mean,initial_velocity_error_x_mps,-0.0023892338162131085,0.0023892338162131085,17,Initial state
protected_nis_mean,initial_velocity_error_y_mps,-0.003420454646725492,0.003420454646725492,12,Initial state
protected_nis_mean,initial_velocity_error_z_mps,0.0045809025388644335,0.0045809025388644335,9,Initial state
protected_nis_mean,non_gravitational_acceleration_mps2,0.008086408361746546,0.008086408361746546,4,Orbital disturbance
protected_nis_mean,fault_magnitude_m,-0.0055921613916236745,0.0055921613916236745,8,GNSS fault
protected_nis_mean,fault_start_min,0.001233350777094464,0.001233350777094464,22,GNSS fault
protected_nis_mean,fault_duration_min,0.0031508249539007297,0.0031508249539007297,14,GNSS fault
protected_nis_mean,gnss_outage_duration_min,-0.0029749665492870493,0.0029749665492870493,15,Mission outage
protected_nis_mean,star_tracker_outage_duration_min,0.012152963742193655,0.012152963742193655,1,Mission outage
protected_nis_mean,dual_outage_duration_min,0.008666466306541047,0.008666466306541047,2,Mission outage
gain_mission_rmse_m,pseudorange_noise_std_m,0.14028481782711272,0.14028481782711272,3,GNSS measurement
gain_mission_rmse_m,accelerometer_noise_std_mps2,-0.005526872090487493,0.005526872090487493,19,Accelerometer
gain_mission_rmse_m,accelerometer_bias_x_mps2,0.0016116660444932434,0.0016116660444932434,23,Accelerometer
gain_mission_rmse_m,accelerometer_bias_y_mps2,-0.08767328747575848,0.08767328747575848,5,Accelerometer
gain_mission_rmse_m,accelerometer_bias_z_mps2,0.07200378740054128,0.07200378740054128,6,Accelerometer
gain_mission_rmse_m,gyro_noise_std_degps,0.014869626631879566,0.014869626631879566,17,Gyroscope
gain_mission_rmse_m,gyro_bias_x_degps,0.003239199566392203,0.003239199566392203,21,Gyroscope
gain_mission_rmse_m,gyro_bias_y_degps,0.020891580107939123,0.020891580107939123,15,Gyroscope
gain_mission_rmse_m,gyro_bias_z_degps,0.028784385052999205,0.028784385052999205,13,Gyroscope
gain_mission_rmse_m,star_tracker_noise_std_deg,0.002750884502216632,0.002750884502216632,22,Star tracker
gain_mission_rmse_m,initial_position_error_x_m,-0.013781448153395652,0.013781448153395652,18,Initial state
gain_mission_rmse_m,initial_position_error_y_m,0.02209830387776008,0.02209830387776008,14,Initial state
gain_mission_rmse_m,initial_position_error_z_m,-0.040304889405423004,0.040304889405423004,12,Initial state
gain_mission_rmse_m,initial_velocity_error_x_mps,0.005404466076854149,0.005404466076854149,20,Initial state
gain_mission_rmse_m,initial_velocity_error_y_mps,-0.121592552632311,0.121592552632311,4,Initial state
gain_mission_rmse_m,initial_velocity_error_z_mps,0.052262181606797596,0.052262181606797596,8,Initial state
gain_mission_rmse_m,non_gravitational_acceleration_mps2,-0.047969147476064844,0.047969147476064844,11,Orbital disturbance
gain_mission_rmse_m,fault_magnitude_m,0.234715398248895,0.234715398248895,2,GNSS fault
gain_mission_rmse_m,fault_start_min,0.0504272619385731,0.0504272619385731,10,GNSS fault
gain_mission_rmse_m,fault_duration_min,0.26579876430413985,0.26579876430413985,1,GNSS fault
gain_mission_rmse_m,gnss_outage_duration_min,0.018967601569972497,0.018967601569972497,16,Mission outage
gain_mission_rmse_m,star_tracker_outage_duration_min,0.059265884417876065,0.059265884417876065,7,Mission outage
gain_mission_rmse_m,dual_outage_duration_min,0.05050287275539693,0.05050287275539693,9,Mission outage
gain_dual_rmse_m,pseudorange_noise_std_m,0.0217962662265064,0.0217962662265064,18,GNSS measurement
gain_dual_rmse_m,accelerometer_noise_std_mps2,0.16612787946962923,0.16612787946962923,4,Accelerometer
gain_dual_rmse_m,accelerometer_bias_x_mps2,-0.023669356085842072,0.023669356085842072,17,Accelerometer
gain_dual_rmse_m,accelerometer_bias_y_mps2,-0.1493053107160411,0.1493053107160411,5,Accelerometer
gain_dual_rmse_m,accelerometer_bias_z_mps2,0.1014266237827962,0.1014266237827962,7,Accelerometer
gain_dual_rmse_m,gyro_noise_std_degps,0.018627238526397628,0.018627238526397628,19,Gyroscope
gain_dual_rmse_m,gyro_bias_x_degps,0.02966402680504865,0.02966402680504865,16,Gyroscope
gain_dual_rmse_m,gyro_bias_y_degps,-0.06295909575238626,0.06295909575238626,8,Gyroscope
gain_dual_rmse_m,gyro_bias_z_degps,0.038155661406442325,0.038155661406442325,14,Gyroscope
gain_dual_rmse_m,star_tracker_noise_std_deg,-0.005533855999033962,0.005533855999033962,21,Star tracker
gain_dual_rmse_m,initial_position_error_x_m,-0.058185930951936964,0.058185930951936964,11,Initial state
gain_dual_rmse_m,initial_position_error_y_m,-0.0013522503641966986,0.0013522503641966986,23,Initial state
gain_dual_rmse_m,initial_position_error_z_m,-0.01851595369651617,0.01851595369651617,20,Initial state
gain_dual_rmse_m,initial_velocity_error_x_mps,-0.05820168444435575,0.05820168444435575,10,Initial state
gain_dual_rmse_m,initial_velocity_error_y_mps,-0.13979822211651868,0.13979822211651868,6,Initial state
gain_dual_rmse_m,initial_velocity_error_z_mps,0.04595992720418333,0.04595992720418333,13,Initial state
gain_dual_rmse_m,non_gravitational_acceleration_mps2,-0.052770885619908586,0.052770885619908586,12,Orbital disturbance
gain_dual_rmse_m,fault_magnitude_m,0.23287536926756094,0.23287536926756094,3,GNSS fault
gain_dual_rmse_m,fault_start_min,0.28690109191657415,0.28690109191657415,2,GNSS fault
gain_dual_rmse_m,fault_duration_min,0.2901672242452326,0.2901672242452326,1,GNSS fault
gain_dual_rmse_m,gnss_outage_duration_min,0.0018347540448000073,0.0018347540448000073,22,Mission outage
gain_dual_rmse_m,star_tracker_outage_duration_min,0.06112133834998999,0.06112133834998999,9,Mission outage
gain_dual_rmse_m,dual_outage_duration_min,0.03041476624967897,0.03041476624967897,15,Mission outage
fdir_pd,pseudorange_noise_std_m,-0.3680656689571415,0.3680656689571415,2,GNSS measurement
fdir_pd,accelerometer_noise_std_mps2,-0.03851787640168467,0.03851787640168467,16,Accelerometer
fdir_pd,accelerometer_bias_x_mps2,-0.014908532447297696,0.014908532447297696,22,Accelerometer
fdir_pd,accelerometer_bias_y_mps2,0.1260769692144716,0.1260769692144716,4,Accelerometer
fdir_pd,accelerometer_bias_z_mps2,-0.052045921964975934,0.052045921964975934,12,Accelerometer
fdir_pd,gyro_noise_std_degps,0.004314179167414111,0.004314179167414111,23,Gyroscope
fdir_pd,gyro_bias_x_degps,-0.05643883591670856,0.05643883591670856,11,Gyroscope
fdir_pd,gyro_bias_y_degps,0.03569929972075337,0.03569929972075337,17,Gyroscope
fdir_pd,gyro_bias_z_degps,0.07605172561548805,0.07605172561548805,8,Gyroscope
fdir_pd,star_tracker_noise_std_deg,0.06092370553152329,0.06092370553152329,10,Star tracker
fdir_pd,initial_position_error_x_m,0.07050006118963169,0.07050006118963169,9,Initial state
fdir_pd,initial_position_error_y_m,-0.04004257414103446,0.04004257414103446,14,Initial state
fdir_pd,initial_position_error_z_m,-0.12045578048810636,0.12045578048810636,6,Initial state
fdir_pd,initial_velocity_error_x_mps,0.018665020198917102,0.018665020198917102,21,Initial state
fdir_pd,initial_velocity_error_y_mps,0.02877900922180045,0.02877900922180045,20,Initial state
fdir_pd,initial_velocity_error_z_mps,-0.03883118101010327,0.03883118101010327,15,Initial state
fdir_pd,non_gravitational_acceleration_mps2,0.09947668578463402,0.09947668578463402,7,Orbital disturbance
fdir_pd,fault_magnitude_m,0.6302517724579694,0.6302517724579694,1,GNSS fault
fdir_pd,fault_start_min,-0.18025721307415107,0.18025721307415107,3,GNSS fault
fdir_pd,fault_duration_min,-0.046056411741481,0.046056411741481,13,GNSS fault
fdir_pd,gnss_outage_duration_min,0.030450657002985645,0.030450657002985645,19,Mission outage
fdir_pd,star_tracker_outage_duration_min,-0.12321171610167506,0.12321171610167506,5,Mission outage
fdir_pd,dual_outage_duration_min,-0.03265398224797928,0.03265398224797928,18,Mission outage
hybrid_pd,pseudorange_noise_std_m,-0.09331485072351223,0.09331485072351223,4,GNSS measurement
hybrid_pd,accelerometer_noise_std_mps2,-0.02845542172854087,0.02845542172854087,18,Accelerometer
hybrid_pd,accelerometer_bias_x_mps2,-0.004327217575000552,0.004327217575000552,20,Accelerometer
hybrid_pd,accelerometer_bias_y_mps2,-0.026695621028820376,0.026695621028820376,19,Accelerometer
hybrid_pd,accelerometer_bias_z_mps2,-2.0537713225796643e-05,2.0537713225796643e-05,23,Accelerometer
hybrid_pd,gyro_noise_std_degps,-0.03846725296103404,0.03846725296103404,12,Gyroscope
hybrid_pd,gyro_bias_x_degps,-0.14883822016526724,0.14883822016526724,2,Gyroscope
hybrid_pd,gyro_bias_y_degps,0.04313447999755765,0.04313447999755765,11,Gyroscope
hybrid_pd,gyro_bias_z_degps,0.05419669775181786,0.05419669775181786,9,Gyroscope
hybrid_pd,star_tracker_noise_std_deg,0.037625172420876846,0.037625172420876846,13,Star tracker
hybrid_pd,initial_position_error_x_m,-0.00017512768574041597,0.00017512768574041597,22,Initial state
hybrid_pd,initial_position_error_y_m,-0.03091577138167589,0.03091577138167589,16,Initial state
hybrid_pd,initial_position_error_z_m,-0.06500145985656414,0.06500145985656414,8,Initial state
hybrid_pd,initial_velocity_error_x_mps,-0.07264236158354663,0.07264236158354663,6,Initial state
hybrid_pd,initial_velocity_error_y_mps,0.003296965152023488,0.003296965152023488,21,Initial state
hybrid_pd,initial_velocity_error_z_mps,0.08954132503053044,0.08954132503053044,5,Initial state
hybrid_pd,non_gravitational_acceleration_mps2,0.09741392584690005,0.09741392584690005,3,Orbital disturbance
hybrid_pd,fault_magnitude_m,0.7426216165681325,0.7426216165681325,1,GNSS fault
hybrid_pd,fault_start_min,0.03519470661583734,0.03519470661583734,15,GNSS fault
hybrid_pd,fault_duration_min,0.04761529460528632,0.04761529460528632,10,GNSS fault
hybrid_pd,gnss_outage_duration_min,0.029228571364718025,0.029228571364718025,17,Mission outage
hybrid_pd,star_tracker_outage_duration_min,-0.06982534223619238,0.06982534223619238,7,Mission outage
hybrid_pd,dual_outage_duration_min,-0.036127003423358076,0.036127003423358076,14,Mission outage
hybrid_pfa,pseudorange_noise_std_m,0.030837800980519636,0.030837800980519636,1,GNSS measurement
hybrid_pfa,accelerometer_noise_std_mps2,-0.006468897329208082,0.006468897329208082,8,Accelerometer
hybrid_pfa,accelerometer_bias_x_mps2,0.0019300001541291668,0.0019300001541291668,23,Accelerometer
hybrid_pfa,accelerometer_bias_y_mps2,0.007010898777754571,0.007010898777754571,7,Accelerometer
hybrid_pfa,accelerometer_bias_z_mps2,0.011125534909064797,0.011125534909064797,2,Accelerometer
hybrid_pfa,gyro_noise_std_degps,0.005048755998405015,0.005048755998405015,11,Gyroscope
hybrid_pfa,gyro_bias_x_degps,-0.011023127911157673,0.011023127911157673,3,Gyroscope
hybrid_pfa,gyro_bias_y_degps,0.004304072834706309,0.004304072834706309,15,Gyroscope
hybrid_pfa,gyro_bias_z_degps,0.0019388969041799098,0.0019388969041799098,22,Gyroscope
hybrid_pfa,star_tracker_noise_std_deg,0.009396237507373574,0.009396237507373574,5,Star tracker
hybrid_pfa,initial_position_error_x_m,0.00461959277584205,0.00461959277584205,14,Initial state
hybrid_pfa,initial_position_error_y_m,0.010155348398887182,0.010155348398887182,4,Initial state
hybrid_pfa,initial_position_error_z_m,-0.007075473975331119,0.007075473975331119,6,Initial state
hybrid_pfa,initial_velocity_error_x_mps,-0.0033887797148670494,0.0033887797148670494,17,Initial state
hybrid_pfa,initial_velocity_error_y_mps,-0.004010465525271993,0.004010465525271993,16,Initial state
hybrid_pfa,initial_velocity_error_z_mps,0.005092495855890893,0.005092495855890893,10,Initial state
hybrid_pfa,non_gravitational_acceleration_mps2,-0.0024466769031162563,0.0024466769031162563,21,Orbital disturbance
hybrid_pfa,fault_magnitude_m,0.003264595356620618,0.003264595356620618,18,GNSS fault
hybrid_pfa,fault_start_min,-0.0046652378176702605,0.0046652378176702605,13,GNSS fault
hybrid_pfa,fault_duration_min,0.0031364081281219673,0.0031364081281219673,20,GNSS fault
hybrid_pfa,gnss_outage_duration_min,-0.004866459094218475,0.004866459094218475,12,Mission outage
hybrid_pfa,star_tracker_outage_duration_min,0.005515398286549519,0.005515398286549519,9,Mission outage
hybrid_pfa,dual_outage_duration_min,-0.0032614177501404354,0.0032614177501404354,19,Mission outage
hybrid_minus_fdir_pd,pseudorange_noise_std_m,0.18606533528966152,0.18606533528966152,2,GNSS measurement
hybrid_minus_fdir_pd,accelerometer_noise_std_mps2,-0.010809439474234865,0.010809439474234865,19,Accelerometer
hybrid_minus_fdir_pd,accelerometer_bias_x_mps2,0.027260769985304165,0.027260769985304165,15,Accelerometer
hybrid_minus_fdir_pd,accelerometer_bias_y_mps2,-0.13226704363092023,0.13226704363092023,4,Accelerometer
hybrid_minus_fdir_pd,accelerometer_bias_z_mps2,0.07620574044524854,0.07620574044524854,8,Accelerometer
hybrid_minus_fdir_pd,gyro_noise_std_degps,-0.031686646567736766,0.031686646567736766,12,Gyroscope
hybrid_minus_fdir_pd,gyro_bias_x_degps,-0.09134349758484828,0.09134349758484828,6,Gyroscope
hybrid_minus_fdir_pd,gyro_bias_y_degps,0.02915188975855308,0.02915188975855308,14,Gyroscope
hybrid_minus_fdir_pd,gyro_bias_z_degps,0.007865672298907233,0.007865672298907233,21,Gyroscope
hybrid_minus_fdir_pd,star_tracker_noise_std_deg,-0.0253319270127794,0.0253319270127794,16,Star tracker
hybrid_minus_fdir_pd,initial_position_error_x_m,-0.05052162824361129,0.05052162824361129,10,Initial state
hybrid_minus_fdir_pd,initial_position_error_y_m,0.009761736242189236,0.009761736242189236,20,Initial state
hybrid_minus_fdir_pd,initial_position_error_z_m,0.011778612803440898,0.011778612803440898,18,Initial state
hybrid_minus_fdir_pd,initial_velocity_error_x_mps,-0.0646416205013022,0.0646416205013022,9,Initial state
hybrid_minus_fdir_pd,initial_velocity_error_y_mps,-0.029686544473686793,0.029686544473686793,13,Initial state
hybrid_minus_fdir_pd,initial_velocity_error_z_mps,0.12250993980960796,0.12250993980960796,5,Initial state
hybrid_minus_fdir_pd,non_gravitational_acceleration_mps2,0.017910292220018473,0.017910292220018473,17,Orbital disturbance
hybrid_minus_fdir_pd,fault_magnitude_m,0.27523457417302305,0.27523457417302305,1,GNSS fault
hybrid_minus_fdir_pd,fault_start_min,0.18590796550524732,0.18590796550524732,3,GNSS fault
hybrid_minus_fdir_pd,fault_duration_min,0.08442281899226033,0.08442281899226033,7,GNSS fault
hybrid_minus_fdir_pd,gnss_outage_duration_min,-0.003840487919639957,0.003840487919639957,22,Mission outage
hybrid_minus_fdir_pd,star_tracker_outage_duration_min,0.04335499208913762,0.04335499208913762,11,Mission outage
hybrid_minus_fdir_pd,dual_outage_duration_min,-0.001827789786086853,0.001827789786086853,23,Mission outage
