scenario_id,scenario_index,altitude_km,inclination_deg,initial_true_anomaly_deg,semi_major_axis_km,orbital_period_min,number_of_orbits,epochs,mean_geometry_step_s,visible_satellites_min,visible_satellites_mean,visible_satellites_max,availability_ge4_percent,availability_ge6_percent,pdop_availability_percent,pdop_min,pdop_mean,pdop_p90,pdop_p95,pdop_max,longest_below4_s,longest_below6_s,longest_below4_min,longest_below6_min,geometry_failures
AURORA17_000,0,400.0,0.0,0.0,6778.137,92.56040452087046,2.0,371,30.01959065541745,12,12.986522911051212,16,100.0,100.0,100.0,0.8023213469342089,1.3196410856875775,1.6925045398792358,1.6975448114900464,1.7097731575067963,0.0,0.0,0.0,0.0,0
AURORA17_001,1,400.0,0.0,60.0,6778.137,92.56040452087046,2.0,371,30.01959065541745,12,12.986522911051212,16,100.0,100.0,100.0,0.8018902671187541,1.3210964061303325,1.691827889142304,1.6964101610245919,1.705972449524771,0.0,0.0,0.0,0.0,0
AURORA17_002,2,400.0,0.0,120.0,6778.137,92.56040452087046,2.0,371,30.01959065541745,12,12.964959568733153,16,100.0,100.0,100.0,0.8004834328680145,1.3181098380429561,1.6926758875298913,1.696543662097273,1.709157446999037,0.0,0.0,0.0,0.0,0
AURORA17_003,3,400.0,0.0,180.0,6778.137,92.56040452087046,2.0,371,30.01959065541745,12,12.954177897574125,16,100.0,100.0,100.0,0.7993506432823206,1.323854528329204,1.6953250741842418,1.7007377914796602,1.7168163686791198,0.0,0.0,0.0,0.0,0
AURORA17_004,4,400.0,0.0,240.0,6778.137,92.56040452087046,2.0,371,30.01959065541745,12,12.970350404312669,16,100.0,100.0,100.0,0.7993261263531676,1.3230669621742168,1.6959622671434278,1.702181954383486,1.7158627932838089,0.0,0.0,0.0,0.0,0
AURORA17_005,5,400.0,0.0,300.0,6778.137,92.56040452087046,2.0,371,30.01959065541745,12,12.981132075471699,16,100.0,100.0,100.0,0.8006078927863338,1.316541655857929,1.693962809693876,1.6984318273948613,1.712232617768406,0.0,0.0,0.0,0.0,0
AURORA17_006,6,400.0,30.0,0.0,6778.137,92.56040452087046,2.0,371,30.01959065541745,12,13.180592991913747,16,100.0,100.0,100.0,0.805249043700833,1.0739673673437875,1.645612878925083,1.654592443814562,1.683082960732481,0.0,0.0,0.0,0.0,0
AURORA17_007,7,400.0,30.0,60.0,6778.137,92.56040452087046,2.0,371,30.01959065541745,12,13.029649595687331,15,100.0,100.0,100.0,0.831061525932899,1.104364382364207,1.6561047615955644,1.6820953151940574,1.6977178707602965,0.0,0.0,0.0,0.0,0
AURORA17_008,8,400.0,30.0,120.0,6778.137,92.56040452087046,2.0,371,30.01959065541745,12,13.288409703504042,16,100.0,100.0,100.0,0.7979802699586535,1.061612154978632,1.6273310355971227,1.667055539256627,1.6804821047879561,0.0,0.0,0.0,0.0,0
AURORA17_009,9,400.0,30.0,180.0,6778.137,92.56040452087046,2.0,371,30.01959065541745,12,13.272237196765499,16,100.0,100.0,100.0,0.802129219260112,1.0820562267750033,1.6479168025565174,1.6868217442307827,1.7119455955729443,0.0,0.0,0.0,0.0,0
AURORA17_010,10,400.0,30.0,240.0,6778.137,92.56040452087046,2.0,371,30.01959065541745,12,13.06199460916442,16,100.0,100.0,100.0,0.7971887415170885,1.0982595104344761,1.6766490247054024,1.6959294306011734,1.7026364990761884,0.0,0.0,0.0,0.0,0
AURORA17_011,11,400.0,30.0,300.0,6778.137,92.56040452087046,2.0,371,30.01959065541745,12,13.285714285714286,16,100.0,100.0,100.0,0.7970645093170374,1.0518403903326055,1.6211691308920124,1.6708235817575123,1.6877171022146507,0.0,0.0,0.0,0.0,0
AURORA17_012,12,400.0,60.0,0.0,6778.137,92.56040452087046,2.0,371,30.01959065541745,12,13.107816711590296,15,100.0,100.0,100.0,0.8279959435413081,1.0390373560471575,1.19275659975225,1.6511924557831241,1.6718307585351682,0.0,0.0,0.0,0.0,0
AURORA17_013,13,400.0,60.0,60.0,6778.137,92.56040452087046,2.0,371,30.01959065541745,12,13.253369272237197,16,100.0,100.0,100.0,0.7976194943776374,1.0250526214448266,1.1419347075955775,1.6340322790880863,1.6958973846628123,0.0,0.0,0.0,0.0,0
AURORA17_014,14,400.0,60.0,120.0,6778.137,92.56040452087046,2.0,371,30.01959065541745,12,13.212938005390836,16,100.0,100.0,100.0,0.8045508420765326,1.0420580472972958,1.6249934246984699,1.6494159753050488,1.6812211283778877,0.0,0.0,0.0,0.0,0
AURORA17_015,15,400.0,60.0,180.0,6778.137,92.56040452087046,2.0,371,30.01959065541745,12,13.121293800539084,16,100.0,100.0,100.0,0.8021201375032487,1.0449370688069632,1.1974159852628463,1.648021467406739,1.7115595185545716,0.0,0.0,0.0,0.0,0
AURORA17_016,16,400.0,60.0,240.0,6778.137,92.56040452087046,2.0,371,30.01959065541745,12,13.180592991913747,16,100.0,100.0,100.0,0.7969372526232879,1.041179954656367,1.171096188960149,1.6399502509295354,1.6996784969255636,0.0,0.0,0.0,0.0,0
AURORA17_017,17,400.0,60.0,300.0,6778.137,92.56040452087046,2.0,371,30.01959065541745,12,13.212938005390836,16,100.0,100.0,100.0,0.7973520263635131,1.0393226725568285,1.1921142258489468,1.6598725166323132,1.6887084499984053,0.0,0.0,0.0,0.0,0
AURORA17_018,18,400.0,75.0,0.0,6778.137,92.56040452087046,2.0,371,30.01959065541745,12,13.280323450134771,15,100.0,100.0,100.0,0.8313614521971269,1.0363531160292065,1.2107941398612494,1.651759133249143,1.675951198638606,0.0,0.0,0.0,0.0,0
AURORA17_019,19,400.0,75.0,60.0,6778.137,92.56040452087046,2.0,371,30.01959065541745,12,13.264150943396226,16,100.0,100.0,100.0,0.7975184028007435,1.040259129501812,1.202415793328714,1.6351065159406941,1.6957853528502185,0.0,0.0,0.0,0.0,0
AURORA17_020,20,400.0,75.0,120.0,6778.137,92.56040452087046,2.0,371,30.01959065541745,12,13.210242587601078,16,100.0,100.0,100.0,0.8053016204196461,1.050178616522927,1.2115785194012598,1.6364062282100273,1.677208437024435,0.0,0.0,0.0,0.0,0
AURORA17_021,21,400.0,75.0,180.0,6778.137,92.56040452087046,2.0,371,30.01959065541745,12,13.296495956873315,16,100.0,100.0,100.0,0.793960303982247,1.0437529864642219,1.2154757503009417,1.648091125334983,1.7111009006934286,0.0,0.0,0.0,0.0,0
AURORA17_022,22,400.0,75.0,240.0,6778.137,92.56040452087046,2.0,371,30.01959065541745,12,13.336927223719677,16,100.0,100.0,100.0,0.7969003939407769,1.0448412932540645,1.2130548937367818,1.6361503093289456,1.699757783415678,0.0,0.0,0.0,0.0,0
AURORA17_023,23,400.0,75.0,300.0,6778.137,92.56040452087046,2.0,371,30.01959065541745,12,13.210242587601078,16,100.0,100.0,100.0,0.8060879716872427,1.0468052899622982,1.217204677262874,1.6372880188961085,1.6862738881895738,0.0,0.0,0.0,0.0,0
AURORA17_024,24,400.0,90.0,0.0,6778.137,92.56040452087046,2.0,371,30.01959065541745,12,13.242587601078167,16,100.0,100.0,100.0,0.8221617848716867,1.0449459525394178,1.2026698414376937,1.6519421968060102,1.673351866074458,0.0,0.0,0.0,0.0,0
AURORA17_025,25,400.0,90.0,60.0,6778.137,92.56040452087046,2.0,371,30.01959065541745,12,13.212938005390836,15,100.0,100.0,100.0,0.8282964662504823,1.038390691352718,1.2147633013927484,1.6327874370923765,1.696015121604994,0.0,0.0,0.0,0.0,0
AURORA17_026,26,400.0,90.0,120.0,6778.137,92.56040452087046,2.0,371,30.01959065541745,12,13.129380053908356,16,100.0,100.0,100.0,0.8053188047810637,1.0578326895920185,1.2152707417749176,1.6354451119800042,1.676439981169982,0.0,0.0,0.0,0.0,0
AURORA17_027,27,400.0,90.0,180.0,6778.137,92.56040452087046,2.0,371,30.01959065541745,12,13.266846361185983,16,100.0,100.0,100.0,0.7953188163055396,1.0507247386192766,1.2002754113351362,1.6476837207431179,1.7105743229379697,0.0,0.0,0.0,0.0,0
AURORA17_028,28,400.0,90.0,240.0,6778.137,92.56040452087046,2.0,371,30.01959065541745,12,13.237196765498652,16,100.0,100.0,100.0,0.7960856369314585,1.0468081026961342,1.2160341196049063,1.633915766076103,1.7015165721776555,0.0,0.0,0.0,0.0,0
AURORA17_029,29,400.0,90.0,300.0,6778.137,92.56040452087046,2.0,371,30.01959065541745,12,13.161725067385445,16,100.0,100.0,100.0,0.8060255080549829,1.0517375425362272,1.2155763827376913,1.6276399490123787,1.6833756105742135,0.0,0.0,0.0,0.0,0
AURORA17_030,30,400.0,97.6,0.0,6778.137,92.56040452087046,2.0,371,30.01959065541745,12,13.226415094339623,16,100.0,100.0,100.0,0.8210783010540249,1.0474599568401135,1.2031422644506906,1.6463890526470468,1.6703194532363375,0.0,0.0,0.0,0.0,0
AURORA17_031,31,400.0,97.6,60.0,6778.137,92.56040452087046,2.0,371,30.01959065541745,12,13.23989218328841,15,100.0,100.0,100.0,0.8281507052326609,1.0351574426872316,1.2084913914366906,1.6328749081768863,1.6963449524014718,0.0,0.0,0.0,0.0,0
AURORA17_032,32,400.0,97.6,120.0,6778.137,92.56040452087046,2.0,371,30.01959065541745,12,13.272237196765499,16,100.0,100.0,100.0,0.8050344020471888,1.046328588537511,1.2141302769701328,1.6370805346159734,1.6769178812471848,0.0,0.0,0.0,0.0,0
AURORA17_033,33,400.0,97.6,180.0,6778.137,92.56040452087046,2.0,371,30.01959065541745,12,13.226415094339623,16,100.0,100.0,100.0,0.7953506414712336,1.0575636151419814,1.2256394606726861,1.6475581951412948,1.71033336491549,0.0,0.0,0.0,0.0,0
AURORA17_034,34,400.0,97.6,240.0,6778.137,92.56040452087046,2.0,371,30.01959065541745,12,13.253369272237197,16,100.0,100.0,100.0,0.7960196895553592,1.0440881763254115,1.2122264744901896,1.6339623186424852,1.7012323513188574,0.0,0.0,0.0,0.0,0
AURORA17_035,35,400.0,97.6,300.0,6778.137,92.56040452087046,2.0,371,30.01959065541745,12,13.274932614555256,16,100.0,100.0,100.0,0.7944841307262368,1.043426408855731,1.2188200501803979,1.628945858896293,1.6840871079784094,0.0,0.0,0.0,0.0,0
AURORA17_036,36,550.0,0.0,0.0,6928.137,95.64988025024664,2.0,384,29.968630887805734,12,13.541666666666666,16,100.0,100.0,100.0,0.7958674006358502,1.2280076979411516,1.6823496032667735,1.6859435118258062,1.6977135941841321,0.0,0.0,0.0,0.0,0
AURORA17_037,37,550.0,0.0,60.0,6928.137,95.64988025024664,2.0,384,29.968630887805734,12,13.572916666666666,16,100.0,100.0,100.0,0.7973842621487527,1.2223376515258089,1.6818617053340787,1.6889213555228804,1.6983136967374919,0.0,0.0,0.0,0.0,0
AURORA17_038,38,550.0,0.0,120.0,6928.137,95.64988025024664,2.0,384,29.968630887805734,12,13.536458333333334,18,100.0,100.0,100.0,0.7378935356266783,1.2201498804605688,1.6706446822092205,1.6879749420682648,1.6994295808565512,0.0,0.0,0.0,0.0,0
AURORA17_039,39,550.0,0.0,180.0,6928.137,95.64988025024664,2.0,384,29.968630887805734,12,13.505208333333334,18,100.0,100.0,100.0,0.7376077459719804,1.2350051070829748,1.6849670226341296,1.6888361235149096,1.7055284886574742,0.0,0.0,0.0,0.0,0
AURORA17_040,40,550.0,0.0,240.0,6928.137,95.64988025024664,2.0,384,29.968630887805734,12,13.557291666666666,16,100.0,100.0,100.0,0.7902318513655306,1.2262294731144494,1.6870751291046198,1.6934892089405345,1.703802379686578,0.0,0.0,0.0,0.0,0
AURORA17_041,41,550.0,0.0,300.0,6928.137,95.64988025024664,2.0,384,29.968630887805734,12,13.536458333333334,18,100.0,100.0,100.0,0.7382238868683954,1.222229449669519,1.674089878383506,1.6900958477027874,1.6981247145915945,0.0,0.0,0.0,0.0,0
AURORA17_042,42,550.0,30.0,0.0,6928.137,95.64988025024664,2.0,384,29.968630887805734,12,13.932291666666666,16,100.0,100.0,100.0,0.7918751098943672,0.9968746115504934,1.1340218017581711,1.6422128841669723,1.6722338850292113,0.0,0.0,0.0,0.0,0
AURORA17_043,43,550.0,30.0,60.0,6928.137,95.64988025024664,2.0,384,29.968630887805734,12,13.731770833333334,16,100.0,100.0,100.0,0.7965698866788924,1.0182793014094826,1.4919997525227497,1.6560536947511937,1.6923723684561014,0.0,0.0,0.0,0.0,0
AURORA17_044,44,550.0,30.0,120.0,6928.137,95.64988025024664,2.0,384,29.968630887805734,12,13.940104166666666,17,100.0,100.0,100.0,0.7636667423071419,0.9950496406669697,1.1281850861515812,1.6226851899556414,1.6735805094821337,0.0,0.0,0.0,0.0,0
AURORA17_045,45,550.0,30.0,180.0,6928.137,95.64988025024664,2.0,384,29.968630887805734,12,13.916666666666666,17,100.0,100.0,100.0,0.7626860538031476,0.9981130059416011,1.1337556746186006,1.6385560070683058,1.664639686481178,0.0,0.0,0.0,0.0,0
AURORA17_046,46,550.0,30.0,240.0,6928.137,95.64988025024664,2.0,384,29.968630887805734,12,13.78125,17,100.0,100.0,100.0,0.7629105313334603,1.0275839156796087,1.6254085878794091,1.6687973126908628,1.6967284612964657,0.0,0.0,0.0,0.0,0
AURORA17_047,47,550.0,30.0,300.0,6928.137,95.64988025024664,2.0,384,29.968630887805734,12,13.9296875,16,100.0,100.0,100.0,0.7948505862536223,0.996299855281512,1.1339664830271856,1.620162650556691,1.6799069425655282,0.0,0.0,0.0,0.0,0
AURORA17_048,48,550.0,60.0,0.0,6928.137,95.64988025024664,2.0,384,29.968630887805734,12,13.778645833333334,16,100.0,100.0,100.0,0.7935301922924897,0.978024509746731,1.1200361244730501,1.6284497970148608,1.673821030613038,0.0,0.0,0.0,0.0,0
AURORA17_049,49,550.0,60.0,60.0,6928.137,95.64988025024664,2.0,384,29.968630887805734,12,13.8828125,16,100.0,100.0,100.0,0.7956194314438603,0.9638707931847411,1.116810216667809,1.56076425211687,1.6920357982618104,0.0,0.0,0.0,0.0,0
AURORA17_050,50,550.0,60.0,120.0,6928.137,95.64988025024664,2.0,384,29.968630887805734,12,13.848958333333334,16,100.0,100.0,100.0,0.796465505255488,0.9785659691034931,1.1124613236563727,1.6233584081841905,1.6724940037875442,0.0,0.0,0.0,0.0,0
AURORA17_051,51,550.0,60.0,180.0,6928.137,95.64988025024664,2.0,384,29.968630887805734,12,13.8515625,17,100.0,100.0,100.0,0.7652890785483324,0.9774237678882681,1.1265242082831548,1.6317229059469438,1.6658481028767116,0.0,0.0,0.0,0.0,0
AURORA17_052,52,550.0,60.0,240.0,6928.137,95.64988025024664,2.0,384,29.968630887805734,12,13.877604166666666,17,100.0,100.0,100.0,0.7648594144036399,0.9712754167905681,1.1181453165914914,1.6252998896956794,1.6954179647133383,0.0,0.0,0.0,0.0,0
AURORA17_053,53,550.0,60.0,300.0,6928.137,95.64988025024664,2.0,384,29.968630887805734,12,13.856770833333334,16,100.0,100.0,100.0,0.7958346385174434,0.9795601993911589,1.1104593267681346,1.623075356549955,1.6787669344885832,0.0,0.0,0.0,0.0,0
AURORA17_054,54,550.0,75.0,0.0,6928.137,95.64988025024664,2.0,384,29.968630887805734,12,13.864583333333334,16,100.0,100.0,100.0,0.7932149423471806,0.9764495161621892,1.144521480648868,1.562097861612249,1.672501315936927,0.0,0.0,0.0,0.0,0
AURORA17_055,55,550.0,75.0,60.0,6928.137,95.64988025024664,2.0,384,29.968630887805734,12,13.934895833333334,16,100.0,100.0,100.0,0.7951075441089684,0.9740568161116467,1.1827011280026252,1.5692645662171045,1.6918539933614192,0.0,0.0,0.0,0.0,0
AURORA17_056,56,550.0,75.0,120.0,6928.137,95.64988025024664,2.0,384,29.968630887805734,12,13.848958333333334,16,100.0,100.0,100.0,0.796129990489508,0.9901320242246566,1.1971197531515405,1.620707419698958,1.6704113919865564,0.0,0.0,0.0,0.0,0
AURORA17_057,57,550.0,75.0,180.0,6928.137,95.64988025024664,2.0,384,29.968630887805734,12,13.872395833333334,16,100.0,100.0,100.0,0.7921278869266595,0.9839230280021534,1.1793030381231198,1.6295012325004852,1.6645214620018423,0.0,0.0,0.0,0.0,0
AURORA17_058,58,550.0,75.0,240.0,6928.137,95.64988025024664,2.0,384,29.968630887805734,12,13.9375,17,100.0,100.0,100.0,0.7628250658924014,0.9805788939781356,1.1857878791585503,1.6255473303712198,1.6956404078031813,0.0,0.0,0.0,0.0,0
AURORA17_059,59,550.0,75.0,300.0,6928.137,95.64988025024664,2.0,384,29.968630887805734,12,13.8515625,16,100.0,100.0,100.0,0.7958319509670734,0.9875103700096232,1.1971342194093462,1.615280595372668,1.6764862925855648,0.0,0.0,0.0,0.0,0
AURORA17_060,60,550.0,90.0,0.0,6928.137,95.64988025024664,2.0,384,29.968630887805734,12,13.9296875,16,100.0,100.0,100.0,0.7945338820293117,0.979106923995183,1.16904973978781,1.2085730957421794,1.6710061386616002,0.0,0.0,0.0,0.0,0
AURORA17_061,61,550.0,90.0,60.0,6928.137,95.64988025024664,2.0,384,29.968630887805734,12,13.973958333333334,16,100.0,100.0,100.0,0.7933789399886118,0.9746428606763912,1.1295536821842307,1.2157729751427864,1.6917240836000218,0.0,0.0,0.0,0.0,0
AURORA17_062,62,550.0,90.0,120.0,6928.137,95.64988025024664,2.0,384,29.968630887805734,12,13.8828125,16,100.0,100.0,100.0,0.795993220785794,0.9834144799065744,1.1729489563448439,1.6193660533014105,1.6695376167651834,0.0,0.0,0.0,0.0,0
AURORA17_063,63,550.0,90.0,180.0,6928.137,95.64988025024664,2.0,384,29.968630887805734,12,13.908854166666666,16,100.0,100.0,100.0,0.7928667559658981,0.986060970588532,1.1746152291780125,1.6287934803322464,1.6630523092728862,0.0,0.0,0.0,0.0,0
AURORA17_064,64,550.0,90.0,240.0,6928.137,95.64988025024664,2.0,384,29.968630887805734,12,13.973958333333334,17,100.0,100.0,100.0,0.7650972735438397,0.9758962431701376,1.1263740320882476,1.2123012318604283,1.6957983182866505,0.0,0.0,0.0,0.0,0
AURORA17_065,65,550.0,90.0,300.0,6928.137,95.64988025024664,2.0,384,29.968630887805734,12,13.932291666666666,16,100.0,100.0,100.0,0.7928290915412148,0.9816182745769227,1.1867465912151813,1.6148838205563345,1.675662678313873,0.0,0.0,0.0,0.0,0
AURORA17_066,66,550.0,97.6,0.0,6928.137,95.64988025024664,2.0,384,29.968630887805734,12,13.890625,16,100.0,100.0,100.0,0.7943894120656542,0.9819601657498157,1.1886714825016929,1.2095677202584763,1.6690674391073672,0.0,0.0,0.0,0.0,0
AURORA17_067,67,550.0,97.6,60.0,6928.137,95.64988025024664,2.0,384,29.968630887805734,12,13.901041666666666,16,100.0,100.0,100.0,0.7955780962140159,0.9737774388496607,1.1294960887940664,1.19948101364539,1.691692415763571,0.0,0.0,0.0,0.0,0
AURORA17_068,68,550.0,97.6,120.0,6928.137,95.64988025024664,2.0,384,29.968630887805734,12,13.861979166666666,16,100.0,100.0,100.0,0.7938863491447501,0.9874768231132315,1.1747292035523218,1.6205614554193561,1.669823848800272,0.0,0.0,0.0,0.0,0
AURORA17_069,69,550.0,97.6,180.0,6928.137,95.64988025024664,2.0,384,29.968630887805734,12,13.890625,16,100.0,100.0,100.0,0.7933234121645042,0.9861494866923614,1.1848082695855648,1.6289439782070119,1.663295473616037,0.0,0.0,0.0,0.0,0
AURORA17_070,70,550.0,97.6,240.0,6928.137,95.64988025024664,2.0,384,29.968630887805734,12,13.895833333333334,16,100.0,100.0,100.0,0.7934428903478634,0.976524103430411,1.1238963274571427,1.1975478086321902,1.6960927873333804,0.0,0.0,0.0,0.0,0
AURORA17_071,71,550.0,97.6,300.0,6928.137,95.64988025024664,2.0,384,29.968630887805734,12,13.869791666666666,16,100.0,100.0,100.0,0.7927394838972727,0.9849099847827101,1.137490247072906,1.6147871758587817,1.6761277439759044,0.0,0.0,0.0,0.0,0
AURORA17_072,72,700.0,0.0,0.0,7078.137,98.77298451890735,2.0,396,30.006982638655398,12,14.02020202020202,18,100.0,100.0,100.0,0.7359567557629724,1.1571213461867864,1.6735813771641723,1.6776067657563387,1.6896614639507335,0.0,0.0,0.0,0.0,0
AURORA17_073,73,700.0,0.0,60.0,7078.137,98.77298451890735,2.0,396,30.006982638655398,12,14.065656565656566,18,100.0,100.0,100.0,0.7359645494139182,1.1400490200409097,1.664036108987836,1.6843389707778864,1.6904745321644394,0.0,0.0,0.0,0.0,0
AURORA17_074,74,700.0,0.0,120.0,7078.137,98.77298451890735,2.0,396,30.006982638655398,12,14.005050505050505,18,100.0,100.0,100.0,0.7358724153286079,1.1481120874931876,1.660656835648858,1.6802318119663773,1.6906948482668707,0.0,0.0,0.0,0.0,0
AURORA17_075,75,700.0,0.0,180.0,7078.137,98.77298451890735,2.0,396,30.006982638655398,12,14.025252525252526,18,100.0,100.0,100.0,0.7360107687596906,1.1558271893942829,1.673583455928087,1.6779005234605793,1.6911946170945769,0.0,0.0,0.0,0.0,0
AURORA17_076,76,700.0,0.0,240.0,7078.137,98.77298451890735,2.0,396,30.006982638655398,12,14.04040404040404,18,100.0,100.0,100.0,0.7365684529467197,1.1456463546393931,1.6846243495239028,1.6880793697409346,1.6933025383137013,0.0,0.0,0.0,0.0,0
AURORA17_077,77,700.0,0.0,300.0,7078.137,98.77298451890735,2.0,396,30.006982638655398,12,13.97979797979798,18,100.0,100.0,100.0,0.7365866351470743,1.150169957348413,1.6653707094874037,1.6824809079452951,1.6913101707943425,0.0,0.0,0.0,0.0,0
AURORA17_078,78,700.0,30.0,0.0,7078.137,98.77298451890735,2.0,396,30.006982638655398,12,14.469696969696969,17,100.0,100.0,100.0,0.7624756137438208,0.9509141773002487,1.1288211760956974,1.6174706757113122,1.6751895784985418,0.0,0.0,0.0,0.0,0
AURORA17_079,79,700.0,30.0,60.0,7078.137,98.77298451890735,2.0,396,30.006982638655398,12,14.555555555555555,17,100.0,100.0,100.0,0.7624160572763334,0.9318217353945588,1.1093242914885832,1.135779777506506,1.6456268005259949,0.0,0.0,0.0,0.0,0
AURORA17_080,80,700.0,30.0,120.0,7078.137,98.77298451890735,2.0,396,30.006982638655398,12,14.484848484848484,17,100.0,100.0,100.0,0.7610871478813666,0.9544290096775525,1.1188420421346055,1.6150512494862463,1.6687997214089665,0.0,0.0,0.0,0.0,0
AURORA17_081,81,700.0,30.0,180.0,7078.137,98.77298451890735,2.0,396,30.006982638655398,12,14.43939393939394,17,100.0,100.0,100.0,0.7618215815841398,0.9541328807532599,1.1300788055673152,1.6198681271892155,1.6690235866759782,0.0,0.0,0.0,0.0,0
AURORA17_082,82,700.0,30.0,240.0,7078.137,98.77298451890735,2.0,396,30.006982638655398,12,14.419191919191919,18,100.0,100.0,100.0,0.7378725236199732,0.9682292026162183,1.1315727312289185,1.6487275459424342,1.6923162685568758,0.0,0.0,0.0,0.0,0
AURORA17_083,83,700.0,30.0,300.0,7078.137,98.77298451890735,2.0,396,30.006982638655398,12,14.494949494949495,17,100.0,100.0,100.0,0.7612875806119147,0.9534717282099773,1.11949221586291,1.6104339419120306,1.6731989118510668,0.0,0.0,0.0,0.0,0
AURORA17_084,84,700.0,60.0,0.0,7078.137,98.77298451890735,2.0,396,30.006982638655398,12,14.436868686868687,17,100.0,100.0,100.0,0.7650019484987021,0.9192614669256354,1.013940052644936,1.1193469441394726,1.6727425553587176,0.0,0.0,0.0,0.0,0
AURORA17_085,85,700.0,60.0,60.0,7078.137,98.77298451890735,2.0,396,30.006982638655398,12,14.434343434343434,18,100.0,100.0,100.0,0.7382446136971501,0.919355584623061,1.0097537712455882,1.126818388575602,1.6451668913935789,0.0,0.0,0.0,0.0,0
AURORA17_086,86,700.0,60.0,120.0,7078.137,98.77298451890735,2.0,396,30.006982638655398,12,14.391414141414142,17,100.0,100.0,100.0,0.7622202533669584,0.9330972921000389,1.01236600525842,1.6143219479754587,1.6651376541140528,0.0,0.0,0.0,0.0,0
AURORA17_087,87,700.0,60.0,180.0,7078.137,98.77298451890735,2.0,396,30.006982638655398,12,14.421717171717171,17,100.0,100.0,100.0,0.7641762062609074,0.9277331228411548,1.0777235472105082,1.1829097746412163,1.666738698885645,0.0,0.0,0.0,0.0,0
AURORA17_088,88,700.0,60.0,240.0,7078.137,98.77298451890735,2.0,396,30.006982638655398,12,14.454545454545455,18,100.0,100.0,100.0,0.7378205210949762,0.9191014399251847,1.012084948329791,1.1280137646719388,1.691966948758961,0.0,0.0,0.0,0.0,0
AURORA17_089,89,700.0,60.0,300.0,7078.137,98.77298451890735,2.0,396,30.006982638655398,12,14.409090909090908,17,100.0,100.0,100.0,0.7617509975651018,0.9335803303603424,1.053860398279229,1.6101010479792652,1.6705467786971893,0.0,0.0,0.0,0.0,0
AURORA17_090,90,700.0,75.0,0.0,7078.137,98.77298451890735,2.0,396,30.006982638655398,12,14.353535353535353,17,100.0,100.0,100.0,0.7646779491488795,0.9306053789810396,1.0770017589951744,1.1801043648057525,1.6720497067607885,0.0,0.0,0.0,0.0,0
AURORA17_091,91,700.0,75.0,60.0,7078.137,98.77298451890735,2.0,396,30.006982638655398,12,14.406565656565656,18,100.0,100.0,100.0,0.7382320296015855,0.9337882957050568,1.119967935606554,1.1956970263965947,1.6472932358362784,0.0,0.0,0.0,0.0,0
AURORA17_092,92,700.0,75.0,120.0,7078.137,98.77298451890735,2.0,396,30.006982638655398,12,14.368686868686869,16,100.0,100.0,100.0,0.7912677144728026,0.9450847034031384,1.179721070832191,1.3086522968467746,1.664379351519047,0.0,0.0,0.0,0.0,0
AURORA17_093,93,700.0,75.0,180.0,7078.137,98.77298451890735,2.0,396,30.006982638655398,12,14.363636363636363,17,100.0,100.0,100.0,0.7646237418467825,0.9338826208909208,1.1086527505355126,1.1865299328084715,1.6659617829314985,0.0,0.0,0.0,0.0,0
AURORA17_094,94,700.0,75.0,240.0,7078.137,98.77298451890735,2.0,396,30.006982638655398,12,14.38888888888889,18,100.0,100.0,100.0,0.737791402268499,0.9358749942113906,1.1249360021007306,1.1898331805382085,1.6917728479312906,0.0,0.0,0.0,0.0,0
AURORA17_095,95,700.0,75.0,300.0,7078.137,98.77298451890735,2.0,396,30.006982638655398,12,14.41161616161616,17,100.0,100.0,100.0,0.7665607298348662,0.9414994684075434,1.180452729012254,1.1997978517013808,1.6698504318544645,0.0,0.0,0.0,0.0,0
AURORA17_096,96,700.0,90.0,0.0,7078.137,98.77298451890735,2.0,396,30.006982638655398,12,14.421717171717171,17,100.0,100.0,100.0,0.7655990388436894,0.9299630788273956,1.0788489138942157,1.1750489734152307,1.6711273503955093,0.0,0.0,0.0,0.0,0
AURORA17_097,97,700.0,90.0,60.0,7078.137,98.77298451890735,2.0,396,30.006982638655398,12,14.441919191919192,18,100.0,100.0,100.0,0.7382096306338675,0.9342057689909725,1.1107891140521486,1.1703803941992503,1.6471886852258695,0.0,0.0,0.0,0.0,0
AURORA17_098,98,700.0,90.0,120.0,7078.137,98.77298451890735,2.0,396,30.006982638655398,12,14.537878787878787,17,100.0,100.0,100.0,0.7649461988008678,0.9273398530073625,1.0382018539976186,1.116151123373704,1.6634350282427466,0.0,0.0,0.0,0.0,0
AURORA17_099,99,700.0,90.0,180.0,7078.137,98.77298451890735,2.0,396,30.006982638655398,12,14.414141414141413,17,100.0,100.0,100.0,0.7650087849278454,0.9358539186226312,1.1104025099785466,1.1763322657093818,1.6662521984191971,0.0,0.0,0.0,0.0,0
AURORA17_100,100,700.0,90.0,240.0,7078.137,98.77298451890735,2.0,396,30.006982638655398,12,14.44949494949495,18,100.0,100.0,100.0,0.7377726683447087,0.9347687420773667,1.1103130293282664,1.1419326653589228,1.691625765754458,0.0,0.0,0.0,0.0,0
AURORA17_101,101,700.0,90.0,300.0,7078.137,98.77298451890735,2.0,396,30.006982638655398,12,14.52020202020202,17,100.0,100.0,100.0,0.762490149798607,0.9296648749117782,1.04263887058762,1.1359821188079713,1.6689202565454895,0.0,0.0,0.0,0.0,0
AURORA17_102,102,700.0,97.6,0.0,7078.137,98.77298451890735,2.0,396,30.006982638655398,12,14.393939393939394,17,100.0,100.0,100.0,0.7654018191818833,0.9333464243802316,1.1069448672999038,1.1848874674454875,1.671352953487999,0.0,0.0,0.0,0.0,0
AURORA17_103,103,700.0,97.6,60.0,7078.137,98.77298451890735,2.0,396,30.006982638655398,12,14.492424242424242,18,100.0,100.0,100.0,0.738209869783912,0.926365333440796,1.0955078077041587,1.1697959867997991,1.647245284615151,0.0,0.0,0.0,0.0,0
AURORA17_104,104,700.0,97.6,120.0,7078.137,98.77298451890735,2.0,396,30.006982638655398,12,14.371212121212121,17,100.0,100.0,100.0,0.76272128825107,0.941492741570773,1.0946104975420323,1.31021237352605,1.6635819690823093,0.0,0.0,0.0,0.0,0
AURORA17_105,105,700.0,97.6,180.0,7078.137,98.77298451890735,2.0,396,30.006982638655398,12,14.404040404040405,17,100.0,100.0,100.0,0.760299374024144,0.9341742315046656,1.1098067944965553,1.1816558391206984,1.6650721186054973,0.0,0.0,0.0,0.0,0
AURORA17_106,106,700.0,97.6,240.0,7078.137,98.77298451890735,2.0,396,30.006982638655398,12,14.47979797979798,18,100.0,100.0,100.0,0.7377665202624035,0.9273773967908381,1.0976752064157975,1.1291272380687067,1.6915835367404215,0.0,0.0,0.0,0.0,0
AURORA17_107,107,700.0,97.6,300.0,7078.137,98.77298451890735,2.0,396,30.006982638655398,12,14.3989898989899,17,100.0,100.0,100.0,0.7619618439047937,0.9396721930916684,1.1012061238399187,1.2021966132844126,1.6692027324727374,0.0,0.0,0.0,0.0,0
