phase_name,initial_true_anomaly_deg,replicate_index,scenario_seed,altitude_km,inclination_deg,dual_outage_start_min,dual_outage_end_min,dual_outage_duration_min,navigation_estimator_requested_start_min,navigation_estimator_start_min,navigation_estimator_start_index,navigation_estimator_age_at_outage_min,navigation_estimator_active_pre_outage_epochs,navigation_estimator_updates_before_outage,time_sync_error_s,natural_visible_satellites_min,natural_visible_satellites_mean,pre_outage_satellites,pre_outage_pdop,pre_outage_update_age_s,healthy_false_alarm_rate,pre_outage_rmse_m,mission_rmse_m,outage_rmse_m,outage_start_error_m,outage_end_error_m,outage_start_sigma_m,outage_end_sigma_m,post_recovery_rmse_m,final_error_m,navigation_nis_mean,navigation_nis_coverage_percent,attitude_outage_rmse_deg,attitude_end_outage_deg,experiment_estimator_age_min,experiment_estimator_start_min,experiment_outage_start_min,experiment_outage_end_min,experiment_outage_duration_min,fixed_initial_true_anomaly_deg,estimator_control_kind,estimator_control_name,estimator_control_mode,estimator_control_value
PHASE_000,0.0,0,170500,550.0,97.6,60.0,75.0,15.0,55.0,55.0,330,5.0,30,29,0.0,12,14.028395061728395,16,0.8251189212196923,10.0,0.7407407407407408,,,4.89743467000756,0.8371618338034914,8.862757532844395,0.9467149185201607,8.070425547328123,0.6532495257126996,0.11696060089347612,2.9711352890908627,96.04166666666667,0.03052879065533932,0.04883205630088059,5.0,55.0,60.0,75.0,15.0,0.0,function_parameter,estimator_start_min,start_min,55.0
PHASE_000,0.0,0,170500,550.0,97.6,60.0,75.0,15.0,45.0,45.0,270,15.0,90,88,0.0,12,14.028395061728395,16,0.8251189212196923,10.0,0.7407407407407408,14.935976986953778,,1.2791659187099924,0.2402039872919295,2.5714070834939293,0.6740625843736989,5.6964695144524,0.6270769578164157,0.07425612950079828,2.946574145972615,94.43413729128015,0.03052879065533932,0.04883205630088059,15.0,45.0,60.0,75.0,15.0,0.0,function_parameter,estimator_start_min,start_min,45.0
PHASE_000,0.0,0,170500,550.0,97.6,60.0,75.0,15.0,30.0,30.0,180,30.0,180,178,0.0,12,14.028395061728395,16,0.8251189212196923,10.0,0.7407407407407408,0.46731509507286567,,1.1017654059430222,0.42307043978658004,1.9300244935808137,0.5624247301324875,2.6660776570377016,0.40594856632862003,0.04885744830887577,2.949187157738949,93.95866454689984,0.03052879065533932,0.04883205630088059,30.0,30.0,60.0,75.0,15.0,0.0,function_parameter,estimator_start_min,start_min,30.0
PHASE_000,0.0,0,170500,550.0,97.6,60.0,75.0,15.0,15.0,15.0,90,45.0,270,268,0.0,12,14.028395061728395,16,0.8251189212196923,10.0,0.7407407407407408,0.30674555864729175,,0.2192362664674597,0.1813583926268907,0.32895798067172033,0.4622853219688837,1.6218870599620738,0.34452406127380736,0.11406433492265626,2.958643133502934,94.57579972183588,0.03052879065533932,0.04883205630088059,45.0,15.0,60.0,75.0,15.0,0.0,function_parameter,estimator_start_min,start_min,15.0
PHASE_000,0.0,0,170500,550.0,97.6,60.0,75.0,15.0,0.0,0.0,0,60.0,360,358,0.0,12,14.028395061728395,16,0.8251189212196923,10.0,0.7407407407407408,0.3235564808797084,0.45379391414088577,0.4637943725376919,0.3477060525931168,0.5381182711020165,0.39053038511252114,1.1339370944369456,0.2495984351883801,0.1276761366839417,3.0137352586141426,94.6847960444994,0.03052879065533932,0.04883205630088059,60.0,0.0,60.0,75.0,15.0,0.0,function_parameter,estimator_start_min,start_min,0.0
PHASE_000,0.0,1,170501,550.0,97.6,60.0,75.0,15.0,55.0,55.0,330,5.0,30,29,0.0,12,14.028395061728395,16,0.8251189168891157,10.0,0.9876543209876543,,,3.0789647551888013,0.4474713660476213,5.605678971412326,0.9467149258102384,8.070382742602233,0.5823962992986421,0.24131701672581654,3.060627768337457,94.79166666666666,0.10057850950414696,0.1819363643684628,5.0,55.0,60.0,75.0,15.0,0.0,function_parameter,estimator_start_min,start_min,55.0
PHASE_000,0.0,1,170501,550.0,97.6,60.0,75.0,15.0,45.0,45.0,270,15.0,90,89,0.0,12,14.028395061728395,16,0.8251189168891157,10.0,0.9876543209876543,14.942978310038644,,0.49361119474508836,0.2785334493809854,1.0797858780641945,0.6738734895318211,5.6822739664967585,0.5242353288443096,0.3440175987652856,3.1054469359116745,93.33333333333333,0.10057850950414696,0.1819363643684628,15.0,45.0,60.0,75.0,15.0,0.0,function_parameter,estimator_start_min,start_min,45.0
PHASE_000,0.0,1,170501,550.0,97.6,60.0,75.0,15.0,30.0,30.0,180,30.0,180,179,0.0,12,14.028395061728395,16,0.8251189168891157,10.0,0.9876543209876543,0.5782099494227138,,0.31501618712873536,0.2663266887675791,0.5032352475282257,0.5621557719106726,2.666268255553883,0.43890654509027305,0.28657494463710104,3.07618700972362,93.65079365079364,0.10057850950414696,0.1819363643684628,30.0,30.0,60.0,75.0,15.0,0.0,function_parameter,estimator_start_min,start_min,30.0
PHASE_000,0.0,1,170501,550.0,97.6,60.0,75.0,15.0,15.0,15.0,90,45.0,270,269,0.0,12,14.028395061728395,16,0.8251189168891157,10.0,0.9876543209876543,0.36016012411514337,,0.7784484680449371,0.3308236455203224,1.39809248720812,0.46135410237803176,1.6204420116316498,0.4535972813901141,0.2713269964235707,3.0548056976866103,93.75,0.10057850950414696,0.1819363643684628,45.0,15.0,60.0,75.0,15.0,0.0,function_parameter,estimator_start_min,start_min,15.0
PHASE_000,0.0,1,170501,550.0,97.6,60.0,75.0,15.0,0.0,0.0,0,60.0,360,359,0.0,12,14.028395061728395,16,0.8251189168891157,10.0,0.9876543209876543,0.5632437873539553,0.5660706395658499,0.7423468513454619,0.49017978746334656,1.0783339562711673,0.3894732123752571,1.1320242085156846,0.40980213298335705,0.27194296612586305,3.0287189646809654,94.07407407407408,0.10057850950414696,0.1819363643684628,60.0,0.0,60.0,75.0,15.0,0.0,function_parameter,estimator_start_min,start_min,0.0
PHASE_000,0.0,2,170502,550.0,97.6,60.0,75.0,15.0,55.0,55.0,330,5.0,30,29,0.0,12,14.028395061728395,16,0.8251189189081358,10.0,0.49382716049382713,,,5.482817819595434,1.6297893782027868,8.728179221358856,0.946714935954556,8.070422985551803,0.6866601513022687,0.6905896648825234,3.05268942732793,93.54166666666667,0.050453489299565224,0.07787402022023465,5.0,55.0,60.0,75.0,15.0,0.0,function_parameter,estimator_start_min,start_min,55.0
PHASE_000,0.0,2,170502,550.0,97.6,60.0,75.0,15.0,45.0,45.0,270,15.0,90,89,0.0,12,14.028395061728395,16,0.8251189189081358,10.0,0.49382716049382713,14.93816261199094,,4.323808898361083,1.1987550169269303,7.270430804679632,0.6738531655875614,5.682316680011351,0.745067606898528,0.5464608054593568,3.086262609112783,93.14814814814815,0.050453489299565224,0.07787402022023465,15.0,45.0,60.0,75.0,15.0,0.0,function_parameter,estimator_start_min,start_min,45.0
PHASE_000,0.0,2,170502,550.0,97.6,60.0,75.0,15.0,30.0,30.0,180,30.0,180,179,0.0,12,14.028395061728395,16,0.8251189189081358,10.0,0.49382716049382713,0.5339632719901152,,2.742890104768145,0.8990237800622191,4.715225367316203,0.5620843858551321,2.6652000368993938,0.7883094734499492,0.49171675348217625,3.0671813188299746,93.65079365079364,0.050453489299565224,0.07787402022023465,30.0,30.0,60.0,75.0,15.0,0.0,function_parameter,estimator_start_min,start_min,30.0
PHASE_000,0.0,2,170502,550.0,97.6,60.0,75.0,15.0,15.0,15.0,90,45.0,270,269,0.0,12,14.028395061728395,16,0.8251189189081358,10.0,0.49382716049382713,0.6220852386397117,,1.9238369055441003,0.752016894309105,3.1880031748040545,0.4613171126734333,1.6202492200116867,0.6303914347767685,0.45882499256447346,3.0410315255216824,93.88888888888889,0.050453489299565224,0.07787402022023465,45.0,15.0,60.0,75.0,15.0,0.0,function_parameter,estimator_start_min,start_min,15.0
PHASE_000,0.0,2,170502,550.0,97.6,60.0,75.0,15.0,0.0,0.0,0,60.0,360,359,0.0,12,14.028395061728395,16,0.8251189189081358,10.0,0.49382716049382713,0.5326219636799753,0.6355583837256009,1.4772555544496753,0.6674027924723631,2.3289854946460693,0.38939869640734287,1.1319433852058005,0.5357077777162925,0.4658217353990863,3.0129808550571666,94.69135802469137,0.050453489299565224,0.07787402022023465,60.0,0.0,60.0,75.0,15.0,0.0,function_parameter,estimator_start_min,start_min,0.0
PHASE_000,0.0,3,170503,550.0,97.6,60.0,75.0,15.0,55.0,55.0,330,5.0,30,29,0.0,12,14.028395061728395,16,0.8251189093167984,10.0,0.9876543209876543,,,3.727777684893009,1.026000581977337,6.564700037902452,0.9467683318709097,8.070736371767483,0.6316580829829749,0.09083957618131273,2.918298243892939,94.79166666666666,0.12782153827332332,0.1571452738491467,5.0,55.0,60.0,75.0,15.0,0.0,function_parameter,estimator_start_min,start_min,55.0
PHASE_000,0.0,3,170503,550.0,97.6,60.0,75.0,15.0,45.0,45.0,270,15.0,90,89,0.0,12,14.028395061728395,16,0.8251189093167984,10.0,0.9876543209876543,14.93057300043645,,2.9349682573768066,0.8876099115784505,5.086441164576544,0.6741231086632344,5.685324927423561,0.5750659637248012,0.14954109703337617,2.8763618191551807,95.18518518518519,0.12782153827332332,0.1571452738491467,15.0,45.0,60.0,75.0,15.0,0.0,function_parameter,estimator_start_min,start_min,45.0
PHASE_000,0.0,3,170503,550.0,97.6,60.0,75.0,15.0,30.0,30.0,180,30.0,180,179,0.0,12,14.028395061728395,16,0.8251189093167984,10.0,0.9876543209876543,0.59618341068171,,1.2648827951300017,0.42648114643296126,2.271223702475866,0.562446892173123,2.666390698835746,0.6290533189542258,0.15139570734617946,2.877641168889481,95.87301587301587,0.12782153827332332,0.1571452738491467,30.0,30.0,60.0,75.0,15.0,0.0,function_parameter,estimator_start_min,start_min,30.0
PHASE_000,0.0,3,170503,550.0,97.6,60.0,75.0,15.0,15.0,15.0,90,45.0,270,269,0.0,12,14.028395061728395,16,0.8251189093167984,10.0,0.9876543209876543,0.5096378109049426,,0.9565783427349812,0.39919448192273005,1.5800290944897855,0.46171249397703357,1.621310393727482,0.5214164557685572,0.16547071774348898,2.856079647361986,95.55555555555556,0.12782153827332332,0.1571452738491467,45.0,15.0,60.0,75.0,15.0,0.0,function_parameter,estimator_start_min,start_min,15.0
PHASE_000,0.0,3,170503,550.0,97.6,60.0,75.0,15.0,0.0,0.0,0,60.0,360,359,0.0,12,14.028395061728395,16,0.8251189093167984,10.0,0.9876543209876543,0.471242618237568,0.5293393334634445,0.49816432124722015,0.3679157142231851,0.6375925682479234,0.389714798882171,1.1325185101181752,0.37399755660681766,0.17321826966186393,2.8676896213349816,96.04938271604938,0.12782153827332332,0.1571452738491467,60.0,0.0,60.0,75.0,15.0,0.0,function_parameter,estimator_start_min,start_min,0.0
PHASE_000,0.0,4,170504,550.0,97.6,60.0,75.0,15.0,55.0,55.0,330,5.0,30,29,0.0,12,14.028395061728395,16,0.8251189279561645,10.0,1.728395061728395,,,7.449967580620213,1.9944730816192013,13.13938365414069,0.9475006093536891,8.084499226760165,0.6899086890911276,0.6890051102773956,3.1301733718035276,95.625,0.038270197846879135,0.04292328703683627,5.0,55.0,60.0,75.0,15.0,0.0,function_parameter,estimator_start_min,start_min,55.0
PHASE_000,0.0,4,170504,550.0,97.6,60.0,75.0,15.0,45.0,45.0,270,15.0,90,89,0.0,12,14.028395061728395,16,0.8251189279561645,10.0,1.728395061728395,14.943061769553063,,4.528906381117831,1.3756637144050834,8.127488961156367,0.6739471472669682,5.682376934348672,0.6167525324803949,0.4754073274130041,3.188310001795503,95.55555555555556,0.038270197846879135,0.04292328703683627,15.0,45.0,60.0,75.0,15.0,0.0,function_parameter,estimator_start_min,start_min,45.0
PHASE_000,0.0,4,170504,550.0,97.6,60.0,75.0,15.0,30.0,30.0,180,30.0,180,179,0.0,12,14.028395061728395,16,0.8251189279561645,10.0,1.728395061728395,0.690533254211815,,3.274137979189658,1.1735414272676292,5.687788005584931,0.5622775966615032,2.6659075224303335,0.5765635460852511,0.395273665206753,3.1895866656578393,95.23809523809523,0.038270197846879135,0.04292328703683627,30.0,30.0,60.0,75.0,15.0,0.0,function_parameter,estimator_start_min,start_min,30.0
PHASE_000,0.0,4,170504,550.0,97.6,60.0,75.0,15.0,15.0,15.0,90,45.0,270,269,0.0,12,14.028395061728395,16,0.8251189279561645,10.0,1.728395061728395,0.45462208210012156,,1.4526380129519294,0.7762483670006033,2.2339820073252605,0.46164467371633056,1.6222655215593145,0.48667316088045154,0.32739909926011734,3.195715368865891,94.86111111111111,0.038270197846879135,0.04292328703683627,45.0,15.0,60.0,75.0,15.0,0.0,function_parameter,estimator_start_min,start_min,15.0
PHASE_000,0.0,4,170504,550.0,97.6,60.0,75.0,15.0,0.0,0.0,0,60.0,360,359,0.0,12,14.028395061728395,16,0.8251189279561645,10.0,1.728395061728395,0.39763183149922954,0.6099436885418211,1.3390922194977928,0.7019683896073009,2.0632168466218497,0.38952994947912467,1.1322484983475551,0.48455287928653884,0.3313358594867182,3.19007480720807,94.81481481481482,0.038270197846879135,0.04292328703683627,60.0,0.0,60.0,75.0,15.0,0.0,function_parameter,estimator_start_min,start_min,0.0
PHASE_000,0.0,5,170505,550.0,97.6,60.0,75.0,15.0,55.0,55.0,330,5.0,30,29,0.0,12,14.028395061728395,16,0.8251189286526261,10.0,1.3580246913580247,,,4.022206276047543,0.8351353696203385,6.595546482752476,0.946714933391833,8.070505083994012,0.9137052885598006,0.16321492424083797,2.961189126132945,95.20833333333333,0.04526742985053748,0.060911692189511014,5.0,55.0,60.0,75.0,15.0,0.0,function_parameter,estimator_start_min,start_min,55.0
PHASE_000,0.0,5,170505,550.0,97.6,60.0,75.0,15.0,45.0,45.0,270,15.0,90,89,0.0,12,14.028395061728395,16,0.8251189286526261,10.0,1.3580246913580247,14.95416904082747,,1.4074716170902921,0.22219412250249776,2.7318507986715757,0.6738561503449788,5.68521368522119,0.7990074549528737,0.15566463259191204,3.0096836795172184,95.37037037037037,0.04526742985053748,0.060911692189511014,15.0,45.0,60.0,75.0,15.0,0.0,function_parameter,estimator_start_min,start_min,45.0
PHASE_000,0.0,5,170505,550.0,97.6,60.0,75.0,15.0,30.0,30.0,180,30.0,180,179,0.0,12,14.028395061728395,16,0.8251189286526261,10.0,1.3580246913580247,0.5618494106975945,,0.7093113135482386,0.3114111859867467,1.0929135671673713,0.5621872114515694,2.666884884473509,0.5901996186431333,0.15286716051722493,3.0369073946149463,95.07936507936508,0.04526742985053748,0.060911692189511014,30.0,30.0,60.0,75.0,15.0,0.0,function_parameter,estimator_start_min,start_min,30.0
PHASE_000,0.0,5,170505,550.0,97.6,60.0,75.0,15.0,15.0,15.0,90,45.0,270,269,0.0,12,14.028395061728395,16,0.8251189286526261,10.0,1.3580246913580247,0.5473008210481409,,0.48237372869775247,0.36712469506292056,0.5826887475431222,0.4613983413994046,1.6211186433693041,0.5503877307595699,0.19940283453230154,3.00930726257839,95.97222222222223,0.04526742985053748,0.060911692189511014,45.0,15.0,60.0,75.0,15.0,0.0,function_parameter,estimator_start_min,start_min,15.0
PHASE_000,0.0,5,170505,550.0,97.6,60.0,75.0,15.0,0.0,0.0,0,60.0,360,359,0.0,12,14.028395061728395,16,0.8251189286526261,10.0,1.3580246913580247,0.5098566476378789,0.492480774477928,0.8999412055333583,0.4759341255645243,1.3158203448188541,0.389425040792733,1.1320522437141676,0.4490878719027236,0.18041376737052534,2.9998465225601008,96.54320987654322,0.04526742985053748,0.060911692189511014,60.0,0.0,60.0,75.0,15.0,0.0,function_parameter,estimator_start_min,start_min,0.0
PHASE_000,0.0,6,170506,550.0,97.6,60.0,75.0,15.0,55.0,55.0,330,5.0,30,29,0.0,12,14.028395061728395,16,0.8251189207572628,10.0,0.9876543209876543,,,4.82997630215871,1.2954872607337928,7.592004079508828,0.9467149457851287,8.070312034080318,0.9764659791442953,0.2119893821665664,2.8997808415847213,96.04166666666667,0.04006728949490621,0.057881335504846684,5.0,55.0,60.0,75.0,15.0,0.0,function_parameter,estimator_start_min,start_min,55.0
PHASE_000,0.0,6,170506,550.0,97.6,60.0,75.0,15.0,45.0,45.0,270,15.0,90,89,0.0,12,14.028395061728395,16,0.8251189207572628,10.0,0.9876543209876543,14.931380832612453,,2.12753574674673,0.6840305173881722,3.7121375087419017,0.6738565866023586,5.682130664695093,0.9121914506656833,0.22008021496325497,2.865292116884729,95.18518518518519,0.04006728949490621,0.057881335504846684,15.0,45.0,60.0,75.0,15.0,0.0,function_parameter,estimator_start_min,start_min,45.0
PHASE_000,0.0,6,170506,550.0,97.6,60.0,75.0,15.0,30.0,30.0,180,30.0,180,179,0.0,12,14.028395061728395,16,0.8251189207572628,10.0,0.9876543209876543,0.5588753377756428,,2.110431103675259,0.7444904328682185,3.3447927332502148,0.5621296835394092,2.6658734510965187,0.9813934380495949,0.20891832351435127,2.9035149352913963,95.87301587301587,0.04006728949490621,0.057881335504846684,30.0,30.0,60.0,75.0,15.0,0.0,function_parameter,estimator_start_min,start_min,30.0
PHASE_000,0.0,6,170506,550.0,97.6,60.0,75.0,15.0,15.0,15.0,90,45.0,270,269,0.0,12,14.028395061728395,16,0.8251189207572628,10.0,0.9876543209876543,0.6391024884204102,,2.171560538805541,0.7906015545079972,3.7170222552457237,0.4613091253678293,1.6202685121283955,0.6575640656441949,0.14160173113098204,2.899673994348128,95.55555555555556,0.04006728949490621,0.057881335504846684,45.0,15.0,60.0,75.0,15.0,0.0,function_parameter,estimator_start_min,start_min,15.0
PHASE_000,0.0,6,170506,550.0,97.6,60.0,75.0,15.0,0.0,0.0,0,60.0,360,359,0.0,12,14.028395061728395,16,0.8251189207572628,10.0,0.9876543209876543,0.4312347259279531,0.5299620384778089,0.6101819041314452,0.3028839159960321,0.9675990963126462,0.38938627977052487,1.131708949304249,0.4919209338779087,0.14212796692534535,2.9172015890459035,95.92592592592592,0.04006728949490621,0.057881335504846684,60.0,0.0,60.0,75.0,15.0,0.0,function_parameter,estimator_start_min,start_min,0.0
PHASE_000,0.0,7,170507,550.0,97.6,60.0,75.0,15.0,55.0,55.0,330,5.0,30,29,0.0,12,14.028395061728395,16,0.8251189248652924,10.0,0.9876543209876543,,,2.3156397195504232,0.6619332500549361,3.4732555817475292,0.9467149269966885,8.070458468567153,0.7054200390464734,0.06095808902755621,2.884440352492015,95.41666666666667,0.02921681911170809,0.03771409899175989,5.0,55.0,60.0,75.0,15.0,0.0,function_parameter,estimator_start_min,start_min,55.0
PHASE_000,0.0,7,170507,550.0,97.6,60.0,75.0,15.0,45.0,45.0,270,15.0,90,88,0.0,12,14.028395061728395,16,0.8251189248652924,10.0,0.9876543209876543,14.929153078026477,,0.6408514186893799,0.35349883980695485,1.070411901278186,0.6742515531298103,5.691690472950231,0.6964319252617379,0.11986846071968871,2.9335412702032335,95.73283858998145,0.02921681911170809,0.03771409899175989,15.0,45.0,60.0,75.0,15.0,0.0,function_parameter,estimator_start_min,start_min,45.0
PHASE_000,0.0,7,170507,550.0,97.6,60.0,75.0,15.0,30.0,30.0,180,30.0,180,178,0.0,12,14.028395061728395,16,0.8251189248652924,10.0,0.9876543209876543,0.4688156551528203,,0.8526768703567257,0.4435474854572436,1.3274717927115682,0.5621945632437616,2.667831721900453,0.634126513624991,0.18744232516961534,3.0068863690279737,94.75357710651828,0.02921681911170809,0.03771409899175989,30.0,30.0,60.0,75.0,15.0,0.0,function_parameter,estimator_start_min,start_min,30.0
PHASE_000,0.0,7,170507,550.0,97.6,60.0,75.0,15.0,15.0,15.0,90,45.0,270,268,0.0,12,14.028395061728395,16,0.8251189248652924,10.0,0.9876543209876543,0.5160906560626306,,1.9355098193833251,0.658207139635445,3.3310525793666756,0.4618922455281709,1.6212312574477339,0.6287516228871036,0.12839347485250108,2.9633654601238972,94.99304589707927,0.02921681911170809,0.03771409899175989,45.0,15.0,60.0,75.0,15.0,0.0,function_parameter,estimator_start_min,start_min,15.0
PHASE_000,0.0,7,170507,550.0,97.6,60.0,75.0,15.0,0.0,0.0,0,60.0,360,358,0.0,12,14.028395061728395,16,0.8251189248652924,10.0,0.9876543209876543,0.3973101511186936,0.4198953363284971,0.3888678257662645,0.24732125535479274,0.5009143893538793,0.3902350194902556,1.1332980194636868,0.25437987218536273,0.14606252066452668,3.0262689095183535,95.17923362175526,0.02921681911170809,0.03771409899175989,60.0,0.0,60.0,75.0,15.0,0.0,function_parameter,estimator_start_min,start_min,0.0
