phase_name,initial_true_anomaly_deg,replicate_index,scenario_seed,altitude_km,inclination_deg,dual_outage_start_min,dual_outage_end_min,dual_outage_duration_min,navigation_estimator_requested_start_min,navigation_estimator_start_min,navigation_estimator_start_index,navigation_estimator_age_at_outage_min,navigation_estimator_active_pre_outage_epochs,navigation_estimator_updates_before_outage,time_sync_error_s,natural_visible_satellites_min,natural_visible_satellites_mean,pre_outage_satellites,pre_outage_pdop,pre_outage_update_age_s,healthy_false_alarm_rate,pre_outage_rmse_m,mission_rmse_m,outage_rmse_m,outage_start_error_m,outage_end_error_m,outage_start_sigma_m,outage_end_sigma_m,post_recovery_rmse_m,final_error_m,navigation_nis_mean,navigation_nis_coverage_percent,attitude_outage_rmse_deg,attitude_end_outage_deg,experiment_estimator_age_min,experiment_estimator_start_min,experiment_outage_start_min,experiment_outage_duration_min,experiment_outage_end_min,experiment_post_recovery_end_min,fixed_initial_true_anomaly_deg
PHASE_000,0.0,0,170700,550.0,97.6,60.0,75.0,15.0,55.0,55.0,330,5.0,30,28,0.0,12,14.028395061728395,16,0.8248442988835726,20.0,0.9876543209876543,,,2.502441066173895,0.6751416963780119,4.4485018997042385,1.01585530855128,8.430446736106276,0.8653384235994827,0.16374698156388756,2.954219512646206,97.91231732776617,0.057217121215931754,0.05298759816278323,5.0,55.0,60.0,15.0,75.0,90.0,0.0
PHASE_000,0.0,0,170700,550.0,97.6,60.0,75.0,15.0,30.0,30.0,180,30.0,180,178,0.0,12,14.028395061728395,16,0.8248442988835726,20.0,0.9876543209876543,0.49299446410219694,,1.1734060300336684,0.4611828488980288,1.952465609301252,0.5765596017175358,2.7215440229162775,0.6848325784797664,0.23358314372385403,3.0202330880965578,97.2972972972973,0.057217121215931754,0.05298759816278323,30.0,30.0,60.0,15.0,75.0,90.0,0.0
PHASE_000,0.0,0,170700,550.0,97.6,60.0,75.0,15.0,0.0,0.0,0,60.0,360,358,0.0,12,14.028395061728395,16,0.8248442988835726,20.0,0.9876543209876543,0.3564171793291578,0.47480678574281365,0.3520793241413776,0.303781884390885,0.3981585824434665,0.3946781049184054,1.1462128404715388,0.5964225159876992,0.27726735854770596,2.9084528472245434,97.03337453646476,0.057217121215931754,0.05298759816278323,60.0,0.0,60.0,15.0,75.0,90.0,0.0
PHASE_000,0.0,0,170700,550.0,97.6,60.0,90.0,30.0,55.0,55.0,330,5.0,30,28,0.0,12,13.9375,16,0.8248442988835726,20.0,0.9722222222222222,,,5.8662777816171525,0.6751416963780119,10.876286022422807,1.01585530855128,24.849238093503807,0.8079918192939678,0.18539993214929879,3.077826887455159,94.34447300771208,0.10771447117632496,0.17580881733594036,5.0,55.0,60.0,30.0,90.0,105.0,0.0
PHASE_000,0.0,0,170700,550.0,97.6,60.0,90.0,30.0,30.0,30.0,180,30.0,180,178,0.0,12,13.9375,16,0.8248442988835726,20.0,0.9722222222222222,0.49299446410219694,,2.7675317689296746,0.4611828488980288,5.653464323652316,0.5765596017175358,7.563244170798744,0.7155736923189133,0.10788814517198213,3.1254519775226015,94.8051948051948,0.10771447117632496,0.17580881733594036,30.0,30.0,60.0,30.0,90.0,105.0,0.0
PHASE_000,0.0,0,170700,550.0,97.6,60.0,90.0,30.0,0.0,0.0,0,60.0,360,358,0.0,12,13.9375,16,0.8248442988835726,20.0,0.9722222222222222,0.3564171793291578,0.4946316980691532,0.46647526178204424,0.303781884390885,0.8069558688370732,0.3946781049184054,2.6565847108863823,0.5743624369348969,0.136689910270786,2.9726985147978886,95.13212795549374,0.10771447117632496,0.17580881733594036,60.0,0.0,60.0,30.0,90.0,105.0,0.0
PHASE_000,0.0,1,170701,550.0,97.6,60.0,75.0,15.0,55.0,55.0,330,5.0,30,29,0.0,12,14.028395061728395,16,0.8251189301909205,10.0,0.6172839506172839,,,2.944692330798186,0.8357180570888567,4.294036361770587,0.9467149256907624,8.070544337301998,0.7832757216160868,0.1858053954612808,3.1299696507401293,94.79166666666666,0.11217393944282637,0.1247342549410725,5.0,55.0,60.0,15.0,75.0,90.0,0.0
PHASE_000,0.0,1,170701,550.0,97.6,60.0,75.0,15.0,30.0,30.0,180,30.0,180,179,0.0,12,14.028395061728395,16,0.8251189301909205,10.0,0.6172839506172839,0.5324036210415319,,1.937492841809128,0.48186056595070037,3.383411457178074,0.5620907578419594,2.665327785253582,0.8012465186168158,0.30061334117875926,2.944717962850444,95.23809523809523,0.11217393944282637,0.1247342549410725,30.0,30.0,60.0,15.0,75.0,90.0,0.0
PHASE_000,0.0,1,170701,550.0,97.6,60.0,75.0,15.0,0.0,0.0,0,60.0,360,359,0.0,12,14.028395061728395,16,0.8251189301909205,10.0,0.6172839506172839,0.5219304931631465,0.4235229171401397,0.21361998784493427,0.0400950440203635,0.38752987206654826,0.3893980206619124,1.1319033147240005,0.5261946936633026,0.2568952021571918,2.9747232274995565,95.55555555555556,0.11217393944282637,0.1247342549410725,60.0,0.0,60.0,15.0,75.0,90.0,0.0
PHASE_000,0.0,1,170701,550.0,97.6,60.0,90.0,30.0,55.0,55.0,330,5.0,30,29,0.0,12,13.9375,16,0.8251189301909205,10.0,0.9722222222222222,,,3.9092144510885314,0.8357180570888567,4.418979777961446,0.9467149256907624,24.08817138471035,0.7681808647417772,0.2794674760516119,3.071305766870594,96.15384615384616,0.12233393664501249,0.13939873945327605,5.0,55.0,60.0,30.0,90.0,105.0,0.0
PHASE_000,0.0,1,170701,550.0,97.6,60.0,90.0,30.0,30.0,30.0,180,30.0,180,179,0.0,12,13.9375,16,0.8251189301909205,10.0,0.9722222222222222,0.5324036210415319,,4.454923291426088,0.48186056595070037,8.43522586718183,0.5620907578419594,7.420554882808642,0.4935337173371626,0.1967038138969509,2.8829757341667572,97.22222222222221,0.12233393664501249,0.13939873945327605,30.0,30.0,60.0,30.0,90.0,105.0,0.0
PHASE_000,0.0,1,170701,550.0,97.6,60.0,90.0,30.0,0.0,0.0,0,60.0,360,359,0.0,12,13.9375,16,0.8251189301909205,10.0,0.9722222222222222,0.5219304931631465,0.4366956790908225,0.5159331476987854,0.0400950440203635,0.9668087994746078,0.3893980206619124,2.6278404096297248,0.3299044923417605,0.1996423815974535,2.9307528827153893,96.25,0.12233393664501249,0.13939873945327605,60.0,0.0,60.0,30.0,90.0,105.0,0.0
PHASE_000,0.0,2,170702,550.0,97.6,60.0,75.0,15.0,55.0,55.0,330,5.0,30,29,0.0,12,14.028395061728395,16,0.8251189110544789,10.0,1.1111111111111112,,,3.4696906689923837,0.979703289544961,5.846036740216364,0.9467149267222275,8.070429630831685,0.7472272526312737,0.20920435087988853,2.849889772333713,94.58333333333333,0.04816936819732261,0.10273853115955461,5.0,55.0,60.0,15.0,75.0,90.0,0.0
PHASE_000,0.0,2,170702,550.0,97.6,60.0,75.0,15.0,30.0,30.0,180,30.0,180,179,0.0,12,14.028395061728395,16,0.8251189110544789,10.0,1.1111111111111112,0.41980620844545863,,0.4001087232110388,0.29744630516279924,0.5087903059293802,0.5621431054470414,2.666048012142821,0.5207528067959538,0.2929694411796818,2.835406799552588,95.3968253968254,0.04816936819732261,0.10273853115955461,30.0,30.0,60.0,15.0,75.0,90.0,0.0
PHASE_000,0.0,2,170702,550.0,97.6,60.0,75.0,15.0,0.0,0.0,0,60.0,360,359,0.0,12,14.028395061728395,16,0.8251189110544789,10.0,1.1111111111111112,0.23462792451177025,0.4611913177480809,0.7129225848033011,0.26731167161466135,1.2010965268780118,0.38941179929844494,1.131954979908944,0.3966894409028553,0.2318020822009097,2.8884208287570097,95.92592592592592,0.04816936819732261,0.10273853115955461,60.0,0.0,60.0,15.0,75.0,90.0,0.0
PHASE_000,0.0,2,170702,550.0,97.6,60.0,90.0,30.0,55.0,55.0,330,5.0,30,29,0.0,12,13.9375,16,0.8251189110544789,10.0,1.3888888888888888,,,9.627056256841977,0.979703289544961,21.441650566437012,0.9467149267222275,24.089337335131823,0.951777546937374,0.5308495996733478,2.866271996546697,94.61538461538461,0.10097360058726773,0.15135115921789336,5.0,55.0,60.0,30.0,90.0,105.0,0.0
PHASE_000,0.0,2,170702,550.0,97.6,60.0,90.0,30.0,30.0,30.0,180,30.0,180,179,0.0,12,13.9375,16,0.8251189110544789,10.0,1.3888888888888888,0.41980620844545863,,0.5885704321656167,0.29744630516279924,1.0029081430254625,0.5621431054470414,7.423811523019917,0.7572739627824121,0.34637115606146535,2.8497422356609974,93.7037037037037,0.10097360058726773,0.15135115921789336,30.0,30.0,60.0,30.0,90.0,105.0,0.0
PHASE_000,0.0,2,170702,550.0,97.6,60.0,90.0,30.0,0.0,0.0,0,60.0,360,359,0.0,12,13.9375,16,0.8251189110544789,10.0,1.3888888888888888,0.23462792451177025,0.8235658056902736,1.556521286835341,0.26731167161466135,2.925921195171077,0.38941179929844494,2.62829483835287,0.55803123176995,0.36328008362460645,2.9012937931330134,94.86111111111111,0.10097360058726773,0.15135115921789336,60.0,0.0,60.0,30.0,90.0,105.0,0.0
PHASE_000,0.0,3,170703,550.0,97.6,60.0,75.0,15.0,55.0,55.0,330,5.0,30,29,0.0,12,14.028395061728395,16,0.8251189326647966,10.0,0.6172839506172839,,,2.7487300664148093,0.9697673574730299,4.5260210263532885,0.9467149334002329,8.070422782570628,1.1726149097559817,0.0712841788852017,2.9572787721267764,96.04166666666667,0.056113645091776417,0.08503218034243308,5.0,55.0,60.0,15.0,75.0,90.0,0.0
PHASE_000,0.0,3,170703,550.0,97.6,60.0,75.0,15.0,30.0,30.0,180,30.0,180,179,0.0,12,14.028395061728395,16,0.8251189326647966,10.0,0.6172839506172839,0.33036039669028355,,0.4711318462392227,0.46958954716098644,0.3866917032418836,0.5621699359423546,2.666324676759113,0.8585349171953606,0.03461559870520951,2.9093031678855628,96.82539682539682,0.056113645091776417,0.08503218034243308,30.0,30.0,60.0,15.0,75.0,90.0,0.0
PHASE_000,0.0,3,170703,550.0,97.6,60.0,75.0,15.0,0.0,0.0,0,60.0,360,359,0.0,12,14.028395061728395,16,0.8251189326647966,10.0,0.6172839506172839,0.3735246513704527,0.4317020467415741,0.6026183414662365,0.48464918012366154,0.6546161835433062,0.3893965771372556,1.1317616987697305,0.6115829101305617,0.11104669170684427,2.9448716346262116,95.55555555555556,0.056113645091776417,0.08503218034243308,60.0,0.0,60.0,15.0,75.0,90.0,0.0
PHASE_000,0.0,3,170703,550.0,97.6,60.0,90.0,30.0,55.0,55.0,330,5.0,30,29,0.0,12,13.9375,16,0.8251189326647966,10.0,0.6944444444444444,,,5.704047484795086,0.9697673574730299,10.334201478756386,0.9467149334002329,24.088249792269895,0.9430726249981386,0.42541021872962304,2.8450541810719048,94.1025641025641,0.09004307793104617,0.13955457144142483,5.0,55.0,60.0,30.0,90.0,105.0,0.0
PHASE_000,0.0,3,170703,550.0,97.6,60.0,90.0,30.0,30.0,30.0,180,30.0,180,179,0.0,12,13.9375,16,0.8251189326647966,10.0,0.6944444444444444,0.33036039669028355,,0.38931778791248606,0.46958954716098644,0.36058651363515276,0.5621699359423546,7.422625890696338,0.6865369124979179,0.4476967882905403,2.8236131471523516,96.66666666666667,0.09004307793104617,0.13955457144142483,30.0,30.0,60.0,30.0,90.0,105.0,0.0
PHASE_000,0.0,3,170703,550.0,97.6,60.0,90.0,30.0,0.0,0.0,0,60.0,360,359,0.0,12,13.9375,16,0.8251189326647966,10.0,0.6944444444444444,0.3735246513704527,0.4770306211701195,0.5893004629576827,0.48464918012366154,0.4598429687708561,0.3893965771372556,2.627526455518957,0.5263805202501454,0.4854202619382445,2.8825589330879122,95.27777777777777,0.09004307793104617,0.13955457144142483,60.0,0.0,60.0,30.0,90.0,105.0,0.0
PHASE_000,0.0,4,170704,550.0,97.6,60.0,75.0,15.0,55.0,55.0,330,5.0,30,29,0.0,12,14.028395061728395,16,0.8251188981946305,10.0,0.8641975308641975,,,3.633468174382866,0.9730025484692219,6.0307726856962205,0.949133536858618,8.07626341998785,0.6075567987734279,0.18983206829773924,2.98495198623735,96.875,0.05810318834295854,0.10963165521518309,5.0,55.0,60.0,15.0,75.0,90.0,0.0
PHASE_000,0.0,4,170704,550.0,97.6,60.0,75.0,15.0,30.0,30.0,180,30.0,180,179,0.0,12,14.028395061728395,16,0.8251188981946305,10.0,0.8641975308641975,0.9021464672901592,,2.0844517221218837,0.7587721236232715,3.2319898092677084,0.5629887355254275,2.668336757884507,0.6148181996389611,0.1274441381112062,3.0267332815801797,95.23809523809523,0.05810318834295854,0.10963165521518309,30.0,30.0,60.0,15.0,75.0,90.0,0.0
PHASE_000,0.0,4,170704,550.0,97.6,60.0,75.0,15.0,0.0,0.0,0,60.0,360,359,0.0,12,14.028395061728395,16,0.8251188981946305,10.0,0.8641975308641975,0.531680986779225,0.6214135083124048,0.9530057344832326,0.47544826381765937,1.5247789106915401,0.3899703549665605,1.133213840633306,0.5575525940828139,0.14273630749603256,3.0346819538970804,95.80246913580247,0.05810318834295854,0.10963165521518309,60.0,0.0,60.0,15.0,75.0,90.0,0.0
PHASE_000,0.0,4,170704,550.0,97.6,60.0,90.0,30.0,55.0,55.0,330,5.0,30,29,0.0,12,13.9375,16,0.8251188981946305,10.0,1.3888888888888888,,,9.394425804419988,0.9730025484692219,20.639211045323535,0.949133536858618,24.092762048687742,1.1121565957412227,0.5051879343739186,2.8862586796619336,96.41025641025641,0.09740801419208443,0.14964960789649043,5.0,55.0,60.0,30.0,90.0,105.0,0.0
PHASE_000,0.0,4,170704,550.0,97.6,60.0,90.0,30.0,30.0,30.0,180,30.0,180,179,0.0,12,13.9375,16,0.8251188981946305,10.0,1.3888888888888888,0.9021464672901592,,3.3687224125907655,0.7587721236232715,5.126611834721436,0.5629887355254275,7.424711864287567,0.7191022426090581,0.5300298225135622,2.960533278651024,94.62962962962963,0.09740801419208443,0.14964960789649043,30.0,30.0,60.0,30.0,90.0,105.0,0.0
PHASE_000,0.0,4,170704,550.0,97.6,60.0,90.0,30.0,0.0,0.0,0,60.0,360,359,0.0,12,13.9375,16,0.8251188981946305,10.0,1.3888888888888888,0.531680986779225,1.1202241541788838,2.076077951092747,0.47544826381765937,4.091473299279906,0.3899703549665605,2.629630297274063,0.7456875675091712,0.5079735058864241,2.9835563538783503,95.27777777777777,0.09740801419208443,0.14964960789649043,60.0,0.0,60.0,30.0,90.0,105.0,0.0
PHASE_000,0.0,5,170705,550.0,97.6,60.0,75.0,15.0,55.0,55.0,330,5.0,30,29,0.0,12,14.028395061728395,16,0.825118919521577,10.0,0.8641975308641975,,,1.4140637419331092,0.5015053153079024,2.3006851601994587,0.9499949808840916,8.08467749178086,0.7981507385000238,0.0723836216984114,3.0347670492055427,94.79166666666666,0.043906106236633845,0.045370252242024,5.0,55.0,60.0,15.0,75.0,90.0,0.0
PHASE_000,0.0,5,170705,550.0,97.6,60.0,75.0,15.0,30.0,30.0,180,30.0,180,179,0.0,12,14.028395061728395,16,0.825118919521577,10.0,0.8641975308641975,0.5683267780673558,,0.7746956180323246,0.37622299431330486,1.2514242707327334,0.5631864167668238,2.6684317022467927,0.49031376775355273,0.11370213442324126,2.979893097437409,94.44444444444444,0.043906106236633845,0.045370252242024,30.0,30.0,60.0,15.0,75.0,90.0,0.0
PHASE_000,0.0,5,170705,550.0,97.6,60.0,75.0,15.0,0.0,0.0,0,60.0,360,359,0.0,12,14.028395061728395,16,0.825118919521577,10.0,0.8641975308641975,0.33313758115271436,0.3949316426643723,0.4152000558978386,0.29575606189615716,0.5226789239964293,0.39029571268757635,1.1340621199410141,0.36416111950498564,0.0916003372266078,2.9851274052982655,93.33333333333333,0.043906106236633845,0.045370252242024,60.0,0.0,60.0,15.0,75.0,90.0,0.0
PHASE_000,0.0,5,170705,550.0,97.6,60.0,90.0,30.0,55.0,55.0,330,5.0,30,29,0.0,12,13.9375,16,0.825118919521577,10.0,0.5555555555555556,,,2.6153933683010884,0.5015053153079024,4.214491990093631,0.9499949808840916,24.098023969299255,0.5837128114183162,0.3725393785756844,2.9600385393462165,95.64102564102565,0.10396796195658907,0.19717232266916476,5.0,55.0,60.0,30.0,90.0,105.0,0.0
PHASE_000,0.0,5,170705,550.0,97.6,60.0,90.0,30.0,30.0,30.0,180,30.0,180,179,0.0,12,13.9375,16,0.825118919521577,10.0,0.5555555555555556,0.5683267780673558,,1.8216255931790775,0.37622299431330486,3.798091245631698,0.5631864167668238,7.425055603146307,0.5355037502753035,0.32283326005028506,2.9187181034294762,94.25925925925925,0.10396796195658907,0.19717232266916476,30.0,30.0,60.0,30.0,90.0,105.0,0.0
PHASE_000,0.0,5,170705,550.0,97.6,60.0,90.0,30.0,0.0,0.0,0,60.0,360,359,0.0,12,13.9375,16,0.825118919521577,10.0,0.5555555555555556,0.33313758115271436,0.4113950217644244,0.5363757747567109,0.29575606189615716,0.7080832105649743,0.39029571268757635,2.6312388668014415,0.3780562312119653,0.3209477455541226,2.943285313810572,92.63888888888889,0.10396796195658907,0.19717232266916476,60.0,0.0,60.0,30.0,90.0,105.0,0.0
PHASE_000,0.0,6,170706,550.0,97.6,60.0,75.0,15.0,55.0,55.0,330,5.0,30,29,0.0,12,14.028395061728395,16,0.8251189328319084,10.0,0.9876543209876543,,,2.863878548972954,1.1184560715609186,4.083917374927382,0.9467148981684889,8.07035142060521,0.5521616402241535,0.2878696547516394,2.9331885866709584,95.41666666666667,0.051991946187507916,0.07689697633091755,5.0,55.0,60.0,15.0,75.0,90.0,0.0
PHASE_000,0.0,6,170706,550.0,97.6,60.0,75.0,15.0,30.0,30.0,180,30.0,180,179,0.0,12,14.028395061728395,16,0.8251189328319084,10.0,0.9876543209876543,0.5918549501783226,,3.0000503554803823,0.9337789089542933,5.113335435717592,0.5620880084006835,2.6649975997617257,0.44249624104273877,0.35840217139923447,2.9192201009141376,95.3968253968254,0.051991946187507916,0.07689697633091755,30.0,30.0,60.0,15.0,75.0,90.0,0.0
PHASE_000,0.0,6,170706,550.0,97.6,60.0,75.0,15.0,0.0,0.0,0,60.0,360,359,0.0,12,14.028395061728395,16,0.8251189328319084,10.0,0.9876543209876543,0.46464930413317285,0.5104559659785182,0.6647691289718687,0.3860697307262573,0.9712773208650161,0.3893870055392363,1.1317170435774928,0.29652823039872345,0.34206894042089153,2.91049759500951,94.44444444444444,0.051991946187507916,0.07689697633091755,60.0,0.0,60.0,15.0,75.0,90.0,0.0
PHASE_000,0.0,6,170706,550.0,97.6,60.0,90.0,30.0,55.0,55.0,330,5.0,30,29,0.0,12,13.9375,16,0.8251189328319084,10.0,0.4166666666666667,,,3.794539084029221,1.1184560715609186,4.455086408947403,0.9467148981684889,24.08861341763518,0.7203672314543323,0.5275581864963774,2.827546446856827,94.35897435897435,0.08254075855377155,0.1026126308926769,5.0,55.0,60.0,30.0,90.0,105.0,0.0
PHASE_000,0.0,6,170706,550.0,97.6,60.0,90.0,30.0,30.0,30.0,180,30.0,180,179,0.0,12,13.9375,16,0.8251189328319084,10.0,0.4166666666666667,0.5918549501783226,,6.573327723530119,0.9337789089542933,12.224050158530982,0.5620880084006835,7.420060710366527,0.4915139641477944,0.2072668958636015,2.849439779998223,94.62962962962963,0.08254075855377155,0.1026126308926769,30.0,30.0,60.0,30.0,90.0,105.0,0.0
PHASE_000,0.0,6,170706,550.0,97.6,60.0,90.0,30.0,0.0,0.0,0,60.0,360,359,0.0,12,13.9375,16,0.8251189328319084,10.0,0.4166666666666667,0.46464930413317285,0.6884925431925153,1.1096710100476774,0.3860697307262573,1.8499592693897169,0.3893870055392363,2.62740366798017,0.35667948479484657,0.17992783424379885,2.856953531090308,94.16666666666667,0.08254075855377155,0.1026126308926769,60.0,0.0,60.0,30.0,90.0,105.0,0.0
PHASE_000,0.0,7,170707,550.0,97.6,60.0,75.0,15.0,55.0,55.0,330,5.0,30,29,0.0,12,14.028395061728395,16,0.8251189246626393,10.0,1.2345679012345678,,,2.6088260727505013,0.7750901813937564,3.9730981207200804,0.9472230609433104,8.078917827421256,0.5863305665211219,0.16569843277595803,2.8969346903959643,95.41666666666667,0.0955085483597484,0.1588580012905075,5.0,55.0,60.0,15.0,75.0,90.0,0.0
PHASE_000,0.0,7,170707,550.0,97.6,60.0,75.0,15.0,30.0,30.0,180,30.0,180,179,0.0,12,14.028395061728395,16,0.8251189246626393,10.0,1.2345679012345678,0.4387557364457536,,0.4836841312543385,0.3244482849555315,0.7536491961979533,0.5622021011913505,2.6656013624748534,0.3912901821688009,0.1826484393597824,2.8757223470352895,95.23809523809523,0.0955085483597484,0.1588580012905075,30.0,30.0,60.0,15.0,75.0,90.0,0.0
PHASE_000,0.0,7,170707,550.0,97.6,60.0,75.0,15.0,0.0,0.0,0,60.0,360,359,0.0,12,14.028395061728395,16,0.8251189246626393,10.0,1.2345679012345678,0.3826078134300621,0.5314430780656482,0.8775813210391622,0.5003892415815,1.1906131377653277,0.3894667991397933,1.1320189811163814,0.4063730246343264,0.20397128368729314,2.911932183430257,94.19753086419753,0.0955085483597484,0.1588580012905075,60.0,0.0,60.0,15.0,75.0,90.0,0.0
PHASE_000,0.0,7,170707,550.0,97.6,60.0,90.0,30.0,55.0,55.0,330,5.0,30,29,0.0,12,13.9375,16,0.8251189246626393,10.0,1.25,,,4.425565767759346,0.7750901813937564,7.47355953129786,0.9472230609433104,24.116777395621128,0.7605184055161323,0.22357930700352266,2.7338777991939165,96.40102827763496,0.11886652820276482,0.11679443260697807,5.0,55.0,60.0,30.0,90.0,105.0,0.0
PHASE_000,0.0,7,170707,550.0,97.6,60.0,90.0,30.0,30.0,30.0,180,30.0,180,179,0.0,12,13.9375,16,0.8251189246626393,10.0,1.25,0.4387557364457536,,1.0290267283570291,0.3244482849555315,2.032709520975528,0.5622021011913505,7.422047841526114,0.4363337443849313,0.29539257538733876,2.7571048363624686,95.36178107606679,0.11886652820276482,0.11679443260697807,30.0,30.0,60.0,30.0,90.0,105.0,0.0
PHASE_000,0.0,7,170707,550.0,97.6,60.0,90.0,30.0,0.0,0.0,0,60.0,360,359,0.0,12,13.9375,16,0.8251189246626393,10.0,1.25,0.3826078134300621,0.7472213586155358,1.1934373606872042,0.5003892415815,1.5677922313905515,0.3894667991397933,2.6283736485154643,0.6099751437316505,0.3070518184833713,2.8280046115877417,94.57579972183588,0.11886652820276482,0.11679443260697807,60.0,0.0,60.0,30.0,90.0,105.0,0.0
