phase_name,initial_true_anomaly_deg,replicate_index,scenario_seed,altitude_km,inclination_deg,dual_outage_start_min,dual_outage_end_min,dual_outage_duration_min,time_sync_error_s,natural_visible_satellites_min,natural_visible_satellites_mean,pre_outage_satellites,pre_outage_pdop,pre_outage_update_age_s,healthy_false_alarm_rate,pre_outage_rmse_m,mission_rmse_m,outage_rmse_m,outage_start_error_m,outage_end_error_m,outage_start_sigma_m,outage_end_sigma_m,post_recovery_rmse_m,final_error_m,navigation_nis_mean,navigation_nis_coverage_percent,attitude_outage_rmse_deg,attitude_end_outage_deg
PHASE_000,0.0,0,170300,550.0,97.6,60.0,75.0,15.0,0.0,12,14.028395061728395,16,0.8251189256545362,10.0,1.3580246913580247,0.3252903623194873,0.437566882139694,0.30780233764821996,0.30025072048085427,0.2968042621892524,0.3893930073403114,1.13195415856203,0.26285265483899617,0.11923525404963466,2.9087387286773634,95.06172839506173,0.03987133663670343,0.050331123328457586
PHASE_045,45.0,0,170300,550.0,97.6,60.0,75.0,15.0,0.0,12,14.044444444444444,14,0.9178043804203307,10.0,1.2345679012345678,0.3455802318196412,0.46117039564592877,0.8362784591034035,0.3503434992902484,1.3997475185090376,0.44389677110582304,1.307526550084018,0.5050760657581517,0.09641588245476801,2.981629573309068,93.95061728395062,0.03988469916591773,0.050530269369135405
PHASE_090,90.0,0,170300,550.0,97.6,60.0,75.0,15.0,0.0,12,13.9679012345679,13,0.9737904928636332,10.0,0.7407407407407408,0.3549239727635582,0.4999251787190762,0.8967133243634293,0.4681626689881589,1.3924048669614477,0.4302200434817654,1.227611728800211,0.3736550619023676,0.20034639735595894,3.053005470258264,96.66666666666667,0.03987046168924755,0.05071190009746606
PHASE_135,135.0,0,170300,550.0,97.6,60.0,75.0,15.0,0.0,12,13.834567901234568,16,0.7946252067178224,10.0,0.8641975308641975,0.6690477899757984,0.4187399393359928,0.3834451086380272,0.2308726697287317,0.5943372450452237,0.422131030344802,1.244102133457492,0.3578287024659749,0.33825871970530985,3.1066591472467273,93.94313967861557,0.03983657503763874,0.05074821743919481
PHASE_180,180.0,0,170300,550.0,97.6,60.0,75.0,15.0,0.0,12,14.040740740740741,14,0.96327016824453,10.0,0.7407407407407408,0.31890974357121143,0.4839086577566916,0.3208696401732346,0.24219285237293883,0.37458531474762957,0.39361973642494713,1.1313690416238962,0.47448998031757145,0.09699901939937561,3.006999798183166,94.69135802469137,0.03980736012379352,0.05052532859033386
PHASE_225,225.0,0,170300,550.0,97.6,60.0,75.0,15.0,0.0,12,13.897530864197531,14,0.9169834385522209,10.0,1.1111111111111112,0.5778065810225307,0.5770008116802889,0.540016937386842,0.2136173540013396,0.8678590315777984,0.44660117813111305,1.2980915455037767,0.3701451202229728,0.0711944714131168,2.9854511040875513,95.18518518518519,0.03979885569310431,0.05018681658674405
PHASE_270,270.0,0,170300,550.0,97.6,60.0,75.0,15.0,0.0,12,13.801234567901234,14,0.8801711831764553,10.0,0.9876543209876543,0.594312959923345,0.49360553116716904,0.48351821717929816,0.3121298494254394,0.6326590356702331,0.4251120808149357,1.2113937573656626,0.5222795452149878,0.13299496943785485,2.9551952558931633,95.43209876543209,0.03981173649990702,0.05001573948924477
PHASE_315,315.0,0,170300,550.0,97.6,60.0,75.0,15.0,0.0,12,13.74074074074074,16,0.7935420256843383,10.0,0.7407407407407408,0.2483564951299605,0.3624847361951355,0.34627640351010286,0.1260772027388893,0.590820917137252,0.40260262547631953,1.2021845322205762,0.2275449426262928,0.15805834495812576,3.0691652852471365,95.43209876543209,0.039840546718273404,0.0501171433903075
PHASE_000,0.0,1,170301,550.0,97.6,60.0,75.0,15.0,0.0,12,14.028395061728395,16,0.8251189262707325,10.0,0.8641975308641975,0.286144684832828,0.5652892890550099,0.9503986575849006,0.4952037654184987,1.3939013679971044,0.38938254831644,1.1317904947453887,0.3438165189236537,0.23010951473719762,2.9970395079325947,94.81481481481482,0.05898980205064006,0.07964147033274717
PHASE_045,45.0,1,170301,550.0,97.6,60.0,75.0,15.0,0.0,12,14.044444444444444,14,0.917804362726425,10.0,0.49382716049382713,0.40218206008828045,0.42223481900647014,0.2797865572462225,0.19563282662150772,0.3305732751202943,0.4438646411346655,1.3073984245230728,0.4398626229220803,0.29032716850314316,3.0269152103477306,94.69135802469137,0.05889582533583432,0.07924313098278198
PHASE_090,90.0,1,170301,550.0,97.6,60.0,75.0,15.0,0.0,12,13.9679012345679,13,0.973790466567965,10.0,1.4814814814814816,0.35924441101415716,0.4029549302964386,0.2688530358841646,0.12811868324429754,0.4195596467284084,0.4301572634568929,1.227550441069925,0.3683324473572198,0.3011956378870126,2.980695723240148,94.44444444444444,0.058805536618439666,0.07895888474129918
PHASE_135,135.0,1,170301,550.0,97.6,60.0,75.0,15.0,0.0,12,13.834567901234568,16,0.7946252162990638,10.0,1.2345679012345678,0.4035434614724338,0.7050697125013002,1.6278890512308366,0.658796209892626,2.72340232668151,0.4220771186529094,1.243446138732171,0.974166785336919,0.16279497768973467,3.028739563739014,95.30864197530863,0.05878020560282024,0.0789840728128405
PHASE_180,180.0,1,170301,550.0,97.6,60.0,75.0,15.0,0.0,12,14.040740740740741,14,0.9632701413059165,10.0,1.1111111111111112,0.6575148680886906,0.5904886049427485,0.8977460330883718,0.35003639148650645,1.3975950265301715,0.3936210668553345,1.1314826448495636,0.45047149464576564,0.11079853000877264,3.0618014647946574,96.29629629629629,0.05887559339101325,0.07943863264390419
PHASE_225,225.0,1,170301,550.0,97.6,60.0,75.0,15.0,0.0,12,13.897530864197531,14,0.9169834181576015,10.0,0.8641975308641975,0.29802482233587185,0.5813677021601057,0.7536047128433946,0.40950039953353234,1.0142112166972896,0.4466355084609247,1.2981798988761561,0.8138006610012759,0.280208654572899,3.009484287323463,93.58024691358024,0.05902865438453046,0.0800413850006096
PHASE_270,270.0,1,170301,550.0,97.6,60.0,75.0,15.0,0.0,12,13.801234567901234,14,0.8801711668259897,10.0,0.9876543209876543,0.2964471694091949,0.49131052013838483,0.61650774542138,0.3639835843849631,0.8071788310078296,0.4247485015960873,1.2102018732993103,0.6425608377855727,0.29656331245481343,2.9539191959800113,94.69135802469137,0.059113990954413304,0.08031949413484432
PHASE_315,315.0,1,170301,550.0,97.6,60.0,75.0,15.0,0.0,12,13.74074074074074,16,0.7935420133932855,10.0,0.8641975308641975,0.3234232183306919,0.40643315275832737,0.47709984983499204,0.09179539613749549,0.9031757358364487,0.40269662864657507,1.2023393783662717,0.32690839612417466,0.15977057845829432,3.0608622600026814,96.17283950617283,0.0590808563610887,0.08009304880742725
PHASE_000,0.0,2,170302,550.0,97.6,60.0,75.0,15.0,0.0,12,14.028395061728395,16,0.825118918263694,10.0,0.8641975308641975,0.7429785065355899,0.6402354182362391,1.1042433939498881,0.5147659647207126,1.8050500127830484,0.38943050914732236,1.1322364003906027,0.6874100415799909,0.21710354325270298,2.8611003400079795,95.43209876543209,0.05129560146295232,0.07271870173605177
PHASE_045,45.0,2,170302,550.0,97.6,60.0,75.0,15.0,0.0,12,14.044444444444444,14,0.9178044363499209,10.0,1.1111111111111112,0.4811346941469524,0.5044487500989908,0.9109215688483396,0.33501143357545116,1.4694714012287595,0.44387516360035867,1.3075501791879571,0.5309690888085973,0.15266160959103986,3.000599649229984,95.18518518518519,0.05121564091914533,0.07251731837524594
PHASE_090,90.0,2,170302,550.0,97.6,60.0,75.0,15.0,0.0,12,13.9679012345679,13,0.9737904897409339,10.0,1.4814814814814816,0.47356460025550184,0.4613168584987117,0.6929255622041445,0.5469641814746599,0.8002591181465627,0.4301441095923838,1.227792419596506,0.5740851627104232,0.4817666141882109,2.9234899169425117,94.32098765432099,0.051137366513675925,0.07235346968422549
PHASE_135,135.0,2,170302,550.0,97.6,60.0,75.0,15.0,0.0,12,13.834567901234568,16,0.7946252208206482,10.0,1.1111111111111112,0.35143810983706175,0.37674267652993315,0.4331135136130125,0.15865007904552247,0.7395555178526785,0.4220273226412571,1.2435499539542159,0.3717563129341913,0.5188746670828416,3.068824600860688,94.5679012345679,0.05111306697498927,0.07233677773633097
PHASE_180,180.0,2,170302,550.0,97.6,60.0,75.0,15.0,0.0,12,14.040740740740741,14,0.9632701820965623,10.0,0.9876543209876543,0.48718496846344905,0.4202795883755576,0.6028068935093605,0.36650603604588006,0.8747429536223821,0.39370896722244236,1.1317480106275952,0.38640577642143764,0.2693505537470906,3.0539734198514132,94.19753086419753,0.05118846330679504,0.07254239388076439
PHASE_225,225.0,2,170302,550.0,97.6,60.0,75.0,15.0,0.0,12,13.897530864197531,14,0.9169833916186573,10.0,0.8641975308641975,0.6611287281104207,0.4485404634133947,0.6292780114669674,0.3742976235008283,0.918097641017129,0.4467880693840539,1.2986440443129563,0.47214713566436245,0.30684519083203715,3.111694650122996,96.17283950617283,0.05131449649304055,0.0728416722654069
PHASE_270,270.0,2,170302,550.0,97.6,60.0,75.0,15.0,0.0,12,13.801234567901234,14,0.8801711806343288,10.0,0.9876543209876543,0.3882217887772537,0.7409768921642788,1.688385910543714,0.7400221461131957,2.68649326014796,0.4249076080600642,1.2106182541313655,0.4593977859649711,0.27849170467172335,2.9496311774618715,94.93827160493828,0.05138964607239012,0.0730020246110675
PHASE_315,315.0,2,170302,550.0,97.6,60.0,75.0,15.0,0.0,12,13.74074074074074,16,0.7935420192715221,10.0,0.9876543209876543,0.55556326720336,0.45948706821208896,0.350662961467927,0.27983318302964605,0.4015865201501955,0.40259400361536607,1.2022605160922015,0.398814132642447,0.23508693419453183,2.994999828298116,95.30864197530863,0.051368411385608534,0.07292229033525076
PHASE_000,0.0,3,170303,550.0,97.6,60.0,75.0,15.0,0.0,12,14.028395061728395,16,0.8251189228017477,10.0,0.49382716049382713,0.4539161030337448,0.3714615052497303,0.22091927081310853,0.12445863634681152,0.3390246334105737,0.38943928460195,1.1319025186318357,0.4577842971744344,0.09425329842285664,3.0133458852514,93.58024691358024,0.07519987119503488,0.08192917749750357
PHASE_045,45.0,3,170303,550.0,97.6,60.0,75.0,15.0,0.0,12,14.044444444444444,14,0.9178044412997657,10.0,0.49382716049382713,0.4770261537097354,0.49434034403386334,0.4726554577457888,0.23525739585650773,0.7419799258830987,0.4438589448229378,1.307447062758054,0.3941417740116029,0.21632654194580014,2.9323462495095134,95.43209876543209,0.0751417491627634,0.0816192240709695
PHASE_090,90.0,3,170303,550.0,97.6,60.0,75.0,15.0,0.0,12,13.9679012345679,13,0.9737904927058953,10.0,0.7407407407407408,0.40966243500501176,0.39266760151927244,0.5288822973397439,0.26137649282998093,0.7949209522283314,0.4302576150029074,1.2275522086899975,0.3394213464775845,0.04008796772252353,3.0118604034592638,95.18518518518519,0.07506831881583914,0.0813256579286115
PHASE_135,135.0,3,170303,550.0,97.6,60.0,75.0,15.0,0.0,12,13.834567901234568,16,0.7946252203309527,10.0,0.49382716049382713,0.4587013524403059,0.49970847386458267,0.9362139651402833,0.20179590840903136,1.6936855553211567,0.4220170882357587,1.2434937540965845,0.4318122418444792,0.1835056078012175,2.9148684684252126,94.69135802469137,0.07502705250915302,0.08125156492926001
PHASE_180,180.0,3,170303,550.0,97.6,60.0,75.0,15.0,0.0,12,14.040740740740741,14,0.9632701629366919,10.0,0.8641975308641975,0.38533160189119087,0.35695039391690025,0.20044302930988236,0.22584965634078025,0.18340631910494287,0.39356438918220993,1.1312895056276207,0.3354779447078736,0.33613162536357005,3.041484225930899,95.43209876543209,0.0750732893347031,0.0815862488707037
PHASE_225,225.0,3,170303,550.0,97.6,60.0,75.0,15.0,0.0,12,13.897530864197531,14,0.9169834213376256,10.0,0.7407407407407408,0.24595750959042753,0.44273194222610873,0.2067234771018313,0.08956436472738948,0.34808494077646557,0.44670071716165505,1.2982682722573056,0.2583442246592158,0.06596270342958935,2.925098511722759,95.06172839506173,0.0751771147714301,0.08211542909407527
PHASE_270,270.0,3,170303,550.0,97.6,60.0,75.0,15.0,0.0,12,13.801234567901234,14,0.8801711943534941,10.0,0.3703703703703704,0.5264803136321644,0.47127168623759724,0.8653172098889782,0.522000585727312,1.2583885445150096,0.424859789993623,1.2105513244275055,0.3806548737543525,0.06796604798644167,2.976953135118552,95.55555555555556,0.07524887244999721,0.08239519386253823
PHASE_315,315.0,3,170303,550.0,97.6,60.0,75.0,15.0,0.0,12,13.74074074074074,16,0.7935420119526894,10.0,0.7407407407407408,0.4836164045646292,0.5648553828432998,1.1933507990198065,0.521091222585638,1.9112839399813213,0.40279781242004503,1.2028014432091292,0.40810849773910435,0.18165877564839933,2.9519973715884453,94.32098765432099,0.07524479638531743,0.08225261971610807
PHASE_000,0.0,4,170304,550.0,97.6,60.0,75.0,15.0,0.0,12,14.028395061728395,16,0.8251189335565032,10.0,0.49382716049382713,0.20969536812492598,0.3594833967467307,0.17908702407344212,0.18525681958596454,0.2445970431783826,0.38940390042692735,1.132002420677063,0.446594065512248,0.05750813335019219,2.974486997471994,95.30864197530863,0.0635693091216458,0.11221486379185064
PHASE_045,45.0,4,170304,550.0,97.6,60.0,75.0,15.0,0.0,12,14.044444444444444,14,0.9178044125973498,10.0,1.4814814814814816,0.49972486291504414,0.6319629179546259,1.4407789054277467,0.7535950636820764,2.167608566415056,0.44387282092355135,1.3074814623171362,0.33027823717058535,0.5371038727846917,3.0129071739248063,95.92592592592592,0.06360265809685363,0.11208706223902952
PHASE_090,90.0,4,170304,550.0,97.6,60.0,75.0,15.0,0.0,12,13.9679012345679,13,0.9737904780892338,10.0,0.8641975308641975,0.6329246032453868,0.5315695173095261,0.6462042474731614,0.31996365890230344,0.9399390153530922,0.4301314987669383,1.2275687955870462,0.42228184447547634,0.18415133382956886,3.027234972685335,95.80246913580247,0.0636739835631768,0.11207383867237278
PHASE_135,135.0,4,170304,550.0,97.6,60.0,75.0,15.0,0.0,12,13.834567901234568,16,0.79462520374204,10.0,0.8641975308641975,0.38055922250916796,0.4431505708607753,0.5372644585884371,0.40550405962994135,0.6135034618369068,0.4220282030404081,1.2434704926236215,0.4562048661327234,0.4594672555985632,2.9985001136787957,96.17283950617283,0.0637280898570151,0.1121759676129843
PHASE_180,180.0,4,170304,550.0,97.6,60.0,75.0,15.0,0.0,12,14.040740740740741,14,0.9632701300590132,10.0,0.9876543209876543,0.3569377769921688,0.48498198568665524,0.878876592754517,0.4533035294853667,1.3387544210239974,0.3935870724321374,1.1313921911004021,0.4816438955189136,0.2537396674747193,2.9996267881578498,94.31396786155747,0.0636866772506919,0.11232732053691538
PHASE_225,225.0,4,170304,550.0,97.6,60.0,75.0,15.0,0.0,12,13.897530864197531,14,0.9169834247000139,10.0,0.8641975308641975,0.20178351985779192,0.43312061965259147,0.3442551007623014,0.21775583557236164,0.5026318004985547,0.4466469198163445,1.298594980341495,0.6148372293400565,0.33697004741659076,3.063909479433626,95.67901234567901,0.06358621024067035,0.11245186887729407
PHASE_270,270.0,4,170304,550.0,97.6,60.0,75.0,15.0,0.0,12,13.801234567901234,14,0.880171188594214,10.0,0.8641975308641975,0.6199452260894075,0.5093327904261586,0.6938527282096373,0.41242150445121034,0.9396281871699107,0.4247041857226368,1.2102505065589722,0.48624847295282975,0.3185143297004761,3.0208316167897196,94.32098765432099,0.06352848928711544,0.11248344305393038
PHASE_315,315.0,4,170304,550.0,97.6,60.0,75.0,15.0,0.0,12,13.74074074074074,16,0.793542018061727,10.0,1.1111111111111112,0.3839733224028219,0.4659892189350592,0.4739983892504185,0.3108718907161958,0.5909674200803119,0.40260919606630324,1.2022942515740973,0.43466170108149116,0.34405808273090077,2.9600518638327005,95.67901234567901,0.0635411099075363,0.11238550881269525
PHASE_000,0.0,5,170305,550.0,97.6,60.0,75.0,15.0,0.0,12,14.028395061728395,16,0.8251189287299578,10.0,0.9876543209876543,0.4838285427518788,0.5183098490404072,0.2917892875242467,0.1986599934787785,0.4619007313417169,0.3894080071634265,1.131782888345751,0.5915663699388036,0.09615768483109631,2.924937202387629,95.55555555555556,0.07874179646054587,0.08612277802388942
PHASE_045,45.0,5,170305,550.0,97.6,60.0,75.0,15.0,0.0,12,14.044444444444444,14,0.9178043906175029,10.0,1.9753086419753085,0.37678233427364277,0.447056937158516,0.21148909456685322,0.08340312635107816,0.37676725556209534,0.44476898049215613,1.3105406025102186,0.417040954206951,0.15246710147833537,3.0407048184476246,94.44444444444444,0.07875580985350628,0.08617684851588549
PHASE_090,90.0,5,170305,550.0,97.6,60.0,75.0,15.0,0.0,12,13.9679012345679,13,0.9737904154156005,10.0,1.8518518518518516,0.6322407672892051,0.48006083983450837,0.4301558487105643,0.2852196913786025,0.6029838942018816,0.43047070709610896,1.2283610570229826,0.38597698687879006,0.2101322484350558,2.966532958326741,92.7070457354759,0.0787623293311238,0.08620431120490643
PHASE_135,135.0,5,170305,550.0,97.6,60.0,75.0,15.0,0.0,12,13.834567901234568,16,0.7946252007303765,10.0,1.6049382716049383,0.4534839651440191,0.4725415443798615,0.7814114200432131,0.4988323575004029,1.1397051171341335,0.4223959853625222,1.2442456911251054,0.5117584025111557,0.3514275737334453,3.095033687891734,94.32098765432099,0.07875860028364959,0.08618959451119008
PHASE_180,180.0,5,170305,550.0,97.6,60.0,75.0,15.0,0.0,12,14.040740740740741,14,0.9632701543540833,10.0,0.7407407407407408,0.44586990206515653,0.5744236475641336,1.1142517449761438,0.5490896802566843,1.657145327546161,0.3936255963088621,1.1314695670983745,0.5048650157070409,0.1013243171297152,3.046076782319093,96.04449938195303,0.07874705425287838,0.08613494576409864
PHASE_225,225.0,5,170305,550.0,97.6,60.0,75.0,15.0,0.0,12,13.897530864197531,14,0.9169833982810787,10.0,1.6049382716049383,0.4168362448589732,0.4631111958207273,0.5326187810331877,0.41156562244993183,0.6525871436634374,0.44675693227479624,1.2982706848594425,0.3303743599059549,0.24137613540755432,2.9696382224767714,96.04449938195303,0.07873309315610287,0.08606938781572335
PHASE_270,270.0,5,170305,550.0,97.6,60.0,75.0,15.0,0.0,12,13.801234567901234,14,0.8801711466516784,10.0,1.4814814814814816,0.22671857438438991,0.3585189280833583,0.27580640629877584,0.11094699809379338,0.4912487489803997,0.42478805601133196,1.2103035121915258,0.41525072050073863,0.19229679144694664,2.944697902185213,94.81481481481482,0.07872449995200535,0.08603710341134727
PHASE_315,315.0,5,170305,550.0,97.6,60.0,75.0,15.0,0.0,12,13.74074074074074,16,0.7935420274836325,10.0,1.1111111111111112,0.5198715972070252,0.4295686496410899,0.44608513779143955,0.280791166629591,0.6607689186887703,0.4026391093491552,1.202235263698373,0.39954541514211145,0.34100579855106505,3.040897046317351,94.32098765432099,0.07872812561088256,0.08606297428959393
PHASE_000,0.0,6,170306,550.0,97.6,60.0,75.0,15.0,0.0,12,14.028395061728395,16,0.8251189331556954,10.0,1.3580246913580247,0.39862006824351,0.49100463586758736,0.5191852961904458,0.3312764010827816,0.6969313942571163,0.38970996983056644,1.1328506553433724,0.546715808367387,0.25436470904762537,3.0553343233662633,95.17923362175526,0.047069570033820694,0.054544562227203955
PHASE_045,45.0,6,170306,550.0,97.6,60.0,75.0,15.0,0.0,12,14.044444444444444,14,0.9178044117432004,10.0,0.7407407407407408,0.6657632996525445,0.8449820968195558,2.089215880393835,1.0715384632977645,3.2138520780590563,0.4441267026440336,1.3081666333600523,0.6042002731499911,0.19371081566200216,3.006823633360272,95.42079207920791,0.04701576766681818,0.05426583546317936
PHASE_090,90.0,6,170306,550.0,97.6,60.0,75.0,15.0,0.0,12,13.9679012345679,13,0.9737904491958052,10.0,0.8641975308641975,0.5056988605646582,0.7201776335907629,1.7980681081135805,0.7920158654916682,2.8696399862998727,0.4301377922075188,1.2274645028562747,0.5047433314000818,0.5186458981638825,2.95711367384887,95.55555555555556,0.04694656835007667,0.05397935918965897
PHASE_135,135.0,6,170306,550.0,97.6,60.0,75.0,15.0,0.0,12,13.834567901234568,16,0.7946252231283848,10.0,1.6049382716049383,0.48685825894921814,0.4200489413578066,0.41549401434187033,0.3429297886764523,0.5382056403190044,0.42295021322963383,1.2456372250231476,0.5757183508781291,0.27277118071120626,3.0113971972891806,95.18518518518519,0.04691300177960385,0.05389496317553645
PHASE_180,180.0,6,170306,550.0,97.6,60.0,75.0,15.0,0.0,12,14.040740740740741,14,0.9632701375568439,10.0,0.8641975308641975,0.6180693546715126,0.5394838443077283,0.5616398851803086,0.32815069451062023,0.8544184226385301,0.39762794241256383,1.1409120484426511,0.5957911404539089,0.5466405584865291,3.0151665148081968,95.42645241038319,0.046975648880326244,0.05422398031456154
PHASE_225,225.0,6,170306,550.0,97.6,60.0,75.0,15.0,0.0,12,13.897530864197531,14,0.9169833961053707,10.0,0.8641975308641975,0.46865722241326896,0.46464681276843306,0.7242724376075159,0.3909765044039267,1.1090857867901496,0.4472176324532095,1.2999103130371232,0.36813775574670493,0.0997460706458602,3.0520005312524203,94.69135802469137,0.047088020159502454,0.054739718190507866
PHASE_270,270.0,6,170306,550.0,97.6,60.0,75.0,15.0,0.0,12,13.801234567901234,14,0.8801711719109564,10.0,0.8641975308641975,0.408420505084587,0.40858763405645054,0.4398598316742508,0.3494843760957205,0.5012291511890719,0.42494767222882124,1.2107617299344473,0.3814711433374028,0.2664478880507944,2.953544449071868,94.93201483312733,0.04714761266420756,0.05499456939612653
PHASE_315,315.0,6,170306,550.0,97.6,60.0,75.0,15.0,0.0,12,13.74074074074074,16,0.7935420183909436,10.0,1.6049382716049383,0.4162295411155775,0.5733763984929913,1.261650141673028,0.5589840171725989,2.0356951263308334,0.4032279206982144,1.2035074430396107,0.5067920243135715,0.39125753546631437,2.802145935528478,94.19753086419753,0.04712305512739122,0.05484437947483903
PHASE_000,0.0,7,170307,550.0,97.6,60.0,75.0,15.0,0.0,12,14.028395061728395,16,0.8251189258477417,10.0,0.7407407407407408,0.520130339108605,0.4337253476768414,0.30925723565579094,0.21165013306596173,0.42530856692036734,0.3896332717357194,1.1324475670599339,0.49136490944004013,0.11090014365525036,3.0308008880526125,94.93827160493828,0.05772959923854885,0.10360883233250223
PHASE_045,45.0,7,170307,550.0,97.6,60.0,75.0,15.0,0.0,12,14.044444444444444,14,0.9178044139159662,10.0,0.9876543209876543,0.30012898131528154,0.5302112560410503,1.0270912254674267,0.44599370140189504,1.6961641594171464,0.4448366736569196,1.3105535877717236,0.42169593861802,0.3112580863673448,3.0173827938876405,95.67901234567901,0.057770426422489946,0.10375407760399898
PHASE_090,90.0,7,170307,550.0,97.6,60.0,75.0,15.0,0.0,12,13.9679012345679,13,0.9737904806479232,10.0,0.8641975308641975,0.20259493808897044,0.4507867795478907,0.639617895238114,0.2939059563369873,0.9653131106404668,0.4304025807656512,1.228234304446543,0.28396849796797935,0.29788200981641655,3.089953610032445,94.81481481481482,0.05775896956893134,0.1037781584536771
PHASE_135,135.0,7,170307,550.0,97.6,60.0,75.0,15.0,0.0,12,13.834567901234568,16,0.7946251937080125,10.0,0.24691358024691357,0.5100802553976241,0.5440581412539192,0.9673695373290578,0.46849250313030816,1.516036361330662,0.4221961549371543,1.2435629042126561,0.40697218028264515,0.2781153117896877,3.14481202226437,94.93827160493828,0.05771213808707404,0.10368083868697268
PHASE_180,180.0,7,170307,550.0,97.6,60.0,75.0,15.0,0.0,12,14.040740740740741,14,0.963270127226838,10.0,0.9876543209876543,0.23842318156357167,0.4819045148918456,0.41072867842989336,0.0832158206719333,0.7403435628176319,0.3940749110858429,1.132417161615233,0.36578533127577617,0.1320568604693001,3.1478417221066195,94.69135802469137,0.0576771441273389,0.10353198902181514
PHASE_225,225.0,7,170307,550.0,97.6,60.0,75.0,15.0,0.0,12,13.897530864197531,14,0.9169833865893189,10.0,0.9876543209876543,0.3241546328609862,0.5906237672880841,0.9295642707424063,0.4121493127453455,1.5245580767764466,0.44701860324596215,1.2994808801819533,0.4069359908952544,0.40234964720972566,3.0746055361928337,95.80246913580247,0.05766343947626743,0.1034002879625484
PHASE_270,270.0,7,170307,550.0,97.6,60.0,75.0,15.0,0.0,12,13.801234567901234,14,0.8801711680830876,10.0,0.3703703703703704,0.582430153515103,0.5586283126984353,1.0028189395237073,0.48510679143899366,1.5765407284470623,0.4247237181551037,1.21021519754071,0.4725470601189011,0.37608312964194934,2.9288061777390055,95.80246913580247,0.057660337612603696,0.10334976184391098
PHASE_315,315.0,7,170307,550.0,97.6,60.0,75.0,15.0,0.0,12,13.74074074074074,16,0.7935419946577473,10.0,0.9876543209876543,0.49519784919419807,0.5489621036513039,0.9218657209976967,0.4835289028937179,1.4393666194429118,0.40261785714189624,1.2022142330989352,0.502377614794608,0.32883907964136316,3.1365995400848785,95.18518518518519,0.05767997138014393,0.10343281120245851
