scenario_id,scenario_index,altitude_km,inclination_deg,initial_true_anomaly_deg,eccentricity,raan_deg,argument_of_periapsis_deg
AURORA17_000,0,400.0,0.0,0.0,0.01,40.0,30.0
AURORA17_001,1,400.0,0.0,60.0,0.01,40.0,30.0
AURORA17_002,2,400.0,0.0,120.0,0.01,40.0,30.0
AURORA17_003,3,400.0,0.0,180.0,0.01,40.0,30.0
AURORA17_004,4,400.0,0.0,240.0,0.01,40.0,30.0
AURORA17_005,5,400.0,0.0,300.0,0.01,40.0,30.0
AURORA17_006,6,400.0,30.0,0.0,0.01,40.0,30.0
AURORA17_007,7,400.0,30.0,60.0,0.01,40.0,30.0
AURORA17_008,8,400.0,30.0,120.0,0.01,40.0,30.0
AURORA17_009,9,400.0,30.0,180.0,0.01,40.0,30.0
AURORA17_010,10,400.0,30.0,240.0,0.01,40.0,30.0
AURORA17_011,11,400.0,30.0,300.0,0.01,40.0,30.0
AURORA17_012,12,400.0,60.0,0.0,0.01,40.0,30.0
AURORA17_013,13,400.0,60.0,60.0,0.01,40.0,30.0
AURORA17_014,14,400.0,60.0,120.0,0.01,40.0,30.0
AURORA17_015,15,400.0,60.0,180.0,0.01,40.0,30.0
AURORA17_016,16,400.0,60.0,240.0,0.01,40.0,30.0
AURORA17_017,17,400.0,60.0,300.0,0.01,40.0,30.0
AURORA17_018,18,400.0,75.0,0.0,0.01,40.0,30.0
AURORA17_019,19,400.0,75.0,60.0,0.01,40.0,30.0
AURORA17_020,20,400.0,75.0,120.0,0.01,40.0,30.0
AURORA17_021,21,400.0,75.0,180.0,0.01,40.0,30.0
AURORA17_022,22,400.0,75.0,240.0,0.01,40.0,30.0
AURORA17_023,23,400.0,75.0,300.0,0.01,40.0,30.0
AURORA17_024,24,400.0,90.0,0.0,0.01,40.0,30.0
AURORA17_025,25,400.0,90.0,60.0,0.01,40.0,30.0
AURORA17_026,26,400.0,90.0,120.0,0.01,40.0,30.0
AURORA17_027,27,400.0,90.0,180.0,0.01,40.0,30.0
AURORA17_028,28,400.0,90.0,240.0,0.01,40.0,30.0
AURORA17_029,29,400.0,90.0,300.0,0.01,40.0,30.0
AURORA17_030,30,400.0,97.6,0.0,0.01,40.0,30.0
AURORA17_031,31,400.0,97.6,60.0,0.01,40.0,30.0
AURORA17_032,32,400.0,97.6,120.0,0.01,40.0,30.0
AURORA17_033,33,400.0,97.6,180.0,0.01,40.0,30.0
AURORA17_034,34,400.0,97.6,240.0,0.01,40.0,30.0
AURORA17_035,35,400.0,97.6,300.0,0.01,40.0,30.0
AURORA17_036,36,550.0,0.0,0.0,0.01,40.0,30.0
AURORA17_037,37,550.0,0.0,60.0,0.01,40.0,30.0
AURORA17_038,38,550.0,0.0,120.0,0.01,40.0,30.0
AURORA17_039,39,550.0,0.0,180.0,0.01,40.0,30.0
AURORA17_040,40,550.0,0.0,240.0,0.01,40.0,30.0
AURORA17_041,41,550.0,0.0,300.0,0.01,40.0,30.0
AURORA17_042,42,550.0,30.0,0.0,0.01,40.0,30.0
AURORA17_043,43,550.0,30.0,60.0,0.01,40.0,30.0
AURORA17_044,44,550.0,30.0,120.0,0.01,40.0,30.0
AURORA17_045,45,550.0,30.0,180.0,0.01,40.0,30.0
AURORA17_046,46,550.0,30.0,240.0,0.01,40.0,30.0
AURORA17_047,47,550.0,30.0,300.0,0.01,40.0,30.0
AURORA17_048,48,550.0,60.0,0.0,0.01,40.0,30.0
AURORA17_049,49,550.0,60.0,60.0,0.01,40.0,30.0
AURORA17_050,50,550.0,60.0,120.0,0.01,40.0,30.0
AURORA17_051,51,550.0,60.0,180.0,0.01,40.0,30.0
AURORA17_052,52,550.0,60.0,240.0,0.01,40.0,30.0
AURORA17_053,53,550.0,60.0,300.0,0.01,40.0,30.0
AURORA17_054,54,550.0,75.0,0.0,0.01,40.0,30.0
AURORA17_055,55,550.0,75.0,60.0,0.01,40.0,30.0
AURORA17_056,56,550.0,75.0,120.0,0.01,40.0,30.0
AURORA17_057,57,550.0,75.0,180.0,0.01,40.0,30.0
AURORA17_058,58,550.0,75.0,240.0,0.01,40.0,30.0
AURORA17_059,59,550.0,75.0,300.0,0.01,40.0,30.0
AURORA17_060,60,550.0,90.0,0.0,0.01,40.0,30.0
AURORA17_061,61,550.0,90.0,60.0,0.01,40.0,30.0
AURORA17_062,62,550.0,90.0,120.0,0.01,40.0,30.0
AURORA17_063,63,550.0,90.0,180.0,0.01,40.0,30.0
AURORA17_064,64,550.0,90.0,240.0,0.01,40.0,30.0
AURORA17_065,65,550.0,90.0,300.0,0.01,40.0,30.0
AURORA17_066,66,550.0,97.6,0.0,0.01,40.0,30.0
AURORA17_067,67,550.0,97.6,60.0,0.01,40.0,30.0
AURORA17_068,68,550.0,97.6,120.0,0.01,40.0,30.0
AURORA17_069,69,550.0,97.6,180.0,0.01,40.0,30.0
AURORA17_070,70,550.0,97.6,240.0,0.01,40.0,30.0
AURORA17_071,71,550.0,97.6,300.0,0.01,40.0,30.0
AURORA17_072,72,700.0,0.0,0.0,0.01,40.0,30.0
AURORA17_073,73,700.0,0.0,60.0,0.01,40.0,30.0
AURORA17_074,74,700.0,0.0,120.0,0.01,40.0,30.0
AURORA17_075,75,700.0,0.0,180.0,0.01,40.0,30.0
AURORA17_076,76,700.0,0.0,240.0,0.01,40.0,30.0
AURORA17_077,77,700.0,0.0,300.0,0.01,40.0,30.0
AURORA17_078,78,700.0,30.0,0.0,0.01,40.0,30.0
AURORA17_079,79,700.0,30.0,60.0,0.01,40.0,30.0
AURORA17_080,80,700.0,30.0,120.0,0.01,40.0,30.0
AURORA17_081,81,700.0,30.0,180.0,0.01,40.0,30.0
AURORA17_082,82,700.0,30.0,240.0,0.01,40.0,30.0
AURORA17_083,83,700.0,30.0,300.0,0.01,40.0,30.0
AURORA17_084,84,700.0,60.0,0.0,0.01,40.0,30.0
AURORA17_085,85,700.0,60.0,60.0,0.01,40.0,30.0
AURORA17_086,86,700.0,60.0,120.0,0.01,40.0,30.0
AURORA17_087,87,700.0,60.0,180.0,0.01,40.0,30.0
AURORA17_088,88,700.0,60.0,240.0,0.01,40.0,30.0
AURORA17_089,89,700.0,60.0,300.0,0.01,40.0,30.0
AURORA17_090,90,700.0,75.0,0.0,0.01,40.0,30.0
AURORA17_091,91,700.0,75.0,60.0,0.01,40.0,30.0
AURORA17_092,92,700.0,75.0,120.0,0.01,40.0,30.0
AURORA17_093,93,700.0,75.0,180.0,0.01,40.0,30.0
AURORA17_094,94,700.0,75.0,240.0,0.01,40.0,30.0
AURORA17_095,95,700.0,75.0,300.0,0.01,40.0,30.0
AURORA17_096,96,700.0,90.0,0.0,0.01,40.0,30.0
AURORA17_097,97,700.0,90.0,60.0,0.01,40.0,30.0
AURORA17_098,98,700.0,90.0,120.0,0.01,40.0,30.0
AURORA17_099,99,700.0,90.0,180.0,0.01,40.0,30.0
AURORA17_100,100,700.0,90.0,240.0,0.01,40.0,30.0
AURORA17_101,101,700.0,90.0,300.0,0.01,40.0,30.0
AURORA17_102,102,700.0,97.6,0.0,0.01,40.0,30.0
AURORA17_103,103,700.0,97.6,60.0,0.01,40.0,30.0
AURORA17_104,104,700.0,97.6,120.0,0.01,40.0,30.0
AURORA17_105,105,700.0,97.6,180.0,0.01,40.0,30.0
AURORA17_106,106,700.0,97.6,240.0,0.01,40.0,30.0
AURORA17_107,107,700.0,97.6,300.0,0.01,40.0,30.0
