scenario_id,scenario_index,scenario_seed,pseudorange_noise_std_m,accelerometer_noise_std_mps2,accelerometer_bias_x_mps2,accelerometer_bias_y_mps2,accelerometer_bias_z_mps2,gyro_noise_std_degps,gyro_bias_x_degps,gyro_bias_y_degps,gyro_bias_z_degps,star_tracker_noise_std_deg,initial_position_error_x_m,initial_position_error_y_m,initial_position_error_z_m,initial_velocity_error_x_mps,initial_velocity_error_y_mps,initial_velocity_error_z_mps,non_gravitational_acceleration_mps2,fault_magnitude_m,fault_start_min,fault_duration_min,gnss_outage_duration_min,star_tracker_outage_duration_min,dual_outage_duration_min,accelerometer_bias_norm_mps2,gyro_bias_norm_degps,initial_position_error_norm_m,initial_velocity_error_norm_mps
AURORA16_000,0,1601000,1.7755075841071664,8.23928316060261e-07,1.1436245493938876e-06,-4.812925502215078e-07,-2.282873374587075e-06,0.00046457117119449006,0.0003595706206496706,-7.759115107884573e-06,-0.0017831801428341823,0.01189685387937358,95.77347310782676,-116.91423048530328,2.0393006800450166,-0.0640476398343118,0.01678449667578752,-0.17163813015625826,1.737131370521903e-05,73.30439426911713,100.42088877288107,7.333732498433792,17.824896461560627,6.914417465897046,15.45899962920924,2.598274518459063e-06,0.001819088413711599,151.1477892275301,0.18396594038175082
AURORA16_001,1,1601001,1.618097965257021,4.0372814132806746e-07,-1.2997312087022947e-06,-4.412139535720037e-06,-2.4523086340765934e-06,0.00031223934048198773,-0.0009727927588575752,0.001044312406960195,-8.004209629500648e-06,0.03956772326514215,-96.45090944267334,68.90349978455333,-69.8404079653858,0.18634991747803092,-0.1631130306540345,-0.0930919739883601,2.8959032748500836e-05,64.14873172906886,108.03287182575131,7.479595155254617,15.344737297203771,11.33446955145674,11.007733728458762,5.212494041656562e-06,0.001427227459933602,137.57962349000027,0.264571858167611
AURORA16_002,2,1601002,1.6767280948823262,8.760807693612987e-07,-4.548726556867467e-06,3.074129090794024e-06,-4.589471791310952e-06,0.000602094447985206,0.00014882627029584854,0.0009872866050176883,0.001971086690239008,0.037050344140253134,144.65545690544195,17.43044327251951,-50.51505978427343,-0.15606316700881578,-0.19469544764147748,-0.14736405111494305,2.0626770026163237e-05,32.20375474000633,109.73930205703176,9.445957342659486,19.40056524878515,5.2462485757935235,16.829208338215615,7.155727375973488e-06,0.002209539961081241,154.21022284598195,0.28978991181568825
AURORA16_003,3,1601003,1.7381345738931955,7.464075012057015e-07,-1.740188182311659e-06,-4.861142887390958e-06,2.874053391398247e-06,0.00026936821863061413,0.0009449199856289541,-0.000856343238765128,0.0009582663514585994,0.018341843365887314,-2.616684300828126,186.077944158248,22.531236377145632,-0.03738141282203436,0.024045148201284977,0.15884448414982227,2.1743387909702103e-05,22.240589827364253,105.07790350357412,6.192707400226277,17.47606141141086,11.4836901530117,17.719871445390385,5.909242589206897e-06,0.0015951400948372991,187.45534121911027,0.16494577691294873
AURORA16_004,4,1601004,3.0341180819001154,9.412274217727097e-07,4.865740322526362e-06,2.0356894691611138e-06,2.055113597592643e-06,0.00025922790498940514,0.0011690060663003938,-0.0014531289027820498,0.0006736223484317739,0.041947431991216935,25.40782303639716,67.77211600677691,-106.54453653400685,-0.11799847229052962,-0.09300450851368627,0.04496487119763959,2.5996993885980894e-05,61.48687537817759,108.13094463686178,8.462495687774814,19.002008876864853,11.193108054412145,16.50107882859338,5.6606494680489246e-06,0.0019829084344604574,128.80355369604993,0.15682894410341333
AURORA16_005,5,1601005,2.32829854902806,4.5772217382649483e-07,4.187816647919674e-06,-2.6798371429971496e-06,-8.53127370391366e-07,0.00033760049342193116,-0.00015696731673585092,-0.0006911528045977125,-0.0013155669568372965,0.014991490444412637,168.92509598806868,-141.85235335315878,88.2662105962367,-0.17025021045583003,0.1674890420149045,0.11945600333469203,3.1035786249854825e-05,39.26915345315899,102.54512197216557,5.076543359828536,19.30360562742562,7.259110226009685,10.661012334379631,5.044517984871418e-06,0.0014943384341402324,237.58935611560304,0.2670345484914317
AURORA16_006,6,1601006,3.773050726031773,7.704938199142795e-07,-1.4342855363022574e-06,-2.377279435264595e-06,1.620735761073509e-06,0.00027998194299097697,-0.0015716532488745953,0.0006615207628022177,-0.0014184374562406588,0.03471182458507031,179.54893501899852,-57.277150878009735,-61.386272080332844,-0.109191095203589,0.13458734902245278,0.029888850519616122,3.390189264808038e-05,26.826819388319223,101.80924463758461,9.63570786324155,13.05599875420914,8.503847454566365,15.96069862500427,3.2148743241688826e-06,0.002218032567746238,198.2088960644287,0.17586868161794672
AURORA16_007,7,1601007,1.868262343298196,3.744772429697052e-07,-1.6994336390096913e-06,-1.9592111186466767e-06,-3.975845926913675e-06,0.00037932145342472437,-0.0007933590209624098,0.0005335918291212724,0.0002972014987560525,0.010536777814197054,187.10717750832464,79.14273400419347,60.18627837613303,-0.14817202155210718,-0.0405484267202795,0.039311704572615236,1.701775524029136e-05,13.762837188726785,107.26727146250113,7.12487538551432,14.760997062074074,6.693673349770759,18.491000329655364,4.746992072395165e-06,0.0010012329934187458,211.884535361974,0.15857027778474933
AURORA16_008,8,1601008,2.0145191148405877,4.938923744860204e-07,-2.970734940532272e-06,7.88134780528527e-07,-3.5154409001520568e-06,0.0004191814210000528,-0.001986009375188061,-0.0016918586181145989,0.0004836402721546647,0.010474079811339852,124.86374605606875,26.55007903618926,38.25844913459696,0.06286550169198563,0.06951808035440904,0.03139390569768136,1.0328254481626613e-05,58.54692274368483,109.85391983208692,5.67345330277798,12.65919263548329,5.8931415940875045,19.488208206202955,4.669555358022853e-06,0.002653399090765155,133.26503932452377,0.09884539500706155
AURORA16_009,9,1601009,5.2461881242424635,3.394600890282565e-07,2.644612458058437e-06,-3.690319172163856e-06,3.073017536737533e-06,0.000522183226789712,-0.0015595951901867242,-0.001407174480571277,-0.001575938131940858,0.04127927290488525,64.15454062195198,6.909113594352505,84.20488532619521,0.19184829276751664,-0.11261121599134803,-0.06498872771447187,2.5877997129510464e-05,24.635059643972852,104.25630553405877,7.554927354283901,10.960025844700855,14.878868682723986,13.739497444026902,5.482323177892236e-06,0.0026260346859342605,106.0848888667516,0.23175544898622466
AURORA16_010,10,1601010,4.68042713981466,3.0157577171589355e-07,5.134846762575303e-07,-4.627144391971337e-06,-6.533720837054201e-07,0.0004275683486954703,0.0003880619458473131,0.001120328160302264,0.001000275209424641,0.03253022179486195,109.00248843893405,111.86040338069392,17.87011103370935,-0.05475671059390827,0.1032992111915863,-0.10375336344002066,1.2745614300977847e-05,47.3571772769594,108.44435239829372,8.693807840895479,11.759550473591158,9.955489437392526,18.819887877863437,4.7011729192477755e-06,0.0015512181520245846,157.2057034548321,0.15631309866094392
AURORA16_011,11,1601011,5.616398554878109,4.3171532721175336e-07,-3.940541385262648e-06,3.907168741309226e-06,-4.162567037751909e-08,0.00040524669515656626,0.0013218634959098101,0.0007311581682953408,0.0013146665141946711,0.01620578042357162,-118.97404179256476,-167.17193672645809,108.44423365078615,0.007538246724353825,-0.03599260357691633,-0.15438086719268207,1.8912227646827937e-05,37.43797299421091,102.86575260625052,7.230682044443089,18.04983522918186,8.123775366208509,14.022229720270598,5.549375341285356e-06,0.002002564209314815,232.08065593978347,0.1587001727506521
AURORA16_012,12,1601012,2.3932850720943297,4.882385798097926e-07,-1.7808545650807642e-07,3.43144264063816e-06,-4.879343584533513e-06,0.000697240335370811,0.0007795622186956308,-0.0018284650884470362,-0.0008682866897826199,0.026187347048274294,-163.38868200331598,-15.045219265651554,182.43246639558544,-0.01089824355257843,0.17332877074476544,-0.02933056578169324,2.750846335096771e-05,7.398618732709641,105.65365030304231,8.167998196931304,15.95133502638875,10.812964598972988,17.814757691123404,5.967789108349743e-06,0.0021690835871724587,245.36467721477078,0.1761303964950315
AURORA16_013,13,1601013,5.1482787619058,2.519468748801443e-07,-3.4187935842144266e-06,-1.1338308075663403e-06,-4.31193336454102e-06,0.0007532426402710326,0.0006486154346272677,0.0019524810286682681,-0.0010032870527891188,0.01377472037949243,14.993787079197887,-150.9146523545499,-139.28145275800563,0.1041659348459682,-0.08275469531437984,-0.023286766003548454,1.627381727811861e-05,76.37246707300234,107.86245300853776,9.145400533066098,14.241511336446882,14.724714393336162,18.94128418565078,5.618406465528665e-06,0.002288988654327604,205.91107068016407,0.1350598202642605
AURORA16_014,14,1601014,2.187086014217859,8.427394143632799e-07,4.270922237809082e-06,-7.329216720149858e-07,4.2038992363343e-06,0.0005079334090062078,-0.00042391477511453707,0.0012752172274437348,-0.00038485112044023967,0.021136405151849665,-84.4572394148258,-62.83314341261729,51.90690366760444,0.13625405204202656,-0.0003161629928299936,0.06868417342143529,2.2139438354824284e-05,12.88946202213662,102.0599435197721,6.404290888054103,17.19441350095147,10.385723182387848,14.12756995846804,6.037443144906086e-06,0.001397853031843406,117.36846190115003,0.1525869664666518
AURORA16_015,15,1601015,1.9597590516884535,4.743287085756228e-07,2.5870016050119056e-07,2.207286162740125e-06,-3.3109340399713844e-06,0.00043724096004158397,0.00010149925258868316,0.0008198775996638764,-0.0017445898749424552,0.04560445137869381,77.41874940409264,-70.78252301785935,-170.22010395256342,-0.12276746656875503,-0.07045720072103828,-0.12847564697852176,2.2767875489166973e-05,19.05549247483503,108.72067943284648,9.021355027101905,11.578007093576742,12.857947826738036,13.42009329924314,3.987646197233225e-06,0.0019303096146624748,199.94677320149225,0.191159775705311
AURORA16_016,16,1601016,2.491469501971319,7.307861473221981e-07,3.565610617494786e-06,-1.519652639442738e-06,4.999173105822648e-06,0.00035221830566451254,0.0012577765636338236,-0.0011992503922845094,0.0015102155879253144,0.02560933391393432,69.37851187867602,-112.2572724859189,-76.11721093726074,0.03598414209042228,0.08238184553833527,-0.18408367556961241,2.2834463339802373e-05,10.745345805027092,107.14870697567083,8.075800045070228,16.973801669209685,11.890922345277882,18.237257481044516,6.325713790722537e-06,0.002302380183513067,152.3446846376495,0.20486196954902136
AURORA16_017,17,1601017,1.7842915668084967,2.8064543685553687e-07,4.691767620858159e-06,-1.8231979607883352e-06,-4.1046793277158495e-06,0.000364199222755814,-0.0010935906852520007,-0.001539841202529077,-0.000748152738648008,0.02029969546777246,-137.06464550639257,-159.89553058802062,-35.77298487142846,0.18094753689649362,-0.1230052319553441,0.08932248153913497,1.8479959749057863e-05,23.013735288541657,103.92799330324615,7.826843449346215,14.949882733235231,14.377439289174802,11.28134308069051,6.495007821067933e-06,0.0020314487530387394,213.6188292179066,0.23632774679585347
AURORA16_018,18,1601018,2.7537448807967615,7.078699789849241e-07,-4.335146807948301e-06,-3.3458002864458872e-06,3.6819242673919072e-06,0.0007302424213130618,0.0005978268363515272,0.001557169635642024,0.000708109632468664,0.010920542535528401,-114.12040551935624,21.285728205654124,66.97804852025172,-0.13515499492569083,0.0289129343954177,-0.1075088940736688,1.0848667454471164e-05,50.43826501848613,105.17285918393156,5.213490963324153,12.054343399954165,14.260091228710591,12.191138120732244,6.598821388252235e-06,0.0018120688320321873,134.02465506289687,0.17510280618442578
AURORA16_019,19,1601019,1.6367633650905797,3.4610678700429066e-07,-8.432344271826494e-07,2.676005417991789e-07,2.772733736450293e-06,0.0009078773291136973,0.00019361735036452525,0.0011737888162951546,-0.00033263046072922885,0.02364274215948774,9.298015236509826,-84.24399541215001,-190.83263143430008,-0.013611425996375798,0.19373381029365205,-0.036645843045339105,2.470057453739834e-05,74.92528317731207,106.68407541960524,5.539689994720876,17.156141910559935,8.914672282935971,10.065950194565978,2.9104478559848598e-06,0.0012352776558436967,208.80755989781628,0.1976385032858102
AURORA16_020,20,1601020,4.545064314642771,2.643238359257158e-07,2.341554165579797e-06,3.790212793351797e-06,-3.7019708478567036e-06,0.000650305827708048,-0.0017361009980462199,0.001249217926906967,-0.001458878566311436,0.023049648490120325,21.479899833441948,199.86741387083924,-187.41126481229276,0.003086308999749543,-0.13257672942503648,-0.16773184784779746,1.5288716819193294e-05,59.00813067386517,101.39259839106518,8.299883616225394,16.239042807491426,13.796052046861256,12.397504474035616,5.7925104305139245e-06,0.002588999570406633,274.82967707803203,0.21382256024731802
AURORA16_021,21,1601021,3.07984158317116,3.2905438464273254e-07,4.443406279475569e-06,2.917264466478575e-06,-1.4897673835071013e-06,0.0009836884043410877,-0.0004549376151652465,-0.000513169374211643,-0.00022205711621149714,0.017524205232283357,141.263093566416,97.78417304216157,31.142340653453772,-0.018907981311638983,-0.06285299912335596,-0.03967665190754713,1.4140966197728203e-05,35.09300454145938,105.83300399724307,6.406495348637884,12.475423604410802,5.001597666801369,14.779699373970255,5.520298740903706e-06,0.0007208470040037467,174.60484381273378,0.07669581450558131
AURORA16_022,22,1601022,3.4540420972379438,3.209423438466472e-07,8.863746853396874e-07,-1.3557457098065754e-06,3.1695038205200975e-06,0.0004715144083663505,0.0015200677490922747,0.0004600317310636758,7.959567347788979e-05,0.01940818002142667,-22.183028055321984,-39.34246663967096,155.95289817415699,-0.09939604371205107,0.05821033138365944,-0.17838464738825174,2.0014469627189206e-05,36.26991686501424,103.78228793551115,6.649160176855011,11.28090383602549,10.721495832201308,10.164539935512888,3.559418629602517e-06,0.0015901479889155901,162.36139585478995,0.21234193794263612
AURORA16_023,23,1601023,3.3442397705068085,9.996655222165067e-07,3.2596997148214753e-06,-3.210286812682453e-06,1.5462853053159885e-07,0.0007114694436501853,0.0018892750007326944,-0.0010313184485202752,0.000501679349950687,0.01653873511754587,48.45502953252287,-12.317287203298434,120.98499690877406,0.09300032478762021,-0.16169144202653496,0.13502965034740433,3.566273625600627e-05,46.25706089837727,107.6759773377049,7.992145451300096,14.496902906524229,12.133370098153698,12.877881167663148,4.577717076550759e-06,0.0022101266798124344,130.90826913553732,0.23027416118219912
AURORA16_024,24,1601024,2.833761876753861,5.324051301128902e-07,-2.347764860530581e-06,3.6230517033539157e-06,-2.045522343988731e-06,0.0003006454003915565,0.0003061654893116057,-0.0017779585307718428,-0.0006688512210915342,0.034114623210736106,113.01572590766528,-2.055273470502925,128.3568336433101,0.1380509095549768,0.11292667730054923,-0.07506670045060593,1.379467903415123e-05,51.824797257777306,105.31689334322712,8.235859698096014,16.356233074681587,12.407750360729672,12.167675596171996,4.777307311161283e-06,0.0019241194869200357,171.03290675893766,0.1935083915277055
AURORA16_025,25,1601025,1.8346107695594924,2.7706483153477666e-07,-1.0852849157423965e-06,1.6994429473299958e-06,-1.653809293342178e-06,0.0006364824530887838,-0.0006569122725149587,0.0006104334558773576,-0.0009782702059706377,0.011138757378802301,-192.86780009210275,126.40883991469423,77.91664640735297,-0.19287034677802942,0.10666606292063563,0.171299554996784,2.1227396223016675e-05,11.662872911649362,103.70318536604734,9.802022633715618,19.58764856619206,10.622195711640249,19.53561746466454,2.6078793795558487e-06,0.001327092812777228,243.40950455624073,0.27914182271268945
AURORA16_026,26,1601026,3.9790622232309247,4.485736731531746e-07,1.444287972897649e-06,-2.2239327580264923e-06,1.8284598588636969e-06,0.0006200706834893953,0.0010711725976381217,0.00034694308870229307,0.0007708553106975415,0.019787689802519305,43.0022640725241,58.4583972003648,172.48434001142311,-0.06008850503175753,0.127095986762092,0.1837942744949585,3.911792366871006e-05,77.37892031433825,102.2738669697623,5.088934782657967,19.213668516718588,14.218336996050052,10.934070166018685,3.221041775009441e-06,0.0013645505306728995,187.12943773702452,0.23139652898241486
AURORA16_027,27,1601027,3.8680801169127768,5.037817542242924e-07,3.870663101618988e-06,1.301714412594014e-07,2.2815335872628564e-06,0.0007736937078722462,-0.0005819377999563655,-0.0003360223643616195,-0.001943841869905854,0.03821128280970156,-68.29815905725783,1.4295623497627616,156.27114257707922,-0.14186379355021372,-0.09675762432478544,0.051892249946461744,1.2474313433880409e-05,67.5934529562739,106.25815062709175,6.883983702657538,15.523425547561109,13.162639579907479,19.86515944497446,4.494927469955749e-06,0.0020567167640606994,170.55014565068004,0.17938834797706352
AURORA16_028,28,1601028,1.5095422431739665,6.924949315814026e-07,1.8841003288208247e-06,1.2452163850665166e-06,-4.510454359115396e-06,0.0003874781840172305,-0.0012527639368206558,0.0014310383545024338,-0.001905519875084367,0.011951348717234935,-130.5873255675944,-188.57259209967842,-199.2262714597693,0.1496440842105251,0.15678707438792622,0.11034249285787373,2.33229278718211e-05,31.87539644648463,107.6002663281502,8.797739923269152,18.173475007108262,12.758866282221922,11.45556686727957,5.044263714395188e-06,0.0026922656347019257,303.81537046346136,0.24320979495986947
AURORA16_029,29,1601029,2.2733634343682674,6.882782209790327e-07,-2.864761131689386e-06,-3.7460614991312857e-07,2.4995236100183843e-06,0.0005852000759012312,0.0004944803744921121,0.001633668226039233,0.00015411359385548475,0.04338024597367713,-92.83184871797512,-103.27868700400857,195.435575063003,0.025633605290240558,-0.1308933375118736,0.1141634154768813,1.7701660130508262e-05,52.56240852627766,106.85927741970667,5.954302610454233,18.466744093591824,6.728545354909228,16.659466351349277,3.820314697276957e-06,0.0017138067899676109,239.74841673278192,0.17556603589111458
AURORA16_030,30,1601030,3.512198888954958,3.5525594426871355e-07,-4.09857641109125e-07,1.5319636324916477e-06,-1.92696698422449e-06,0.0008932477214155494,-0.0010480310819405932,0.0009192910321352415,-0.00017092960959295966,0.024611931645909,-152.92412417786562,161.43988920804674,-41.3746080869432,-0.07076974548889473,0.03525434507748998,0.08583282250263646,3.305847794005047e-05,53.79717206227915,107.37045407079702,8.415712691225462,15.699812342147991,9.364144068235884,17.630120057456132,2.49561567865402e-06,0.00140452201190065,226.18683378442216,0.11669832536148397
AURORA16_031,31,1601031,2.0316290961341106,3.363239609669975e-07,-2.045481293253851e-06,3.5419087162585278e-06,-3.833721914302327e-06,0.00026361505933905605,0.0007055114821319678,0.00037623052231859546,-0.00011890330971661678,0.018881402910272536,-195.93365421410059,151.08302487525611,-5.510492524581053,-0.049659596197196426,-0.029087753487824608,0.10313108167397933,3.280741128084288e-05,40.92955407311244,109.47356729448883,7.06740873053142,13.88464203917242,6.366932968807447,11.613255619416766,5.60593745876294e-06,0.0008083525557612439,247.48018665544006,0.11810246781791671
AURORA16_032,32,1601032,2.417627901389928,8.918329536797705e-07,-4.812046842772443e-07,6.683584184844579e-07,1.0033130454882552e-06,0.0005178055870372356,-0.00011901988353919357,0.0002828934900520148,0.0011563932175404751,0.022726424632169565,101.92181738061407,170.35084221201663,-145.60919426104826,-0.18044707226722737,-0.14818312467414868,0.01884843677724496,2.8165946742413035e-05,33.20776352495664,101.90339830758502,9.303987196930336,10.678666372699059,12.613862505326118,15.505753384912676,1.2980362055722197e-06,0.0011964279054607115,246.18997492558935,0.23425338396051842
AURORA16_033,33,1601033,2.545141755092127,3.1549992886670946e-07,-3.767772418414564e-06,2.4193612766142774e-06,4.503086920010355e-06,0.00031765007805552005,-0.0008322521012405217,-0.0002453316845288957,-0.0005542266220047065,0.028859910353141068,-101.38095521349797,-171.86345839940884,-164.4568149060072,-0.004609546077349702,0.04341378304940954,0.07384741448735954,2.8484872513731753e-05,44.79961113288986,102.73424090717663,6.14411759563818,11.101981197590524,13.711063768389414,19.81358797450639,6.350370839007321e-06,0.0010295622098697081,258.57530891799263,0.08578720825489246
AURORA16_034,34,1601034,3.2624767423454584,2.865905713561698e-07,1.0151557093315238e-06,4.833699271778621e-06,-4.813732186682774e-06,0.00081839227506064,0.0016116639720155524,0.0017593068558323399,0.0016639117588018214,0.03634034190167515,-50.528867967364135,177.38073202499277,45.03102426174573,-0.08250158232974264,-0.16919680341464616,0.14651609949574762,1.6502234806479895e-05,45.698504075807435,100.8256705906289,7.723673747801824,10.275621757071534,11.788623828394833,11.22432581137326,6.89689838472971e-06,0.0029088182673983934,189.8549018009478,0.2385393820401435
AURORA16_035,35,1601035,1.9049950795650845,6.395358537579609e-07,3.978038544911553e-06,-1.6531757764236282e-06,1.3967754332617824e-06,0.0002919477812099783,0.0009011973831510108,-0.0018829614241552758,0.001122317016879626,0.012662166298636151,135.94519371050558,-52.08078408558043,-151.3871406219451,0.06975614254062357,0.17731956604451515,-0.05932996845636454,2.9924598346573928e-05,43.2374031701688,108.95544807576258,5.3282082679644125,16.502433868196345,8.811155802341347,15.171235756747006,4.528660113490472e-06,0.0023700835290412607,210.02754607347177,0.19957002049755912
AURORA16_036,36,1601036,5.807967479587837,7.911889716897353e-07,1.7779446942913549e-06,4.6661215345311884e-07,3.5891379508623235e-06,0.0007916851566420724,-0.0005247111209185583,0.0019199003823972514,0.0018334213108694092,0.021276025604254217,-137.85462708446337,-186.20279458083945,-65.38287559964701,-0.030024028292205907,-0.1831610477740073,-0.0987374902847603,2.4087907856213232e-05,54.33568267572572,109.27158667142507,9.574519491942981,13.64098749194411,13.35995144892828,10.407787464220009,4.032458985287902e-06,0.002706062257579235,240.7286840822873,0.2102344017621676
AURORA16_037,37,1601037,5.323783722803921,3.0975551395061456e-07,3.3849093691391463e-06,5.304760151554079e-07,4.0138259567015975e-06,0.0003300377045689387,0.001242028636615457,-0.0011194304228895838,-0.0008998602676372957,0.01558284737515932,154.15665303077105,136.00318958540214,-45.75981247599324,-0.16231235889414258,0.010990046261201203,0.19557090846918374,1.1173626881868912e-05,37.86427878933631,106.94150552495024,6.757253748560947,13.279301855213166,9.181033781498403,14.273059329878464,5.277292397682037e-06,0.001898817554989386,210.6065091322926,0.25438958942155265
AURORA16_038,38,1601038,4.146904826324347,3.779746913016664e-07,-4.128466677573782e-06,1.3591486100611441e-06,-2.552648986530624e-06,0.0009506584698447841,-0.0016466948862135075,-0.0012753459499420918,0.0005864198447436222,0.047231481040610986,158.68743684351682,145.04524666374283,115.20211154978858,0.19814416181210442,0.18400501923295198,-0.13749212957021253,1.979779123941584e-05,72.02425894927622,100.97371880125299,6.494770867422857,13.542363421715045,7.079047520925252,18.047512049758552,5.040589142203922e-06,0.002163792867772825,243.90849246641878,0.3033529984306939
AURORA16_039,39,1601039,4.264953323879115,4.1395661502888926e-07,-1.1686775999424047e-06,-1.3565225387992635e-07,-5.707397303017388e-07,0.0005629172320354985,-0.0003538635498795935,-0.000301102568018469,0.000866951829959434,0.014499912481375351,-9.570692694219474,84.90167268080017,-8.899985700436304,0.0998177274123177,0.07659192729644754,0.17995975334707942,1.4358198143595756e-05,30.12297703536673,101.68250152006452,7.619199622302164,18.800264377465,6.235017480526016,13.587024726778267,1.3076515997522983e-06,0.000983609497651744,85.90169921551545,0.21958008757053935
AURORA16_040,40,1601040,4.169093852295141,6.573848097598501e-07,3.072444031141567e-06,-2.8232127909744614e-06,4.708691995481433e-06,0.0002889673397819896,-0.0013569967350104202,-0.0019488398297799589,0.0014417632218978104,0.022188514092936484,-31.28587305908536,-24.23729898042376,133.80935706671767,0.04292457117621945,0.08855644894993492,-0.044049279618378706,1.8326362725473796e-05,60.24134732712365,104.88313171258358,9.502987298939278,18.406734357428796,7.744277873404844,14.56887227953087,6.291440462718388e-06,0.0027781465060329113,139.5392294429921,0.10781976857785808
AURORA16_041,41,1601041,3.336568090802411,2.94041831414505e-07,-1.8974807705128305e-06,-1.0121371944370563e-06,1.486509855902301e-06,0.0008579473306651407,-0.00122042364558105,0.0015752469646176204,0.0019056989847522562,0.03340665885276788,-42.12489673287888,-94.24944765246583,36.16034447648474,0.15332121050310105,-0.04477644275228704,-0.007845884298202793,3.5093950873175904e-05,28.775844806961537,101.54688399691946,7.783385913365304,15.099353357589626,8.303924565811219,15.740609017221654,2.614300389496884e-06,0.0027572677589810073,109.38480616707535,0.15991835828354994
AURORA16_042,42,1601042,5.400578110690966,4.207653198916086e-07,2.150810739063746e-06,-4.3574576523846795e-06,1.2271066650630985e-06,0.00045211082683755955,0.0018293344473604319,0.00022929986236793886,0.00020709975727263704,0.01594043860290345,198.23102512188387,114.61977770731852,-100.82430110611222,0.12447485409745124,-0.10859015926440323,0.15377076785583044,1.012306625175694e-05,69.77144062707501,106.50639472950812,9.942772033062582,15.206958739032679,8.128330798426767,16.897689264705228,5.011907301122001e-06,0.0018552447969591068,250.19746692579454,0.22567955387810817
AURORA16_043,43,1601043,2.915706461731018,6.120505356071963e-07,7.138217119682454e-07,2.773030894770999e-06,2.584869338855764e-06,0.000964897354541821,-0.0017803098624101137,-0.0005786944043502606,0.0012769362516620677,0.030157130510022823,-176.61399645859169,-129.78717075809647,143.81023353763885,0.11262647343931736,0.1494913311829223,-0.01515591314271797,1.597693479949389e-05,20.640055474572,109.6292096338291,9.07773377917651,14.043513920210206,7.473597951436944,12.5701728445909,3.857562867768763e-06,0.0022660442649316877,262.1423214756003,0.1877820074485546
AURORA16_044,44,1601044,3.653499983266273,3.93595607474812e-07,4.654971556494089e-06,-8.118814973316853e-07,7.598700431947761e-07,0.0006331901536069283,-0.0018645164911481316,-0.000992204196397229,-0.0015575971333495143,0.014149543362659039,-69.96830306788911,188.09494876766132,99.19910294159388,0.1719160378966092,0.1942217524462887,-0.1409852235330637,3.0571000093377104e-05,77.77615722783074,100.74257182612274,5.783068208834541,10.43113405252864,6.468611402888235,19.142236226870516,4.785949669608256e-06,0.002624309383996147,223.8654399645601,0.2952186417962859
AURORA16_045,45,1601045,2.744398266296519,2.678174251686334e-07,-3.277771535792332e-06,2.0267638244398658e-06,-3.274684619771019e-06,0.0005338661082543202,-0.0011324531104465302,0.0013402799417180909,0.00034005486705464705,0.013199052581771361,-173.86470996228277,-31.689980839659626,100.61006797058673,-0.09317039498815212,-0.01543222554905177,-0.11925914824941429,3.703238444691776e-05,56.939069429452836,105.56272227161944,7.370660276744119,10.867766527233774,5.41658183452333,15.123211510730126,5.057184710871593e-06,0.0017872989906950161,203.3607091670679,0.15212370140389322
AURORA16_046,46,1601046,2.645498019481006,9.348727386525974e-07,-3.6434965123986632e-06,-1.9233663911694928e-07,-2.8705100046638754e-06,0.00037000043752184996,0.00102721941081681,0.00010909920619929514,-0.00046515519594010624,0.04469751508554105,32.79036278751684,137.82734320582625,-160.25924507591992,0.04752262352748354,-0.14246374113003146,0.06202289693223634,1.154936915020558e-05,28.056069083561237,103.34769399151497,6.986503935752136,11.455842227787336,5.942880562996683,11.831503521727273,4.642401092697983e-06,0.001132895278065113,213.9032726706568,0.16248432855991485
AURORA16_047,47,1601047,5.701187350370148,6.648085825901673e-07,-4.4842720653123106e-06,4.063094341829793e-06,-4.3756907059997174e-07,0.0009321993881320036,0.0019959534657021582,0.0018377674060411735,0.0017593049083334477,0.0171448303667739,127.32031707318811,-145.65846023351887,180.99572465775344,0.05779143140179033,-0.006624737646110629,0.018301888201686017,1.2216018808397852e-05,14.92033118898513,108.84094392548272,5.7620218512233095,13.377527412933185,10.172335859884715,14.86276117827521,6.067033729747621e-06,0.003233631555456175,264.9269758284385,0.06098111022353272
AURORA16_048,48,1601048,2.6307040121183785,9.771888091748455e-07,2.8737228694001553e-06,4.292598016800047e-06,-9.874856051367268e-07,0.00025016823555770875,3.916096292562758e-05,-0.0016852860237780145,-0.0011706430840315867,0.028216495539224135,-149.20838812621594,-193.8451819444462,-133.39804510909028,-0.1299168392051358,0.04646160973734048,0.002906571509338818,3.596837735020046e-05,79.83308811407078,100.58532290487639,6.562836331240959,10.573325834973152,9.840960877767897,10.5310763800817,5.2592593284892696e-06,0.002052346898833079,278.62902951635505,0.13800548701546958
AURORA16_049,49,1601049,3.9586326156052487,5.996536837669525e-07,-2.7805463434262824e-06,4.9133709812479095e-06,3.812705761520046e-06,0.0008779570621249418,0.001720636384154282,-0.000786544264535276,-0.0007628103811962432,0.012266543791542166,-110.96358838505303,-76.30786441742296,73.18812315596682,0.08597272564960717,0.15354763727980836,0.19134804128799698,1.2993142563127138e-05,42.018059767116355,101.21454341635678,9.71939895016673,18.620341111788044,13.996677239197318,16.250889220394427,6.812442850493388e-06,0.002039882625106067,153.27201143825394,0.25996588117402486
AURORA16_050,50,1601050,3.199666826009749,7.720642412980084e-07,3.429387740615039e-07,-4.141482888709678e-06,8.847034459298591e-07,0.0005559985319803961,-0.000877294288039855,-0.0006601282909082793,-0.0012213071157464988,0.0359126886830153,-31.084428697575675,-47.78408048290311,-13.479563171229756,-0.18430867567905204,0.12017697715034642,-0.08588602439114829,1.2085115143602845e-05,17.83949089053454,103.2017442326695,5.450359785397285,17.50417791189393,9.478488440720898,11.976538748760358,4.248786615902243e-06,0.001642256283062383,58.57694664574453,0.2361961112154004
AURORA16_051,51,1601051,2.9610429854882128,6.269063780172791e-07,2.7299502174034234e-06,-4.731861194062271e-06,4.569316626141898e-06,0.0007588308524360908,-0.00019859882580112727,-0.00040339552624086335,0.0009076327473035695,0.027210075776203647,2.2747014925890596,36.469393762818754,-127.93155000585801,0.023463569965055886,-0.18756285380789237,-0.1877330325353982,1.9395564160065963e-05,66.20344760763516,104.56400468254711,9.910911466162899,16.797555886036527,11.002860826773468,17.32281596772679,7.12192340448212e-06,0.0010129001175725842,133.04763220444497,0.26640956204498883
AURORA16_052,52,1601052,4.440936196869408,2.6007954954907374e-07,-2.2115493859042215e-06,-3.448518142058249e-06,4.577506820995625e-07,0.0006847030757191132,-0.00028924767255001033,4.347906264624748e-05,-0.001685206474637773,0.013140328280100842,89.88861501859924,123.41845340975868,7.502679269176525,0.1302008117495122,-0.07626442723652692,-0.19962649178926992,1.4512236079024652e-05,6.472635031198195,100.04559941535386,6.824403725675541,16.666771733334297,8.723562286856447,12.670269263181188,4.122228007929793e-06,0.0017104021477784882,152.86715784704984,0.2502383872750919
AURORA16_053,53,1601053,4.8965004162581005,3.6647740517578966e-07,1.6348552987500964e-06,2.5836950337861758e-06,3.292896242634831e-06,0.0003586187565396061,0.0013959865244353399,0.0007575936807057322,0.0017470145389962364,0.03107607481210813,-59.66843836878172,168.27863486402669,-29.180858831527758,-0.10170411768562643,-0.019706332289748857,0.14222873034995687,1.1143114093303834e-05,56.50532622984925,100.1890537735231,8.54990777787784,17.780126815852647,5.541703924595343,16.15117573732237,4.493483897848217e-06,0.0023610985495981637,180.91308413493778,0.17595760518797274
AURORA16_054,54,1601054,2.133304563227971,5.628427825343655e-07,-3.522203910034343e-06,-3.0475177622572324e-06,-2.675120836710451e-06,0.0002756028367967197,0.0014636588053639735,-0.0001727067104427976,0.0015978812068602154,0.04925869549347206,83.38991481878463,100.13940749051437,-179.37069103935602,-0.1975626425726882,-0.17821907715468427,0.09434901719692207,1.5493684644380755e-05,25.72081244119089,103.47569091450787,8.94959899567421,11.89229565807396,9.60503533965425,17.444937605240447,5.371178305189371e-06,0.002173786801318962,221.7106754984332,0.28230262883684976
AURORA16_055,55,1601055,2.114769205694242,9.113027236788953e-07,-3.650548379318291e-08,1.041822898584128e-06,-3.043915927660996e-06,0.00048294527650044947,0.0016831991886461497,0.0017025185459196663,1.1077150094553501e-05,0.04802209387451047,-161.7294517208071,-92.06505800493554,140.53986770652062,0.07886678690893595,-0.05414982759125572,0.00989950126256306,2.684798103869047e-05,9.352935259709266,103.08561003598733,8.881133007990908,14.56624919241191,13.451447241672842,18.322437596654037,3.217475994786832e-06,0.0023941285702972783,233.2034409573138,0.09617782504688759
AURORA16_056,56,1601056,3.620434934839022,8.118716175054518e-07,-4.843776565046044e-06,-3.897652343021749e-06,6.186889908139053e-07,0.0008245452122950292,0.0005083801909591301,0.000151139629156998,-0.00109594900385818,0.011520254177542062,-75.45796432675577,45.65324570546329,-20.335513136031437,0.05417656328802606,0.006147245062274376,0.07687617839935545,3.1521773102714e-05,71.36257861334309,109.17573193843582,5.2863566034250615,10.029227984568742,10.031245329987161,13.173791648140663,6.247930958846017e-06,0.0012175376072709595,90.50776938079436,0.09424879541323951
AURORA16_057,57,1601057,1.5469959475794777,5.7783005695214e-07,3.7080195687626106e-06,4.4483085684724275e-06,-2.81966237848114e-07,0.0006715747923124864,-3.0995299066156196e-05,-0.0009256027211789752,-0.0002835497509007256,0.0146192006880961,56.76935437844605,56.071536016190635,188.9200801726151,-0.0761718910824295,-0.10443662641959507,-0.15939803509861283,3.962946729370286e-05,64.9801523902891,104.80627797039119,9.261408473795314,14.090162055329467,5.7070569705162315,18.62499188309924,5.797961986936263e-06,0.0009685564347285024,205.07943202619776,0.20522402277091778
AURORA16_058,58,1601058,5.9680207194293,5.875083270410722e-07,-4.808433162645555e-06,3.1540500076322377e-06,1.8698883896981675e-07,0.0005720324348505219,-0.0014781377602149986,-0.0011430645668809732,0.00042396518888140975,0.017994123168177806,191.25530550004095,-121.46724199209405,-120.17184196195421,0.015698872498849964,0.09806884177666347,-0.07138138173618633,1.4985903386680242e-05,5.312294314348987,104.45752712436939,5.620964507677783,12.193091538111236,7.962930882600271,14.459235841646652,5.753609802217538e-06,0.001916046534825146,256.4647234213876,0.122308029105691
AURORA16_059,59,1601059,4.827072962447457,4.6607730725518956e-07,2.4111880780681007e-06,4.54233580382846e-06,-1.7634806409514766e-06,0.0004949575742294102,0.0008580172748018106,-0.0004526495937684119,-0.001818346860492112,0.02503608891281672,165.3699201163679,38.278780339867836,-87.279732532271,0.11177713811566287,-0.1537478618980788,0.16721694912278456,3.7782197242784116e-05,63.37076565445473,104.07449663172005,6.078847182066985,19.840725237159702,13.025826532391495,17.046875044772847,5.436589599516439e-06,0.0020609392527822248,190.86704067100354,0.25316801084949614
AURORA16_060,60,1601060,4.996425605314009,5.398704993875038e-07,1.3106587017681793e-06,-2.5171457015932137e-06,4.220403221867267e-06,0.00043971501956167035,-0.0014334640081154026,-9.622540703965667e-05,0.0013787347906837966,0.010150588668206083,-45.26484866123482,92.29834719324077,-94.12336657062126,0.16822363549349334,0.06371414210965787,-0.003371151314135512,1.0565171910523675e-05,48.579348808051975,108.39001053256693,6.270922240175081,12.654273266497269,14.54198005269536,13.108132117552328,5.0858285530203874e-06,0.001991227765617011,139.38113055043016,0.17991678105335307
AURORA16_061,61,1601061,4.344657201568773,5.151868170798785e-07,-2.522368172280153e-06,1.8149000469683778e-06,-1.3425049772749122e-06,0.00030820430106811355,0.0018017919675582007,-0.0013748768142975564,-0.0005704755807888538,0.027505594463761603,-16.063955778355023,-131.79951333544284,-91.20872333093739,-0.04297714447210349,0.14146080059268473,-0.05172408352402977,1.1831680600416185e-05,16.556122219965882,106.20564069888972,5.8730647514698715,19.99243215909189,12.312362756487065,13.833429819028876,3.3850440161134764e-06,0.002337131347855022,161.08443004327887,0.15663196949441763
AURORA16_062,62,1601062,1.6002287413238259,3.993373675652968e-07,-7.519621542137245e-07,-3.993378911459855e-06,1.914835410898785e-06,0.0003971067347668898,-0.0018978881869156062,-0.0015677833491365618,0.0012065759119982708,0.04063525867599299,-184.80938423279895,-25.679052765429674,-113.23627149244334,-0.16487882538265472,-0.060266593235660665,0.12950302429075783,1.3330447012372341e-05,19.13970826301485,102.46783128361933,8.656573679454585,12.915289085498348,7.64205404467446,19.25218116006291,4.492117191558337e-06,0.0027414867556269755,218.25758963423556,0.21814702065407435
AURORA16_063,63,1601063,2.2502537882746516,5.453122982573766e-07,1.986424773111058e-08,-2.12491155821878e-06,-1.1279313928076876e-06,0.00034480299721830745,-0.0007001382471396663,0.0014610319542871877,-0.0012730376636739594,0.030656035544479904,51.18234485877946,-179.37712550130712,165.78079147926815,0.15785353746099678,0.054943446840985344,-0.11490963428702472,2.4993535499395308e-05,68.70217473402359,105.98354222001376,7.968506280263825,15.91693987223928,11.661321659096586,15.885648029360954,2.405799855655241e-06,0.0020604448135508255,249.55772158329884,0.20283181627076227
